# Spec: Passage Playtester — AI plays & evaluates the Passage choice layer

## Context

Passage mode v1 just shipped (PR #46, merged). It adds a branching-choice layer
over the journey engine: signature encounters (`ford` / `bandits` / `fever`) in
terrupt
travel and present 2–3 choices with distinct supply/time outcomes (see
`web/src/utils/passage.ts` → `SIGNATURE_CHOICES`, `passageAct`, `passageChoose`
).

The existing **sim harness** (`scripts/sim/`) plays the *engine* — base actions
(continue/rest/force-march/ration/reroute/turn-back) via policies, and computes
"fun" metrics (mode-regret, pivot-rate, surprise-rate, recovery-distance in
`sim-fun-report.ts`). **It never touches the Passage choice layer.** When a sig
nature
encounter fires in a sim run, no choice is made — it passes as a flat cost. The
only
thing exercising the choices is a Playwright smoke test that blindly clicks opt
ion #0
and asserts nothing.

A hand-watched playthrough (prototype: `scripts/sim/passage-playthrough.ts`) su
rfaced
three concrete problems in five minutes:
1. **Repetition** — when a signature key fires ≥2× in one crossing, the choices
AND the
   outcome prose are word-for-word identical (the bandit-chief "knows your mani
fest" twice).
2. **Coverage gap** — the most dramatic written encounters (Basin customs raid,
plague
   quarantine) are severe but NON-interactive flavor; only ford/bandits/fever b
ranch.
3. **Balance variance** — default supply on the Highland-Steppe Corridor perish
es ~day 12
   (thirst) *before any choice happens*; caravan supply arrives comfortably.

**Goal:** extend the harness so an AI plays the choice layer at scale and repor
ts whether
the choices are mechanically meaningful and balanced — and reproduces those thr
ee findings
automatically. Plus keep the readable single-run journal emitter for felt-fun s
pot-checks.

This is a private GM tool (audience = the author's table). "Fun" here means: do
choices
*matter* (change outcomes), are they *differentiated* (real tradeoffs), is none
*dominant*
(a fun-killer) or *dead* (never worth taking). Felt dread is judged by reading 
the journal,
not measured.

## Non-negotiable design decisions (Opus-decided — implement, do not redesign)

1. **No cloning of `JourneyState`/`PassageState`.** `JourneyState` holds `graph
` (huge) and
   `resupplyTierFor` + `biomeForEdge` (functions) — `structuredClone` throws on
functions and
   is ruinous on the graph. `passageAct`/`passageChoose`/`nextDay` are PURE on 
their input
   (they spread into new objects and never mutate the passed-in state; the engi
ne RNG is
   seeded from `routeSeed`+day, so replays are deterministic). Therefore **fork
by calling the
   pure functions repeatedly from the same state object** — `passageChoose(S, 0
)`,
   `passageChoose(S, 1)`, … each returns an independent result. Do NOT add clon
e helpers.
   (Confirm with the determinism unit test below; if any impurity is discovered
, STOP and
   flag it — do not work around it with cloning.)

2. **Engine + `passage.ts` stay byte-for-byte unchanged.** All work is additive
under
   `scripts/sim/` and `web/package.json` scripts. `git diff` must touch only th
ose.

3. **Counterfactual fork is the measurement.** To evaluate choices for one sign
ature
   *instance* (a specific (crossing, day) where a choice was presented): from t
he pending
   state, fork every branch, then continue each fork to a terminal outcome with
a FIXED
   downstream policy (the `cautious` choice policy + `survive` base policy belo
w). Record per
   branch: `outcome` (arrived/aborted/perished), `finalRations`, `finalWater`, 
`totalDays`.
   Comparability requires the downstream policy be identical across a given ins
tance's forks.
   **Known/accepted confound:** the downstream `survive` policy rations at supp
ly ≤2, and
   rationing on the exact engine-day a *later* signature is bucketed will skip 
that signature
   (`ration` does not set `pending`). Branch continuations may therefore differ
in which
   subsequent choices they reach. Realistic and accepted — adds noise to deep m
ulti-choice
   crossings but does not affect the first-instance measurement. Do not try to 
"fix" it.

## Deliverables (files)

### `scripts/sim/passage-run.ts` (shared code path — mirror `run-journey.ts` st
yle)
- `makePassageOpts(graph, from, to, season, mode, supply, party)` → `JourneySta
teOpts | null`
  (reuse `findRouteWithFallback` from journey-graph + `getResupplyTier` from `r
un-journey.ts`).
- Types: `ChoicePolicy = (pending: PendingEncounter, journey: JourneyState) => 
number` and
  `BasePolicy = (state: PassageState) => Action`.
- `playPassage(state, basePolicy, choicePolicy)` → `{ state, choices: ResolvedC
hoice[] }` where
  `ResolvedChoice = { key: string; day: number; chosenIndex: number; offered: n
umber }`. Loops:
  if `state.pending`, call `choicePolicy` → `passageChoose`; else `passageAct(s
tate, basePolicy(state))`;
  stop on terminal outcome, no-op (returned same ref), or a safety cap of `(tot
alDays+1)*3`.
- `forkInstance(pendingState, downstreamBase, downstreamChoice)` → `BranchOutco
me[]`, one per
  choice index: continue each `passageChoose(pendingState, i)` to terminal via 
`playPassage`'s
  loop using the downstream policies. `BranchOutcome = { index; label; risk; ou
tcome;
  finalRations; finalWater; totalDays }`.
- `walkWithForks(state, baseline policies, downstream policies)` → walks the ba
seline once and,
  at EACH pending encounter, records the instance + its `forkInstance` results,
THEN resolves the
  pending with the baseline choice policy and continues (so one crossing yields
all its instances).
  Returns `{ finalState, instances: Instance[] }` where
  `Instance = { key; day; offered; branches: BranchOutcome[]; baselineChosen: n
umber }`.
- Also expose `signatureKeysInState(state)` (the ford/bandits/fever keys bucket
ed) and a
  `countSignatureFiresPerCrossing` helper for the repetition metric.

### `scripts/sim/passage-policies.ts`
Choice policies (all pure `(pending, journey) => index`):
- `first` — always 0 (matches the smoke test; the naive baseline).
- `cautious` — avoid `grave` risk; else minimize `(-rationsDelta) + 1.5*(-water
Delta) + 0.5*daysDelta`
  (water weighted heavier; waiting a soft cost). [This is the prototype's polic
y — reuse it.]
- `aggressive` — prefer the lowest `daysDelta` (press on / fight), tie-break lo
west supply hit.
- `spendy` — prefer the option with NO `daysDelta` even at higher supply cost (
pay to keep moving).
Base policies `(PassageState) => Action`:
- `survive` — `ration` when `waterLeft <= 2 || rationsLeft <= 2`, else `continu
e`. Never turn back.
- `headlong` — always `continue`.
Export a `getChoicePolicy(name)` / `getBasePolicy(name)` registry (mirror `poli
cies.ts:getPolicy`).
DOWNSTREAM fork policy is fixed = (`survive`, `cautious`).

### `scripts/sim/sim-passage-report.ts` (the batch evaluator → writes `output/s
im/passage-report.md`)
Grid: all ordered civ-pairs (the 6 civs in `passage-playthrough.ts`) × 4 season
s ×
modes `['direct','cheapest']` × supply presets `{ standard: 12/6 none, caravan:
12/6 caravan }`.
CLI flags: `--limit N` (cap crossings, default 200 — and **`log()`/stderr the c
ap so dropped
coverage is never silent**), `--seasons`, `--modes`, `--out <path>`. Baseline w
alk policy =
(`survive`, `cautious`); fork downstream = (`survive`, `cautious`). For each cr
ossing run
`walkWithForks`, accumulate instances, and emit a markdown report (style after 
`sim-fun-report.md`)
with these sections — each metric defined precisely:

- **Per-signature-key branch table** (one table per key). Across all instances 
of key K, per
  branch index/label: completion % (`outcome==='arrived'`), median finalWater, 
median finalRations,
  median totalDays, and ending distribution (`arrived/aborted/perished` counts)
. N instances noted.
- **Dominance** (per key): for each instance, a branch *dominates* if it is ≥ e
very other branch on
  ALL of {arrived(1/0), finalWater, finalRations}. If the same branch index dom
inates in ≥ **80%**
  of K's instances → flag **DOMINANT CHOICE (fun-killer)**. A branch that is be
st-on-no-axis in ≥80%
  → flag **DEAD CHOICE**. Report the per-branch dominance frequency. **Dominanc
e deliberately
  ignores the `totalDays` axis** (a choice that is faster at equal supply will 
NOT flag as
  dominant); under slack-supply arrivals, *differentiation* + *outcome-impact* 
are the informative
  metrics, not dominance. Accepted — do not add a days term to the dominance te
st.
- **Outcome-impact** (per key): fraction of instances whose branches yield ≥2 d
istinct `outcome`s.
  Report the number honestly; <**10%** → note "choices rarely change the ending
here (often slack
  supply)". This is descriptive, not a failure.
- **Differentiation** (per key): median across instances of (max−min) finalWate
r and finalRations
  across branches. Near-zero → "undifferentiated".
- **Repetition**: a signature key "fires" = is bucketed in a crossing's initial
`encountersByDay`
  (a content property of the schedule, supply-independent — count it from the i
nit state, not from
  what the party survives to reach). Report the distribution of fires-per-key-p
er-crossing and the
  rate of crossings where any key fires ≥2× (→ identical prose on the repeat).
- **Severe-beat coverage**: over ALL encounters generated in the batch (walk `e
ncountersByDay` of each
  crossing's initial state), count `moderate`+`severe` encounters whose `key` i
s NOT in
  `SIGNATURE_CHOICES` vs those that are; list the top ~10 non-interactive sever
e/moderate beats by
  frequency (group by `narrative`). This surfaces juicy beats that aren't choic
es.
- **Death-march rate**: per (supply preset × mode), fraction of crossings that 
reach a terminal
  `aborted`/`perished` WITHOUT ever presenting a signature choice (i.e. `instan
ces.length===0` AND
  not arrived). The "choices never happen" rate.

### `scripts/sim/passage-playthrough.ts` (already exists — generalize, keep)
Promote the prototype to the journal emitter: accept optional `--from --to --se
ason --mode`; with
no args, auto-pick a choice-rich arrived crossing (current behavior). Keep the 
readable story output
(collapsing uneventful stretches, full prose for choices/waits/endings). No new
prose authored; if
any in-world text is emitted, keep it em-dash-free (worldbuilder VOICE-SPEC Opt
ion B).

### Tests — `scripts/sim/passage-run.test.ts` (Vitest, node env, sibling-to-cod
e per repo convention)
- **Determinism of fork**: pick a fixed (from,to,season,mode) known to present 
a choice; run
  `forkInstance` twice on the same pending state; assert identical `BranchOutco
me[]` (proves the
  no-clone purity assumption).
- **Metric calc on a synthetic instance**: construct a tiny set of `BranchOutco
me[]` and assert the
  dominance / differentiation / impact computations are correct (pure functions
— extract them so
  they're unit-testable without running journeys).
- **Known-finding regression** — run these EXACT crossings DIRECTLY in the test
(build the opts and
  init/walk them yourself), NOT via the `--limit` grid, so a grid slice can nev
er make the guarantee
  pass or fail by luck:
  - **Kheshkai → Irrah, winter, direct** — its initial `encountersByDay` bucket
s the `bandits` key
    ≥2× (the repetition metric is a content property of the schedule, supply-in
dependent), and its
    generated encounters include the "Basin customs raid" and "Plague-quarantin
e" narratives in the
    NON-interactive (`key`-less) severe set.
  - **Kheshkai → Qollari, spring, direct, standard supply (12/6, packAnimals no
ne)** — playing it
    with (`survive`,`cautious`) reaches a terminal `perished`/`aborted` having 
presented ZERO
    signature choices (the death-march: choices never happen).

### `web/package.json` scripts
- `"sim:passage": "vite-node ../scripts/sim/sim-passage-report.ts --"`
- `"sim:passage-play": "vite-node ../scripts/sim/passage-playthrough.ts --"`

## Acceptance criteria (all must hold)

1. `npm run sim:passage-play` exits 0 and prints a journal that reaches ≥1 sign
ature choice and an ending.
2. `npm run sim:passage -- --limit 60` exits 0 and writes `output/sim/passage-r
eport.md` containing ALL
   sections above (per-key branch tables, dominance flags, outcome-impact, diff
erentiation, repetition,
   severe-beat coverage, death-march-by-preset).
3. Fork determinism unit test passes (same instance → identical branch outcomes
).
4. Known-finding regression passes on the PINNED crossings (run directly, not g
rid-sliced):
   Kheshkai→Irrah winter/direct buckets `bandits` ≥2× and lists customs-raid + 
plague-quarantine as
   non-interactive severe beats; Kheshkai→Qollari spring/direct/standard-supply
terminates
   perished/aborted with zero choices presented.
5. `git diff` touches ONLY `scripts/sim/**` and `web/package.json`. Engine, `pa
ssage.ts`, and all of
   `web/src/**` source are unchanged. No `structuredClone` of journey/passage s
tate anywhere.
6. `tsc -b` clean; new unit tests pass; the existing full unit suite (922 tests
) still passes.
7. Any silent coverage cap (the `--limit`) is logged to stderr with the dropped
count.

## Delegation
- **Opus (me) keeps:** this spec, the fork methodology, the metric definitions/
thresholds, final
  review + ownership.
- **Delegable to Kimi:** all implementation — the runner, policies, report aggr
egation/formatting,
  generalizing the playthrough script, and the tests, against the precise defin
itions above.

## Out of scope (v1 of the playtester)
- Fixing the three findings themselves (vary repeated prose, promote customs-ra
id/plague to signature
  choices, Highland-Steppe resupply) — those are separate Passage v1.1 work the
report will inform.
- Reroute interactions with choices. Driving the real UI (Playwright) — the hea
dless seam is enough.

---

## Clarifications (adjudicated from the Kimi spec review — these OVERRIDE anyth
ing vaguer above)

**Read these source files first** (they define every type/field referenced belo
w; do not
reverse-engineer): `web/src/utils/passage.ts` (the seam + `EncounterChoice`, `P
endingEncounter`,
`PassageState`, `PassageEntry`, `SIGNATURE_CHOICES`), `web/src/utils/journey-da
ys.ts`
(`JourneyState`, `Action`, `nextDay`), `web/src/utils/encounters.ts` (`Encounte
r`), and the
committed prototype `scripts/sim/passage-playthrough.ts` (working `chooseCautio
us`, scan/auto-pick,
and journal formatting — reuse it, don't rewrite from scratch).

**Type & field reference (authoritative):**
- `PassageState = { journey: JourneyState; log: PassageEntry[]; extraDays: numb
er; pending: PendingEncounter | null; outcome: 'in-progress'|'arrived'|'aborted
'|'perished' }`. It WRAPS `JourneyState` (not a subtype).
- `PendingEncounter = { encounter: Encounter; choices: EncounterChoice[] }`.
- `EncounterChoice = { label: string; outcome: { rationsDelta?: number; waterDe
lta?: number; daysDelta?: number; narrative: string; risk?: 'none'|'minor'|'gra
ve' } }`. Deltas are usually negative. Absent delta = 0.
- The choice-policy cost terms map exactly to `choice.outcome.rationsDelta/wate
rDelta/daysDelta`.
- `BranchOutcome.label` = the chosen `EncounterChoice.label`; `BranchOutcome.ri
sk` = `choice.outcome.risk ?? 'none'`.
- Safety cap (P1, P15, P28): `JourneyState.totalDays` is the field. **Snapshot 
the cap ONCE before the loop** as `const cap = (state.journey.totalDays + 1) * 
3` — do NOT re-evaluate inside the loop (it must not grow with synthetic wait d
ays). The PRIMARY terminator is the terminal `outcome`; the same-ref no-op chec
k (`passageAct`/`passageChoose` return the identical input ref on no-op — verif
ied in `passage.ts`) is secondary; `cap` is the backstop.
- `Encounter.severity: 'mild'|'moderate'|'severe'` and `Encounter.key?: string`
. A "signature" encounter = `key` present in `SIGNATURE_CHOICES` (ford/bandits/
fever). "Non-interactive severe beat" = `severity` in {moderate,severe} AND `ke
y` not in `SIGNATURE_CHOICES`.

**Policy tie-breaks (P4, P5):** define `weightedHit(c) = (-(c.outcome.rationsDe
lta ?? 0)) + 1.5*(-(c.outcome.waterDelta ?? 0))`.
- `aggressive`: pick min `daysDelta`; tie-break min `weightedHit`; final tie-br
eak lowest index.
- `spendy`: among options with `daysDelta` falsy/0 pick min `weightedHit` (lowe
st index on tie); if none have 0 days, fall back to min `daysDelta`.
- `cautious`: exactly the prototype's `chooseCautious` (avoid grave; else min `
weightedHit + 0.5*daysDelta`; lowest index on tie).

**CLI (P6, P22, P30):** `--seasons` / `--modes` take comma-separated lists that
FILTER the grid
(e.g. `--seasons spring,summer`). `--out` overrides the output path. **Default 
= the FULL grid (no
cap)**; `--limit N` is the opt-in fast path and, when it truncates, must stderr
-log
`"capped: ran N of M crossings"`. Resolve the default output path to `<repoRoot
>/output/sim/passage-report.md`
via `import.meta.url` (mirror `run-journey.ts:loadGeojson`), NOT relative to cw
d.

**Metric precisions:**
- *Median* (P18): sort ascending; even count → mean of the two middle values.
- *Repetition* (P10, P26): count per SINGLE signature key from the crossing's I
NITIAL `encountersByDay` (supply-independent, not what the party survives to). 
"≥2×" = the SAME key bucketed twice or more. Report per-key distribution + the 
rate of crossings with any same-key ≥2×.
- *Death-march* (P9): group by (supply preset × mode). Denominator = ALL crossi
ngs in that group that produced a route (null-route pairs are skipped and count
ed nowhere, P8/P24). Numerator = those whose terminal `outcome` is `perished`/`
aborted` AND that presented ZERO signature choices.
- *Severe-beat coverage* (P25): list EXACTLY the top 10 non-interactive moderat
e+severe beats by frequency (group by `narrative`), tie-break alphabetical by n
arrative.
- *Markdown safety* (P23): in any table cell, replace `|`→`\|` and collapse new
lines to spaces.
- *Report limitation note* (P27): the report must state that baseline + downstr
eam both use (`survive`,`cautious`), so it measures choice quality UNDER THAT P
OLICY, not under all policies.

**Determinism test — strengthen (P13, P14, P19):** cover THREE pinned instances
(one each of ford,
bandits, fever — pick crossings/seasons that bucket each). For each: (a) `forkI
nstance` twice → identical
`BranchOutcome[]`; (b) assert the source pending state's `journey.rationsLeft`/
`waterLeft`/`dayNum` are
UNCHANGED after forking (proves no cross-branch mutation — the load-bearing no-
clone guarantee). Auto-pick
(P19) is deterministic already (fixed scan order + seeded engine), so criterion
1 is reproducible.

**`ResolvedChoice` (P17):** `playPassage` returns the choices it actually made,
used by the journal
emitter and to populate `Instance.baselineChosen`. If genuinely unused by a cal
ler, omit it rather
than carry dead shape.

**Acceptance criteria adjustments:**
- (P11/P12) Criterion 2: run the report acceptance with the FULL grid (or a lim
it large enough that
  it is non-empty); the report MUST contain ≥1 instance in the `bandits` per-ke
y table and a non-empty
  severe-beat list, else fail. The hard GUARANTEES live in the pinned direct-ru
n regression (criterion 4),
  not the aggregate; the aggregate is best-effort coverage with the cap logged.
- (P21) Criterion 6: "the existing full unit suite still passes with no new fai
lures" — drop the hard 922 count.
- (P20) Criterion 5 (diff scope) is verified by Opus at diff-review, not by a u
nit test — keep it as a hard gate regardless.
- (P29) The playthrough emitter authors NO new in-world prose (it prints existi
ng `narrative` strings),
  so VOICE-SPEC/em-dash is effectively N/A; simply do not introduce em-dashes i
n any emitted string.
TurnBegin(
    user_input='# Spec: Passage Playtester — AI plays & evaluates the Passage c
hoice layer\n\n## Context\n\nPassage mode v1 just shipped (PR #46, merged). It 
adds a branching-choice layer\nover the journey engine: signature encounters (`
ford` / `bandits` / `fever`) interrupt\ntravel and present 2–3 choices with dis
tinct supply/time outcomes (see\n`web/src/utils/passage.ts` → `SIGNATURE_CHOICE
S`, `passageAct`, `passageChoose`).\n\nThe existing **sim harness** (`scripts/s
im/`) plays the *engine* — base actions\n(continue/rest/force-march/ration/rero
ute/turn-back) via policies, and computes\n"fun" metrics (mode-regret, pivot-ra
te, surprise-rate, recovery-distance in\n`sim-fun-report.ts`). **It never touch
es the Passage choice layer.** When a signature\nencounter fires in a sim run, 
no choice is made — it passes as a flat cost. The only\nthing exercising the ch
oices is a Playwright smoke test that blindly clicks option #0\nand asserts not
hing.\n\nA hand-watched playthrough (prototype: `scripts/sim/passage-playthroug
h.ts`) surfaced\nthree concrete problems in five minutes:\n1. **Repetition** — 
when a signature key fires ≥2× in one crossing, the choices AND the\n   outcome
prose are word-for-word identical (the bandit-chief "knows your manifest" twice
).\n2. **Coverage gap** — the most dramatic written encounters (Basin customs r
aid, plague\n   quarantine) are severe but NON-interactive flavor; only ford/ba
ndits/fever branch.\n3. **Balance variance** — default supply on the Highland-S
teppe Corridor perishes ~day 12\n   (thirst) *before any choice happens*; carav
an supply arrives comfortably.\n\n**Goal:** extend the harness so an AI plays t
he choice layer at scale and reports whether\nthe choices are mechanically mean
ingful and balanced — and reproduces those three findings\nautomatically. Plus 
keep the readable single-run journal emitter for felt-fun spot-checks.\n\nThis 
is a private GM tool (audience = the author\'s table). "Fun" here means: do cho
ices\n*matter* (change outcomes), are they *differentiated* (real tradeoffs), i
s none *dominant*\n(a fun-killer) or *dead* (never worth taking). Felt dread is
judged by reading the journal,\nnot measured.\n\n## Non-negotiable design decis
ions (Opus-decided — implement, do not redesign)\n\n1. **No cloning of `Journey
State`/`PassageState`.** `JourneyState` holds `graph` (huge) and\n   `resupplyT
ierFor` + `biomeForEdge` (functions) — `structuredClone` throws on functions an
d\n   is ruinous on the graph. `passageAct`/`passageChoose`/`nextDay` are PURE 
on their input\n   (they spread into new objects and never mutate the passed-in
state; the engine RNG is\n   seeded from `routeSeed`+day, so replays are determ
inistic). Therefore **fork by calling the\n   pure functions repeatedly from th
e same state object** — `passageChoose(S, 0)`,\n   `passageChoose(S, 1)`, … eac
h returns an independent result. Do NOT add clone helpers.\n   (Confirm with th
e determinism unit test below; if any impurity is discovered, STOP and\n   flag
it — do not work around it with cloning.)\n\n2. **Engine + `passage.ts` stay by
te-for-byte unchanged.** All work is additive under\n   `scripts/sim/` and `web
/package.json` scripts. `git diff` must touch only those.\n\n3. **Counterfactua
l fork is the measurement.** To evaluate choices for one signature\n   *instanc
e* (a specific (crossing, day) where a choice was presented): from the pending\
n   state, fork every branch, then continue each fork to a terminal outcome wit
h a FIXED\n   downstream policy (the `cautious` choice policy + `survive` base 
policy below). Record per\n   branch: `outcome` (arrived/aborted/perished), `fi
nalRations`, `finalWater`, `totalDays`.\n   Comparability requires the downstre
am policy be identical across a given instance\'s forks.\n   **Known/accepted c
onfound:** the downstream `survive` policy rations at supply ≤2, and\n   ration
ing on the exact engine-day a *later* signature is bucketed will skip that sign
ature\n   (`ration` does not set `pending`). Branch continuations may therefore
differ in which\n   subsequent choices they reach. Realistic and accepted — add
s noise to deep multi-choice\n   crossings but does not affect the first-instan
ce measurement. Do not try to "fix" it.\n\n## Deliverables (files)\n\n### `scri
pts/sim/passage-run.ts` (shared code path — mirror `run-journey.ts` style)\n- `
makePassageOpts(graph, from, to, season, mode, supply, party)` → `JourneyStateO
pts | null`\n  (reuse `findRouteWithFallback` from journey-graph + `getResupply
Tier` from `run-journey.ts`).\n- Types: `ChoicePolicy = (pending: PendingEncoun
ter, journey: JourneyState) => number` and\n  `BasePolicy = (state: PassageStat
e) => Action`.\n- `playPassage(state, basePolicy, choicePolicy)` → `{ state, ch
oices: ResolvedChoice[] }` where\n  `ResolvedChoice = { key: string; day: numbe
r; chosenIndex: number; offered: number }`. Loops:\n  if `state.pending`, call 
`choicePolicy` → `passageChoose`; else `passageAct(state, basePolicy(state))`;\
n  stop on terminal outcome, no-op (returned same ref), or a safety cap of `(to
talDays+1)*3`.\n- `forkInstance(pendingState, downstreamBase, downstreamChoice)
` → `BranchOutcome[]`, one per\n  choice index: continue each `passageChoose(pe
ndingState, i)` to terminal via `playPassage`\'s\n  loop using the downstream p
olicies. `BranchOutcome = { index; label; risk; outcome;\n  finalRations; final
Water; totalDays }`.\n- `walkWithForks(state, baseline policies, downstream pol
icies)` → walks the baseline once and,\n  at EACH pending encounter, records th
e instance + its `forkInstance` results, THEN resolves the\n  pending with the 
baseline choice policy and continues (so one crossing yields all its instances)
.\n  Returns `{ finalState, instances: Instance[] }` where\n  `Instance = { key
; day; offered; branches: BranchOutcome[]; baselineChosen: number }`.\n- Also e
xpose `signatureKeysInState(state)` (the ford/bandits/fever keys bucketed) and 
a\n  `countSignatureFiresPerCrossing` helper for the repetition metric.\n\n### 
`scripts/sim/passage-policies.ts`\nChoice policies (all pure `(pending, journey
) => index`):\n- `first` — always 0 (matches the smoke test; the naive baseline
).\n- `cautious` — avoid `grave` risk; else minimize `(-rationsDelta) + 1.5*(-w
aterDelta) + 0.5*daysDelta`\n  (water weighted heavier; waiting a soft cost). [
This is the prototype\'s policy — reuse it.]\n- `aggressive` — prefer the lowes
t `daysDelta` (press on / fight), tie-break lowest supply hit.\n- `spendy` — pr
efer the option with NO `daysDelta` even at higher supply cost (pay to keep mov
ing).\nBase policies `(PassageState) => Action`:\n- `survive` — `ration` when `
waterLeft <= 2 || rationsLeft <= 2`, else `continue`. Never turn back.\n- `head
long` — always `continue`.\nExport a `getChoicePolicy(name)` / `getBasePolicy(n
ame)` registry (mirror `policies.ts:getPolicy`).\nDOWNSTREAM fork policy is fix
ed = (`survive`, `cautious`).\n\n### `scripts/sim/sim-passage-report.ts` (the b
atch evaluator → writes `output/sim/passage-report.md`)\nGrid: all ordered civ-
pairs (the 6 civs in `passage-playthrough.ts`) × 4 seasons ×\nmodes `[\'direct\
',\'cheapest\']` × supply presets `{ standard: 12/6 none, caravan: 12/6 caravan
}`.\nCLI flags: `--limit N` (cap crossings, default 200 — and **`log()`/stderr 
the cap so dropped\ncoverage is never silent**), `--seasons`, `--modes`, `--out
<path>`. Baseline walk policy =\n(`survive`, `cautious`); fork downstream = (`s
urvive`, `cautious`). For each crossing run\n`walkWithForks`, accumulate instan
ces, and emit a markdown report (style after `sim-fun-report.md`)\nwith these s
ections — each metric defined precisely:\n\n- **Per-signature-key branch table*
* (one table per key). Across all instances of key K, per\n  branch index/label
: completion % (`outcome===\'arrived\'`), median finalWater, median finalRation
s,\n  median totalDays, and ending distribution (`arrived/aborted/perished` cou
nts). N instances noted.\n- **Dominance** (per key): for each instance, a branc
h *dominates* if it is ≥ every other branch on\n  ALL of {arrived(1/0), finalWa
ter, finalRations}. If the same branch index dominates in ≥ **80%**\n  of K\'s 
instances → flag **DOMINANT CHOICE (fun-killer)**. A branch that is best-on-no-
axis in ≥80%\n  → flag **DEAD CHOICE**. Report the per-branch dominance frequen
cy. **Dominance deliberately\n  ignores the `totalDays` axis** (a choice that i
s faster at equal supply will NOT flag as\n  dominant); under slack-supply arri
vals, *differentiation* + *outcome-impact* are the informative\n  metrics, not 
dominance. Accepted — do not add a days term to the dominance test.\n- **Outcom
e-impact** (per key): fraction of instances whose branches yield ≥2 distinct `o
utcome`s.\n  Report the number honestly; <**10%** → note "choices rarely change
the ending here (often slack\n  supply)". This is descriptive, not a failure.\n
- **Differentiation** (per key): median across instances of (max−min) finalWate
r and finalRations\n  across branches. Near-zero → "undifferentiated".\n- **Rep
etition**: a signature key "fires" = is bucketed in a crossing\'s initial `enco
untersByDay`\n  (a content property of the schedule, supply-independent — count
it from the init state, not from\n  what the party survives to reach). Report t
he distribution of fires-per-key-per-crossing and the\n  rate of crossings wher
e any key fires ≥2× (→ identical prose on the repeat).\n- **Severe-beat coverag
e**: over ALL encounters generated in the batch (walk `encountersByDay` of each
\n  crossing\'s initial state), count `moderate`+`severe` encounters whose `key
` is NOT in\n  `SIGNATURE_CHOICES` vs those that are; list the top ~10 non-inte
ractive severe/moderate beats by\n  frequency (group by `narrative`). This surf
aces juicy beats that aren\'t choices.\n- **Death-march rate**: per (supply pre
set × mode), fraction of crossings that reach a terminal\n  `aborted`/`perished
` WITHOUT ever presenting a signature choice (i.e. `instances.length===0` AND\n
 not arrived). The "choices never happen" rate.\n\n### `scripts/sim/passage-pla
ythrough.ts` (already exists — generalize, keep)\nPromote the prototype to the 
journal emitter: accept optional `--from --to --season --mode`; with\nno args, 
auto-pick a choice-rich arrived crossing (current behavior). Keep the readable 
story output\n(collapsing uneventful stretches, full prose for choices/waits/en
dings). No new prose authored; if\nany in-world text is emitted, keep it em-das
h-free (worldbuilder VOICE-SPEC Option B).\n\n### Tests — `scripts/sim/passage-
run.test.ts` (Vitest, node env, sibling-to-code per repo convention)\n- **Deter
minism of fork**: pick a fixed (from,to,season,mode) known to present a choice;
run\n  `forkInstance` twice on the same pending state; assert identical `Branch
Outcome[]` (proves the\n  no-clone purity assumption).\n- **Metric calc on a sy
nthetic instance**: construct a tiny set of `BranchOutcome[]` and assert the\n 
dominance / differentiation / impact computations are correct (pure functions —
extract them so\n  they\'re unit-testable without running journeys).\n- **Known
-finding regression** — run these EXACT crossings DIRECTLY in the test (build t
he opts and\n  init/walk them yourself), NOT via the `--limit` grid, so a grid 
slice can never make the guarantee\n  pass or fail by luck:\n  - **Kheshkai → I
rrah, winter, direct** — its initial `encountersByDay` buckets the `bandits` ke
y\n    ≥2× (the repetition metric is a content property of the schedule, supply
-independent), and its\n    generated encounters include the "Basin customs rai
d" and "Plague-quarantine" narratives in the\n    NON-interactive (`key`-less) 
severe set.\n  - **Kheshkai → Qollari, spring, direct, standard supply (12/6, p
ackAnimals none)** — playing it\n    with (`survive`,`cautious`) reaches a term
inal `perished`/`aborted` having presented ZERO\n    signature choices (the dea
th-march: choices never happen).\n\n### `web/package.json` scripts\n- `"sim:pas
sage": "vite-node ../scripts/sim/sim-passage-report.ts --"`\n- `"sim:passage-pl
ay": "vite-node ../scripts/sim/passage-playthrough.ts --"`\n\n## Acceptance cri
teria (all must hold)\n\n1. `npm run sim:passage-play` exits 0 and prints a jou
rnal that reaches ≥1 signature choice and an ending.\n2. `npm run sim:passage -
- --limit 60` exits 0 and writes `output/sim/passage-report.md` containing ALL\
n   sections above (per-key branch tables, dominance flags, outcome-impact, dif
ferentiation, repetition,\n   severe-beat coverage, death-march-by-preset).\n3.
Fork determinism unit test passes (same instance → identical branch outcomes).\
n4. Known-finding regression passes on the PINNED crossings (run directly, not 
grid-sliced):\n   Kheshkai→Irrah winter/direct buckets `bandits` ≥2× and lists 
customs-raid + plague-quarantine as\n   non-interactive severe beats; Kheshkai→
Qollari spring/direct/standard-supply terminates\n   perished/aborted with zero
choices presented.\n5. `git diff` touches ONLY `scripts/sim/**` and `web/packag
e.json`. Engine, `passage.ts`, and all of\n   `web/src/**` source are unchanged
. No `structuredClone` of journey/passage state anywhere.\n6. `tsc -b` clean; n
ew unit tests pass; the existing full unit suite (922 tests) still passes.\n7. 
Any silent coverage cap (the `--limit`) is logged to stderr with the dropped co
unt.\n\n## Delegation\n- **Opus (me) keeps:** this spec, the fork methodology, 
the metric definitions/thresholds, final\n  review + ownership.\n- **Delegable 
to Kimi:** all implementation — the runner, policies, report aggregation/format
ting,\n  generalizing the playthrough script, and the tests, against the precis
e definitions above.\n\n## Out of scope (v1 of the playtester)\n- Fixing the th
ree findings themselves (vary repeated prose, promote customs-raid/plague to si
gnature\n  choices, Highland-Steppe resupply) — those are separate Passage v1.1
work the report will inform.\n- Reroute interactions with choices. Driving the 
real UI (Playwright) — the headless seam is enough.\n\n---\n\n## Clarifications
(adjudicated from the Kimi spec review — these OVERRIDE anything vaguer above)\
n\n**Read these source files first** (they define every type/field referenced b
elow; do not\nreverse-engineer): `web/src/utils/passage.ts` (the seam + `Encoun
terChoice`, `PendingEncounter`,\n`PassageState`, `PassageEntry`, `SIGNATURE_CHO
ICES`), `web/src/utils/journey-days.ts`\n(`JourneyState`, `Action`, `nextDay`),
`web/src/utils/encounters.ts` (`Encounter`), and the\ncommitted prototype `scri
pts/sim/passage-playthrough.ts` (working `chooseCautious`, scan/auto-pick,\nand
journal formatting — reuse it, don\'t rewrite from scratch).\n\n**Type & field 
reference (authoritative):**\n- `PassageState = { journey: JourneyState; log: P
assageEntry[]; extraDays: number; pending: PendingEncounter | null; outcome: \'
in-progress\'|\'arrived\'|\'aborted\'|\'perished\' }`. It WRAPS `JourneyState` 
(not a subtype).\n- `PendingEncounter = { encounter: Encounter; choices: Encoun
terChoice[] }`.\n- `EncounterChoice = { label: string; outcome: { rationsDelta?
: number; waterDelta?: number; daysDelta?: number; narrative: string; risk?: \'
none\'|\'minor\'|\'grave\' } }`. Deltas are usually negative. Absent delta = 0.
\n- The choice-policy cost terms map exactly to `choice.outcome.rationsDelta/wa
terDelta/daysDelta`.\n- `BranchOutcome.label` = the chosen `EncounterChoice.lab
el`; `BranchOutcome.risk` = `choice.outcome.risk ?? \'none\'`.\n- Safety cap (P
1, P15, P28): `JourneyState.totalDays` is the field. **Snapshot the cap ONCE be
fore the loop** as `const cap = (state.journey.totalDays + 1) * 3` — do NOT re-
evaluate inside the loop (it must not grow with synthetic wait days). The PRIMA
RY terminator is the terminal `outcome`; the same-ref no-op check (`passageAct`
/`passageChoose` return the identical input ref on no-op — verified in `passage
.ts`) is secondary; `cap` is the backstop.\n- `Encounter.severity: \'mild\'|\'m
oderate\'|\'severe\'` and `Encounter.key?: string`. A "signature" encounter = `
key` present in `SIGNATURE_CHOICES` (ford/bandits/fever). "Non-interactive seve
re beat" = `severity` in {moderate,severe} AND `key` not in `SIGNATURE_CHOICES`
.\n\n**Policy tie-breaks (P4, P5):** define `weightedHit(c) = (-(c.outcome.rati
onsDelta ?? 0)) + 1.5*(-(c.outcome.waterDelta ?? 0))`.\n- `aggressive`: pick mi
n `daysDelta`; tie-break min `weightedHit`; final tie-break lowest index.\n- `s
pendy`: among options with `daysDelta` falsy/0 pick min `weightedHit` (lowest i
ndex on tie); if none have 0 days, fall back to min `daysDelta`.\n- `cautious`:
exactly the prototype\'s `chooseCautious` (avoid grave; else min `weightedHit +
0.5*daysDelta`; lowest index on tie).\n\n**CLI (P6, P22, P30):** `--seasons` / 
`--modes` take comma-separated lists that FILTER the grid\n(e.g. `--seasons spr
ing,summer`). `--out` overrides the output path. **Default = the FULL grid (no\
ncap)**; `--limit N` is the opt-in fast path and, when it truncates, must stder
r-log\n`"capped: ran N of M crossings"`. Resolve the default output path to `<r
epoRoot>/output/sim/passage-report.md`\nvia `import.meta.url` (mirror `run-jour
ney.ts:loadGeojson`), NOT relative to cwd.\n\n**Metric precisions:**\n- *Median
* (P18): sort ascending; even count → mean of the two middle values.\n- *Repeti
tion* (P10, P26): count per SINGLE signature key from the crossing\'s INITIAL `
encountersByDay` (supply-independent, not what the party survives to). "≥2×" = 
the SAME key bucketed twice or more. Report per-key distribution + the rate of 
crossings with any same-key ≥2×.\n- *Death-march* (P9): group by (supply preset
× mode). Denominator = ALL crossings in that group that produced a route (null-
route pairs are skipped and counted nowhere, P8/P24). Numerator = those whose t
erminal `outcome` is `perished`/`aborted` AND that presented ZERO signature cho
ices.\n- *Severe-beat coverage* (P25): list EXACTLY the top 10 non-interactive 
moderate+severe beats by frequency (group by `narrative`), tie-break alphabetic
al by narrative.\n- *Markdown safety* (P23): in any table cell, replace `|`→`\\
|` and collapse newlines to spaces.\n- *Report limitation note* (P27): the repo
rt must state that baseline + downstream both use (`survive`,`cautious`), so it
measures choice quality UNDER THAT POLICY, not under all policies.\n\n**Determi
nism test — strengthen (P13, P14, P19):** cover THREE pinned instances (one eac
h of ford,\nbandits, fever — pick crossings/seasons that bucket each). For each
: (a) `forkInstance` twice → identical\n`BranchOutcome[]`; (b) assert the sourc
e pending state\'s `journey.rationsLeft`/`waterLeft`/`dayNum` are\nUNCHANGED af
ter forking (proves no cross-branch mutation — the load-bearing no-clone guaran
tee). Auto-pick\n(P19) is deterministic already (fixed scan order + seeded engi
ne), so criterion 1 is reproducible.\n\n**`ResolvedChoice` (P17):** `playPassag
e` returns the choices it actually made, used by the journal\nemitter and to po
pulate `Instance.baselineChosen`. If genuinely unused by a caller, omit it rath
er\nthan carry dead shape.\n\n**Acceptance criteria adjustments:**\n- (P11/P12)
Criterion 2: run the report acceptance with the FULL grid (or a limit large eno
ugh that\n  it is non-empty); the report MUST contain ≥1 instance in the `bandi
ts` per-key table and a non-empty\n  severe-beat list, else fail. The hard GUAR
ANTEES live in the pinned direct-run regression (criterion 4),\n  not the aggre
gate; the aggregate is best-effort coverage with the cap logged.\n- (P21) Crite
rion 6: "the existing full unit suite still passes with no new failures" — drop
the hard 922 count.\n- (P20) Criterion 5 (diff scope) is verified by Opus at di
ff-review, not by a unit test — keep it as a hard gate regardless.\n- (P29) The
playthrough emitter authors NO new in-world prose (it prints existing `narrativ
e` strings),\n  so VOICE-SPEC/em-dash is effectively N/A; simply do not introdu
ce em-dashes in any emitted string.'
)
StepBegin(n=1)
ThinkPart(
    type='think',
    think='Let me read the required source files first, especially passage.ts, 
journey-days.ts, encounters.ts, passage-playthrough.ts, and sim-fun-report.ts t
o understand existing patterns.',
    encrypted=None
)
ToolCall(
    type='function',
    id='tool_waHEG86fhlXLNI0sM3UDMj7o',
    function=FunctionBody(
        name='ReadFile',
        arguments='{"path": "C:\\\\Users\\\\perry\\\\DevProjects\\\\veydria-car
tography\\\\.orchestrate\\\\wt\\\\passage-playtester\\\\web\\\\src\\\\utils\\\\
passage.ts"}'
    ),
    extras=None
)
ToolCall(
    type='function',
    id='tool_Scy3DHslaZf5A9jgpPeVGAod',
    function=FunctionBody(
        name='ReadFile',
        arguments='{"path": "C:\\\\Users\\\\perry\\\\DevProjects\\\\veydria-car
tography\\\\.'
    ),
    extras=None
)
ToolResult(
    tool_call_id='tool_waHEG86fhlXLNI0sM3UDMj7o',
    return_value=ToolOk(
        is_error=False,
        output='     1\t/**\n     2\t * passage.ts — Passage mode: the journey 
played day by day\n     3\t *\n     4\t * A thin, PURE wrapper over the existin
g journey engine (`journey-days.ts`).\n     5\t * Atlas mode plans a route; Pas
sage mode lives it. The play-loop machinery\n     6\t * (`nextDay`/`JourneyStat
e`) already exists and is unit-tested; this module\n     7\t * surfaces it to a
human, adds a small branching-choice layer over signature\n     8\t * encounter
s, and detects the three player-facing endings.\n     9\t *\n    10\t * Design 
seams (kept deliberately small and additive):\n    11\t *\n    12\t *  - The en
gine is never modified and never mis-stepped. `journey-days.ts`\n    13\t *    
stays byte-for-byte stable so Atlas mode and the sim harness are untouched.\n  
 14\t *\n    15\t *  - Signature encounters are identified by their canon `key`
(added to a few\n    16\t *    beats in encounters.ts). `key` is robust where t
ext-matching is not: the\n    17\t *    time-of-day overlay rewrites an encount
er\'s `text`, but `makeEncounter`\n    18\t *    sets `key` unconditionally. A 
signature encounter\'s engine-side supplyCost\n    19\t *    is zeroed at init 
so the player\'s CHOICE owns 100% of its supply movement\n    20\t *    (the en
gine already bakes encounter supplyCost into the day\'s burn; letting\n    21\t
*    a choice delta stack on top would double-charge invisibly).\n    22\t *\n 
  23\t *  - `EncounterChoice.outcome` has two non-overlapping channels:\n    24
\t *      • rationsDelta / waterDelta — a ONE-OFF, absolute movement applied on
ce\n    25\t *        at the moment of choice (the bribe paid, the cargo lost t
o the river).\n    26\t *      • daysDelta — N synthetic "wait" days. The engin
e cannot model added time\n    27\t *        (its totalDays is fixed and positi
on is a pure function of the day\n    28\t *        index, so stepping it would
teleport the party and still arrive on the\n    29\t *        original final da
y). Instead each waited day is a Passage-owned journal\n    30\t *        entry
whose burn is computed by calling the engine\'s exported, pure\n    31\t *     
  `applyDailyBurn` directly with rest mods. The engine is never stepped.\n    3
2\t *\n    33\t *  - Endings: `arrived` / `aborted` come straight from the engi
ne. `perished`\n    34\t *    (forced back) is owned here: the engine lets supp
ly run negative as "debt"\n    35\t *    and never self-terminates, so Passage 
declares a perish once water or ration\n    36\t *    debt crosses a named floo
r (water is the more lethal of the two).\n    37\t *\n    38\t * Determinism: t
he engine\'s events stay seeded; only player CHOICES branch. Same\n    39\t * r
oute + same choice sequence → identical final state (no Date/Math.random here).
\n    40\t *\n    41\t * v1 simplifications (intentional, documented so they ar
en\'t mistaken for bugs):\n    42\t *  - Calendar events (`day.dayOfYear`/`cale
ndarEvents`) are derived from the\n    43\t *    engine day, so they do not adv
ance across synthetic wait days. Fine for\n    44\t *    ephemeral, GM-run v1.\
n    45\t *  - Signature encounters surface on a `continue` step (the normal ad
vance).\n    46\t *    A deliberate rest/force-march/ration past one is not int
errupted.\n    47\t *  - If two signature encounters land on the same day, the 
first is presented.\n    48\t */\n    49\t\n    50\timport {\n    51\t  initJou
rneyState,\n    52\t  nextDay,\n    53\t  type JourneyState,\n    54\t  type Jo
urneyStateOpts,\n    55\t  type Action,\n    56\t  type JourneyDay,\n    57\t} 
from \'./journey-days\'\n    58\timport { applyDailyBurn, type SupplyDay } from
\'./journey-supply\'\n    59\timport type { Encounter } from \'./encounters\'\n
   60\t\n    61\t/* ─── Choice data model ─── */\n    62\t\n    63\texport inte
rface EncounterChoice {\n    64\t  /** Button label, e.g. "Ford now" / "Wait ou
t the flood". */\n    65\t  label: string\n    66\t  outcome: {\n    67\t    /*
* One-off, absolute supply movement applied once at the choice (usually negativ
e). */\n    68\t    rationsDelta?: number\n    69\t    /** One-off, absolute wa
ter movement applied once at the choice (usually negative). */\n    70\t    wat
erDelta?: number\n    71\t    /** Days spent waiting/detouring. Realized as N s
ynthetic wait entries, each\n    72\t     *  burning a rest-day rate. NOT arith
metic on the engine\'s day counter. */\n    73\t    daysDelta?: number\n    74\
t    /** Grave little paragraph shown when this branch is taken. Em-dash-free (
VOICE-SPEC Option B). */\n    75\t    narrative: string\n    76\t    /** Flavou
r/severity hint for the UI; does not itself change supply. */\n    77\t    risk
?: \'none\' | \'minor\' | \'grave\'\n    78\t  }\n    79\t}\n    80\t\n    81\t
/**\n    82\t * Registry: canon encounter `key` → branching choices. Only encou
nters whose\n    83\t * `key` appears here are "signature" (interrupt travel wi
th a choice + have\n    84\t * their engine supplyCost zeroed). Everything else
resolves via base actions.\n    85\t *\n    86\t * Prose honours the worldbuild
er VOICE-SPEC (Option B): no em-dashes, clipped\n    87\t * sentences, only att
ested morphemes (Irrah, Ngaru-Bon, Tavakh Qarat, salt-cube,\n    88\t * letters
of credit — all already present in the source beats).\n    89\t */\n    90\texp
ort const SIGNATURE_CHOICES: Record<string, EncounterChoice[]> = {\n    91\t  f
ord: [\n    92\t    {\n    93\t      label: \'Ford now\',\n    94\t      outcom
e: {\n    95\t        rationsDelta: -2,\n    96\t        risk: \'minor\',\n    
97\t        narrative:\n    98\t          \'The rope holds. The current does no
t forgive the slow. You cross wet to the chest and lose a sack of meal to the b
rown water.\',\n    99\t      },\n   100\t    },\n   101\t    {\n   102\t      
label: \'Wait out the flood\',\n   103\t      outcome: {\n   104\t        daysD
elta: 2,\n   105\t        risk: \'none\',\n   106\t        narrative:\n   107\t
         \'You make camp above the waterline and wait. The flood drops on the t
hird morning and the crossing is easy. The waiting was not.\',\n   108\t      }
,\n   109\t    },\n   110\t    {\n   111\t      label: \'Pay the Irrah guide\',
\n   112\t      outcome: {\n   113\t        rationsDelta: -1,\n   114\t        
risk: \'none\',\n   115\t        narrative:\n   116\t          \'The Irrah guid
e swims the rope across for a fee in salt. You cross dry, a sack lighter in tra
de-goods and a story richer.\',\n   117\t      },\n   118\t    },\n   119\t  ],
\n   120\t  bandits: [\n   121\t    {\n   122\t      label: \'Pay the toll\',\n
  123\t      outcome: {\n   124\t        rationsDelta: -3,\n   125\t        ris
k: \'none\',\n   126\t        narrative:\n   127\t          \'You hand over the
strongbox by the count of three. The masked riders melt back into the scrub. Th
e party eats thin for it.\',\n   128\t      },\n   129\t    },\n   130\t    {\n
  131\t      label: \'Stand and fight\',\n   132\t      outcome: {\n   133\t   
    rationsDelta: -1,\n   134\t        waterDelta: -2,\n   135\t        risk: \
'grave\',\n   136\t        narrative:\n   137\t          \'Steel answers steel 
in the scrub. The riders break and run. Two of yours do not rise, and the wound
ed drink double.\',\n   138\t      },\n   139\t    },\n   140\t    {\n   141\t 
    label: \'Parley\',\n   142\t      outcome: {\n   143\t        rationsDelta:
-1,\n   144\t        daysDelta: 1,\n   145\t        risk: \'minor\',\n   146\t 
      narrative:\n   147\t          \'You talk. The bandit-chief knows your man
ifest and your patience both. A day of words buys passage for a tithe of meal.\
',\n   148\t      },\n   149\t    },\n   150\t  ],\n   151\t  fever: [\n   152\
t    {\n   153\t      label: \'Pay the healer\',\n   154\t      outcome: {\n   
155\t        rationsDelta: -2,\n   156\t        risk: \'none\',\n   157\t      
 narrative:\n   158\t          \'The Tavakh Qarat healer takes payment in lette
rs of credit and bitter root. The shivering eases by dusk. The strongbox is lig
hter.\',\n   159\t      },\n   160\t    },\n   161\t    {\n   162\t      label:
\'Press on\',\n   163\t      outcome: {\n   164\t        waterDelta: -3,\n   16
5\t        risk: \'grave\',\n   166\t        narrative:\n   167\t          \'Yo
u march the sick in the cart and hope. The fever rides with you. The water-skin
s empty faster than the road shortens.\',\n   168\t      },\n   169\t    },\n  
170\t    {\n   171\t      label: \'Rest the sick\',\n   172\t      outcome: {\n
  173\t        daysDelta: 2,\n   174\t        risk: \'minor\',\n   175\t       
narrative:\n   176\t          \'You halt and let the fever break in its own tim
e. Two days are lost to the cots. The party rises gaunt but whole.\',\n   177\t
     },\n   178\t    },\n   179\t  ],\n   180\t}\n   181\t\n   182\t/* ─── Endi
ngs ─── */\n   183\t\n   184\texport type PassageOutcome = \'in-progress\' | \'
arrived\' | \'aborted\' | \'perished\'\n   185\t\n   186\t/** Debt floors that 
trigger a `perished` (forced-back) ending. Supply is allowed\n   187\t *  to ru
n negative as "debt" first (the ledger shows it); crossing these ends the\n   1
88\t *  crossing. Water is the more lethal of the two, so its floor is shallowe
r.\n   189\t *  Tunable — revisit against playtest feel. */\n   190\texport con
st PERISH_WATER_FLOOR = -3\n   191\texport const PERISH_RATIONS_FLOOR = -6\n   
192\t\n   193\t/* ─── Journal ─── */\n   194\t\n   195\texport type PassageEntr
y =\n   196\t  /** A travelled day produced by the engine. */\n   197\t  | { ki
nd: \'day\'; dayLabel: number; day: JourneyDay; supply: SupplyDay }\n   198\t  
/** A synthetic wait/detour day (from a choice\'s daysDelta). */\n   199\t  | {
kind: \'wait\'; dayLabel: number; supply: SupplyDay; narrative: string }\n   20
0\t  /** The chosen branch of a signature encounter (one-off deltas folded in).
*/\n   201\t  | { kind: \'choice\'; dayLabel: number; label: string; narrative:
string; risk: \'none\' | \'minor\' | \'grave\' }\n   202\t  /** The closing ent
ry. */\n   203\t  | { kind: \'ending\'; dayLabel: number; outcome: Exclude<Pass
ageOutcome, \'in-progress\'>; narrative: string }\n   204\t\n   205\texport int
erface PendingEncounter {\n   206\t  encounter: Encounter\n   207\t  choices: E
ncounterChoice[]\n   208\t}\n   209\t\n   210\texport interface PassageState {\
n   211\t  journey: JourneyState\n   212\t  /** Append-only journal of everythi
ng that has happened. */\n   213\t  log: PassageEntry[]\n   214\t  /** Syntheti
c wait days accumulated from choices. Player-facing day = journey.dayNum + extr
aDays. */\n   215\t  extraDays: number\n   216\t  /** A signature encounter awa
iting the player\'s choice; null when free to advance. */\n   217\t  pending: P
endingEncounter | null\n   218\t  outcome: PassageOutcome\n   219\t}\n   220\t\
n   221\t/* ─── Helpers ─── */\n   222\t\n   223\t/** Player-facing day count: 
engine days travelled plus synthetic wait days. */\n   224\tfunction currentDay
(state: PassageState): number {\n   225\t  return state.journey.dayNum + state.
extraDays\n   226\t}\n   227\t\n   228\t/**\n   229\t * Index of the route node
the party has most recently reached, for the\n   230\t * current-position map m
arker. Snaps to the nearer endpoint of the leg in\n   231\t * progress (mirrors
the engine\'s camp-label snap). Lives here, not in the UI,\n   232\t * so the m
arker only reads a number and never reimplements the day→position\n   233\t * w
alk. v1 has no reroute, so dayOffset is always 0.\n   234\t */\n   235\texport 
function currentNodeIndex(state: PassageState): number {\n   236\t  const { rou
te, dayNum, dayOffset } = state.journey\n   237\t  const localDay = dayNum - da
yOffset\n   238\t  if (localDay <= 0) return 0\n   239\t  let acc = 0\n   240\t
 for (let i = 0; i < route.edges.length; i++) {\n   241\t    const ed = route.e
dges[i].segmentDays || 0\n   242\t    if (acc + ed >= localDay) {\n   243\t    
 const frac = ed > 0 ? (localDay - acc) / ed : 1\n   244\t      return frac >= 
0.5 ? i + 1 : i\n   245\t    }\n   246\t    acc += ed\n   247\t  }\n   248\t  r
eturn route.nodes.length - 1\n   249\t}\n   250\t\n   251\t/** The first signat
ure encounter bucketed on engine day `d`, if any. */\n   252\tfunction signatur
eForDay(journey: JourneyState, d: number): PendingEncounter | null {\n   253\t 
const encs = journey.encountersByDay.get(d)\n   254\t  if (!encs) return null\n
  255\t  for (const enc of encs) {\n   256\t    if (enc.key && SIGNATURE_CHOICE
S[enc.key]) {\n   257\t      return { encounter: enc, choices: SIGNATURE_CHOICE
S[enc.key] }\n   258\t    }\n   259\t  }\n   260\t  return null\n   261\t}\n   
262\t\n   263\t/** Closing prose per ending. Em-dash-free. */\n   264\tfunction
endingNarrative(outcome: Exclude<PassageOutcome, \'in-progress\'>, journey: Jou
rneyState): string {\n   265\t  const dest = journey.route.nodes[journey.route.
nodes.length - 1]?.name ?? \'the far gate\'\n   266\t  switch (outcome) {\n   2
67\t    case \'arrived\':\n   268\t      return `The road ends. You come down i
nto ${dest} with the dust of the whole crossing on you, and the gate-keeper doe
s not ask your business twice.`\n   269\t    case \'aborted\':\n   270\t      r
eturn \'You turn the column around. The road you came by is longer going back, 
and it knows your faces now. Better that than the road ahead.\'\n   271\t    ca
se \'perished\':\n   272\t      return \'The stores are spent past the last hon
est count. There is no forward left in the party. What can still walk turns bac
k toward the last good water, and hopes.\'\n   273\t  }\n   274\t}\n   275\t\n 
 276\t/**\n   277\t * Decide the outcome after an advance and append the closin
g entry if terminal.\n   278\t * `arrived`/`aborted` come from the engine; `per
ished` is the debt-floor check.\n   279\t * Mutates `state` (caller owns a fres
h state already). Returns the same state.\n   280\t */\n   281\tfunction settle
Outcome(state: PassageState): PassageState {\n   282\t  if (state.outcome !== \
'in-progress\') return state\n   283\t  let outcome: PassageOutcome = \'in-prog
ress\'\n   284\t  if (state.journey.outcome === \'arrived\') outcome = \'arrive
d\'\n   285\t  else if (state.journey.outcome === \'aborted\') outcome = \'abor
ted\'\n   286\t  else if (\n   287\t    state.journey.waterLeft <= PERISH_WATER
_FLOOR ||\n   288\t    state.journey.rationsLeft <= PERISH_RATIONS_FLOOR\n   28
9\t  ) {\n   290\t    outcome = \'perished\'\n   291\t  }\n   292\t  if (outcom
e !== \'in-progress\') {\n   293\t    state.outcome = outcome\n   294\t    stat
e.log.push({\n   295\t      kind: \'ending\',\n   296\t      dayLabel: currentD
ay(state),\n   297\t      outcome,\n   298\t      narrative: endingNarrative(ou
tcome, state.journey),\n   299\t    })\n   300\t  }\n   301\t  return state\n  
302\t}\n   303\t\n   304\t/* ─── Public API ─── */\n   305\t\n   306\t/**\n   3
07\t * Zero the engine-side supplyCost of every signature encounter in a journe
y\'s\n   308\t * buckets, so the player\'s CHOICE owns 100% of that encounter\'
s supply movement\n   309\t * (the engine otherwise bakes encounter supplyCost 
into the day\'s burn, which\n   310\t * would stack invisibly on the choice del
ta). Mutates in place; the encounter\n   311\t * objects belong to this just-bu
ilt JourneyState. Exported for unit testing.\n   312\t */\n   313\texport funct
ion zeroSignatureCosts(journey: JourneyState): void {\n   314\t  for (const enc
s of journey.encountersByDay.values()) {\n   315\t    for (const enc of encs) {
\n   316\t      if (enc.key && SIGNATURE_CHOICES[enc.key]) {\n   317\t        e
nc.supplyCost = { rations: 0, water: 0 }\n   318\t      }\n   319\t    }\n   32
0\t  }\n   321\t}\n   322\t\n   323\t/**\n   324\t * Begin a passage from the s
ame inputs Atlas computed. Seeds a JourneyState via\n   325\t * the existing en
gine, then zeroes the engine-side supplyCost of every signature\n   326\t * enc
ounter so the player\'s choice owns its supply movement.\n   327\t */\n   328\t
export function initPassage(opts: JourneyStateOpts): PassageState {\n   329\t  
const journey = initJourneyState(opts)\n   330\t  zeroSignatureCosts(journey)\n
  331\t  return { journey, log: [], extraDays: 0, pending: null, outcome: \'in-
progress\' }\n   332\t}\n   333\t\n   334\t/**\n   335\t * Advance the passage 
by one player action. A `continue` that would land on a\n   336\t * signature e
ncounter sets `pending` instead of advancing (the player must\n   337\t * resol
ve it via `passageChoose`). All other actions step the engine directly.\n   338
\t * No-op once finished or while a choice is pending.\n   339\t */\n   340\tex
port function passageAct(state: PassageState, action: Action): PassageState {\n
  341\t  if (state.outcome !== \'in-progress\' || state.pending) return state\n
  342\t\n   343\t  if (action.kind === \'continue\') {\n   344\t    const sig =
signatureForDay(state.journey, state.journey.dayNum + 1)\n   345\t    if (sig) 
{\n   346\t      return { ...state, pending: sig }\n   347\t    }\n   348\t  }\
n   349\t\n   350\t  const result = nextDay(state.journey, action)\n   351\t  i
f (!result.advanced) return state\n   352\t\n   353\t  const next: PassageState
= {\n   354\t    ...state,\n   355\t    journey: result.state,\n   356\t    log
: [...state.log],\n   357\t  }\n   358\t  if (result.day && result.supply) {\n 
 359\t    next.log.push({\n   360\t      kind: \'day\',\n   361\t      dayLabel
: result.state.dayNum + next.extraDays,\n   362\t      day: result.day,\n   363
\t      supply: result.supply,\n   364\t    })\n   365\t  }\n   366\t  return s
ettleOutcome(next)\n   367\t}\n   368\t\n   369\t/**\n   370\t * Resolve a pend
ing signature encounter by choice index. Applies the choice\'s\n   371\t * synt
hetic wait days (each a real burn via the engine\'s `applyDailyBurn`), then\n  
372\t * the one-off supply delta, then advances the encounter day via the engin
e.\n   373\t */\n   374\texport function passageChoose(state: PassageState, cho
iceIndex: number): PassageState {\n   375\t  if (!state.pending || state.outcom
e !== \'in-progress\') return state\n   376\t  const choice = state.pending.cho
ices[choiceIndex]\n   377\t  if (!choice) return state\n   378\t\n   379\t  // 
Work on a mutable clone of the journey\'s mutable supply fields.\n   380\t  let
journey: JourneyState = { ...state.journey }\n   381\t  const log: PassageEntry
[] = [...state.log]\n   382\t  let extraDays = state.extraDays\n   383\t\n   38
4\t  // 1. Synthetic wait days — each a stationary rest-rate burn (no rations, 
full water),\n   385\t  //    computed by the engine\'s pure burn so the formul
a stays single-homed.\n   386\t  const waitDays = choice.outcome.daysDelta ?? 0
\n   387\t  for (let i = 0; i < waitDays; i++) {\n   388\t    const burn = appl
yDailyBurn(\n   389\t      journey.rationsLeft,\n   390\t      journey.waterLef
t,\n   391\t      journey.supplyConstants,\n   392\t      journey.party,\n   39
3\t      journey.season,\n   394\t      \'none\',\n   395\t      \'none\',\n   
396\t      { rations: 0, water: 1 },\n   397\t      { rations: 0, water: 0 },\n
  398\t      journey.mode,\n   399\t    )\n   400\t    journey = { ...journey, 
rationsLeft: burn.rationsLeft, waterLeft: burn.waterLeft }\n   401\t    extraDa
ys += 1\n   402\t    log.push({\n   403\t      kind: \'wait\',\n   404\t      d
ayLabel: journey.dayNum + extraDays,\n   405\t      supply: {\n   406\t        
dayNum: journey.dayNum + extraDays,\n   407\t        rationsLeft: burn.rationsL
eft,\n   408\t        waterLeft: burn.waterLeft,\n   409\t        rationsBurned
Today: burn.rationsBurnedToday,\n   410\t        waterBurnedToday: burn.waterBu
rnedToday,\n   411\t        warning: burn.warning,\n   412\t      },\n   413\t 
    narrative: \'A day held against the road. The stores draw down and the road
does not.\',\n   414\t    })\n   415\t  }\n   416\t\n   417\t  // 2. One-off, a
bsolute supply movement from the choice itself.\n   418\t  journey = {\n   419\
t    ...journey,\n   420\t    rationsLeft: journey.rationsLeft + (choice.outcom
e.rationsDelta ?? 0),\n   421\t    waterLeft: journey.waterLeft + (choice.outco
me.waterDelta ?? 0),\n   422\t  }\n   423\t\n   424\t  // 3. Record the chosen 
branch.\n   425\t  log.push({\n   426\t    kind: \'choice\',\n   427\t    dayLa
bel: journey.dayNum + extraDays,\n   428\t    label: choice.label,\n   429\t   
narrative: choice.outcome.narrative,\n   430\t    risk: choice.outcome.risk ?? 
\'none\',\n   431\t  })\n   432\t\n   433\t  // 4. Resolve the encounter day it
self via the engine (signature cost already zeroed).\n   434\t  const result = 
nextDay(journey, { kind: \'continue\' })\n   435\t  let next: PassageState = {\
n   436\t    journey: result.advanced ? result.state : journey,\n   437\t    lo
g,\n   438\t    extraDays,\n   439\t    pending: null,\n   440\t    outcome: \'
in-progress\',\n   441\t  }\n   442\t  if (result.advanced && result.day && res
ult.supply) {\n   443\t    next.log.push({\n   444\t      kind: \'day\',\n   44
5\t      dayLabel: result.state.dayNum + extraDays,\n   446\t      day: result.
day,\n   447\t      supply: result.supply,\n   448\t    })\n   449\t  }\n   450
\t\n   451\t  // Perish can be triggered by the wait/choice burn even before th
e day resolves.\n   452\t  return settleOutcome(next)\n   453\t}\n',
        message='453 lines read from file starting from line 1. End of file rea
ched.',
        display=[],
        extras=None
    )
)
ToolCallPart(
    arguments_part='orchestrate\\\\wt\\\\passage-playtester\\\\web\\\\src\\\\ut
ils\\\\journey-days.ts"}'
)
ToolCall(
    type='function',
    id='tool_wWeZlkpHarXhtZL0fxvYNb0K',
    function=FunctionBody(
        name='ReadFile',
        arguments='{"path": "C:\\\\Users\\\\perry\\\\DevProjects\\\\veydria-car
tography\\\\.'
    ),
    extras=None
)
ToolResult(
    tool_call_id='tool_Scy3DHslaZf5A9jgpPeVGAod',
    return_value=ToolOk(
        is_error=False,
        output='     1\t/**\n     2\t * journey-days.ts — Day-by-day breakdown 
of a journey route\n     3\t *\n     4\t * Splits a JourneyRoute (with per-edge
segmentDays) into a sequence of\n     5\t * one-day buckets. Each bucket lists 
the kilometres covered, encounters\n     6\t * that surface that day, where the
party camps at dusk, and a rolled\n     7\t * weather line for the season.\n   
 8\t *\n     9\t * The output is fully deterministic — same route + season + mo
de → same\n    10\t * days. This is the unit a GM uses for session prep.\n    1
1\t */\n    12\t\n    13\timport type { JourneyRoute, JourneyEdge, JourneyNode,
Season, RouteMode, PartyConfig } from \'./journey-graph\'\n    14\timport { DEF
AULT_PARTY, isDefaultParty, findRouteWithFallback } from \'./journey-graph\'\n 
  15\timport { generateEncounters, type Encounter } from \'./encounters\'\n    
16\timport type { CalendarEvent } from \'./calendar\'\n    17\timport { getEven
tsForDay } from \'./calendar\'\n    18\timport type { SupplyConfig, ResupplyTie
r, SupplyConstants, SupplyDay, SupplyWarning } from \'./journey-supply\'\n    1
9\timport { DEFAULT_SUPPLY, deriveSupplyConstants, applyDailyBurn, classifyArid
ity, type AridityLevel, type BurnModifiers } from \'./journey-supply\'\n    20\
t\n    21\texport interface JourneyDay {\n    22\t  dayNum: number\n    23\t  k
mCovered: number\n    24\t  startLabel: string\n    25\t  campLabel: string\n  
 26\t  weather: string\n    27\t  encounters: Encounter[]\n    28\t  notable: s
tring[]\n    29\t  edgesTraversed: { edge: JourneyEdge; portion: number }[] // 
portion ∈ (0, 1]\n    30\t  /** Calendar events active on this day, if departur
e date is set. */\n    31\t  calendarEvents?: CalendarEvent[]\n    32\t  /** Ab
solute day-of-year (1–365) if departure date is set. */\n    33\t  dayOfYear?: 
number\n    34\t  /** Cumulative exhaustion (Phase 3). Omitted when zero to kee
p legacy traces byte-stable. */\n    35\t  exhaustionLevel?: number\n    36\t}\
n    37\t\n    38\t/* ─── Hash + RNG (kept self-contained so this module is ind
ependent) ─── */\n    39\t\n    40\tfunction djb2Hash(str: string): number {\n 
  41\t  let h = 5381\n    42\t  for (let i = 0; i < str.length; i++) h = ((h <<
5) + h) + str.charCodeAt(i)\n    43\t  return h >>> 0\n    44\t}\n    45\t\n   
46\tfunction mulberry32(a: number) {\n    47\t  return function () {\n    48\t 
  let t = (a += 0x6D2B79F5)\n    49\t    t = Math.imul(t ^ (t >>> 15), t | 1)\n
   50\t    t ^= t + Math.imul(t ^ (t >>> 7), t | 61)\n    51\t    return ((t ^ 
(t >>> 14)) >>> 0) / 4294967296\n    52\t  }\n    53\t}\n    54\t\n    55\t/* ─
── Weather pools by season ─── */\n    56\t\n    57\tconst WEATHER_POOLS: Recor
d<Season | \'any\', string[]> = {\n    58\t  spring: [\n    59\t    \'Cool morn
ing mist; the sun burns it off by mid-day.\',\n    60\t    \'Steady drizzle unt
il noon, then a sharp clear wind from the east.\',\n    61\t    \'Warm and brig
ht; new growth crowds the trail.\',\n    62\t    \'Squall line at dawn — soaks 
the bedrolls before camp is struck.\',\n    63\t    \'Pollen-thick air; the hor
ses sneeze and the guide curses.\',\n    64\t    \'A late frost glazes the trai
l until first light.\',\n    65\t  ],\n    66\t  summer: [\n    67\t    \'Heat 
haze on the horizon; the air shimmers above the road.\',\n    68\t    \'Brassy 
sky, no wind, every step costs water.\',\n    69\t    \'Brief afternoon thunder
head — drenches one stretch and skips the next.\',\n    70\t    \'Dust devils t
o the south; the guide reads them as a warning.\',\n    71\t    \'Cicada-loud a
nd breezeless; midday rest is mandatory.\',\n    72\t    \'Clear, hot, lethal u
nder armour. Travel by dusk.\',\n    73\t  ],\n    74\t  autumn: [\n    75\t   
\'Cold rain off and on; the trail goes to mud by sundown.\',\n    76\t    \'Bri
ght, brittle sun; leaves crunch underfoot and the wind smells of woodsmoke.\',\
n    77\t    \'Ground fog clings until late morning, hiding cairn-marks.\',\n  
 78\t    \'High wind from the steppe — strong enough to stagger a laden mule.\'
,\n    79\t    \'First freeze of the season; puddles glaze and breath fogs.\',\
n    80\t    \'Wet snow at altitude, plain rain below.\',\n    81\t  ],\n    82
\t  winter: [\n    83\t    \'Hard frost; ice rims every water-skin by dawn.\',\
n    84\t    \'Snow squall reduces visibility to a spear-throw.\',\n    85\t   
\'Clear and bone-dry; the cold finds every gap in cloak and glove.\',\n    86\t
   \'Wind off the high pass; ice crystals cut exposed skin.\',\n    87\t    \'H
eavy overcast; daylight is a grey rumour and dusk comes by 4th hour.\',\n    88
\t    \'Sun on snow — blinding without veiled eyes.\',\n    89\t  ],\n    90\t 
any: [\n    91\t    \'Unremarkable weather; the road is the road.\',\n    92\t 
  \'A clean wind and a cold sky; good travelling.\',\n    93\t    \'Cloud-cover
keeps the heat off and the spirits low.\',\n    94\t    \'Light wind, steady pa
ce.\',\n    95\t  ],\n    96\t}\n    97\t\n    98\tfunction rollWeather(rng: ()
=> number, season: Season | undefined): string {\n    99\t  const pool = season
? WEATHER_POOLS[season] : WEATHER_POOLS.any\n   100\t  return pool[Math.floor(r
ng() * pool.length)]\n   101\t}\n   102\t\n   103\t/* ─── Helpers ─── */\n   10
4\t\n   105\tfunction midpointDayOfEdge(startT: number, edgeDays: number): numb
er {\n   106\t  // 1-indexed day on which the edge midpoint falls\n   107\t  re
turn Math.max(1, Math.ceil(startT + edgeDays / 2))\n   108\t}\n   109\t\n   110
\tfunction clampPortion(p: number): number {\n   111\t  if (p < 0) return 0\n  
112\t  if (p > 1) return 1\n   113\t  return p\n   114\t}\n   115\t\n   116\t/*
*\n   117\t * Find where the party is at the end of `dayBoundary` given a route
walked\n   118\t * edge by edge. Returns the index of the edge currently being 
traversed\n   119\t * and how far along it (0..1). If the day boundary is past 
route end,\n   120\t * returns { edgeIdx: edges.length - 1, t: 1 } (i.e. at the
destination).\n   121\t */\n   122\tfunction locateAtDay(\n   123\t  edges: Jou
rneyEdge[],\n   124\t  dayBoundary: number\n   125\t): { edgeIdx: number; t: nu
mber } {\n   126\t  let acc = 0\n   127\t  for (let i = 0; i < edges.length; i+
+) {\n   128\t    const ed = edges[i].segmentDays || 0\n   129\t    if (acc + e
d >= dayBoundary) {\n   130\t      const t = ed > 0 ? (dayBoundary - acc) / ed 
: 1\n   131\t      return { edgeIdx: i, t: clampPortion(t) }\n   132\t    }\n  
133\t    acc += ed\n   134\t  }\n   135\t  return { edgeIdx: edges.length - 1, 
t: 1 }\n   136\t}\n   137\t\n   138\tfunction campLabelAt(\n   139\t  nodes: Jo
urneyNode[],\n   140\t  edges: JourneyEdge[],\n   141\t  edgeIdx: number,\n   1
42\t  t: number\n   143\t): string {\n   144\t  // t < 0.15 → just-arrived at t
he leading node of this edge\n   145\t  // t > 0.85 → essentially at the traili
ng node\n   146\t  // otherwise → between two nodes, on the edge name\n   147\t
 const fromNode = nodes[edgeIdx]\n   148\t  const toNode = nodes[edgeIdx + 1] ?
? nodes[edgeIdx]\n   149\t  if (t <= 0.15) return `Camp at ${fromNode.name}`\n 
 150\t  if (t >= 0.85) return `Camp at ${toNode.name}`\n   151\t  const edge = 
edges[edgeIdx]\n   152\t  return `Camp on the ${edge.name} (between ${fromNode.
name} and ${toNode.name})`\n   153\t}\n   154\t\n   155\tfunction formatPartySu
mmary(p: PartyConfig): string {\n   156\t  const bits: string[] = []\n   157\t 
if (p.mount === \'mounted\') bits.push(\'mounted\')\n   158\t  if (p.pace !== \
'normal\') bits.push(`${p.pace} pace`)\n   159\t  if (p.size !== \'medium\') bi
ts.push(`${p.size} party`)\n   160\t  if (p.forcedMarch) bits.push(\'forced mar
ch\')\n   161\t  return bits.length > 0 ? `Party: ${bits.join(\', \')}.` : \'\'
\n   162\t}\n   163\t\n   164\tfunction notableForDay(\n   165\t  edgesInDay: {
edge: JourneyEdge; portion: number }[],\n   166\t  dayNum: number,\n   167\t  t
otalDays: number,\n   168\t  party?: PartyConfig\n   169\t): string[] {\n   170
\t  const out: string[] = []\n   171\t  for (const { edge } of edgesInDay) {\n 
 172\t    if (edge.type === \'chokepoint\') {\n   173\t      out.push(`Traverse
${edge.name} (chokepoint)`)\n   174\t    } else if (edge.type === \'civ_link\')
{\n   175\t      out.push(`Cross from one civ to the next via ${edge.name}`)\n 
 176\t    } else if (edge.bottleneck) {\n   177\t      out.push(`Bottleneck on 
${edge.name}: ${edge.bottleneck}`)\n   178\t    }\n   179\t    if (edge.seasona
l) {\n   180\t      out.push(`Seasonal note on ${edge.name}: ${edge.seasonal}`)
\n   181\t    }\n   182\t  }\n   183\t  if (dayNum === 1) {\n   184\t    out.un
shift(\'Departure day.\')\n   185\t    if (party && !isDefaultParty(party)) {\n
  186\t      const summary = formatPartySummary(party)\n   187\t      if (summa
ry) out.unshift(summary)\n   188\t    }\n   189\t  }\n   190\t  if (dayNum === 
totalDays) out.push(\'Arrival day.\')\n   191\t  if (party?.forcedMarch) {\n   
192\t    out.push(\'Forced march — each day costs a level of exhaustion until a
long rest.\')\n   193\t  }\n   194\t  return out\n   195\t}\n   196\t\n   197\t
/* ─── Phase 3 sim API: state + per-day stepping ─── */\n   198\t\n   199\texpo
rt type Action =\n   200\t  | { kind: \'continue\' }\n   201\t  | { kind: \'res
t\' }\n   202\t  | { kind: \'force-march\' }\n   203\t  | { kind: \'ration\' }\
n   204\t  | { kind: \'reroute\'; mode: RouteMode }\n   205\t  | { kind: \'turn
-back\' }\n   206\t\n   207\t/**\n   208\t * Terminal state of a journey. `in-p
rogress` is the running state;\n   209\t * `arrived` fires on the final day; `a
borted` fires when a policy\n   210\t * picks `turn-back`. Supply outages do NO
T terminate by themselves —\n   211\t * the day\'s `supply.warning` surfaces th
em; callers (sim summarizer)\n   212\t * decide what to do.\n   213\t */\n   21
4\texport type DayOutcome =\n   215\t  | \'in-progress\'\n   216\t  | \'arrived
\'\n   217\t  | \'aborted\'\n   218\t\n   219\texport interface JourneyState {\
n   220\t  /* Inputs (the harness never mutates these directly; reroute swaps r
oute + cache.) */\n   221\t  route: JourneyRoute\n   222\t  season?: Season\n  
223\t  mode: RouteMode\n   224\t  party: PartyConfig\n   225\t  supply: SupplyC
onfig\n   226\t  edgeBiomes?: (string | undefined)[]\n   227\t  departureDayOfY
ear?: number\n   228\t\n   229\t  /* For reroute support (sim harness only; bui
ldDailyBreakdown omits) */\n   230\t  graph?: import(\'./journey-graph\').Graph
\n   231\t  endId?: string\n   232\t  resupplyTierFor?: (category: string) => R
esupplyTier\n   233\t  biomeForEdge?: (edge: JourneyEdge) => string | undefined
\n   234\t\n   235\t  /* Derived per-route (recomputed on reroute). dayOffset s
hifts the\n   236\t   * new route\'s day numbering so the journey-level dayNum 
continues. */\n   237\t  totalDays: number\n   238\t  dayOffset: number\n   239
\t  routeSeed: number\n   240\t  encountersByDay: Map<number, Encounter[]>\n   
241\t  edgesByDay: Map<number, { edge: JourneyEdge; portion: number }[]>\n   24
2\t  resupplyByDay: Map<number, ResupplyTier>\n   243\t  routeCivs: Set<string>
\n   244\t  supplyConstants: SupplyConstants\n   245\t\n   246\t  /* Mutable pe
r step */\n   247\t  dayNum: number /* last completed day (0 at init) */\n   24
8\t  rationsLeft: number\n   249\t  waterLeft: number\n   250\t  exhaustionLeve
l: number\n   251\t  finished: boolean\n   252\t  outcome: DayOutcome\n   253\t
}\n   254\t\n   255\texport interface JourneyStateOpts {\n   256\t  route: Jour
neyRoute\n   257\t  season?: Season\n   258\t  mode?: RouteMode\n   259\t  edge
Biomes?: (string | undefined)[]\n   260\t  departureDayOfYear?: number\n   261\
t  party?: PartyConfig\n   262\t  supply?: SupplyConfig\n   263\t  /* Sim-harne
ss-only fields. UI path leaves them undefined. */\n   264\t  graph?: import(\'.
/journey-graph\').Graph\n   265\t  endId?: string\n   266\t  resupplyTierFor?: 
(category: string) => ResupplyTier\n   267\t  biomeForEdge?: (edge: JourneyEdge
) => string | undefined\n   268\t}\n   269\t\n   270\texport interface NextDayR
esult {\n   271\t  state: JourneyState\n   272\t  day: JourneyDay | null\n   27
3\t  supply: SupplyDay | null\n   274\t  outcome: DayOutcome\n   275\t  /** Tru
e if this call advanced state at all (false when called on a finished state). *
/\n   276\t  advanced: boolean\n   277\t}\n   278\t\n   279\t/* Internal: bucke
t encounters + edges + resupply tiers for a given route\n   280\t * segment sta
rting at `dayOffset`. Pure — does not look at JourneyState. */\n   281\tfunctio
n bucketRoute(\n   282\t  route: JourneyRoute,\n   283\t  season: Season | unde
fined,\n   284\t  mode: RouteMode,\n   285\t  edgeBiomes: (string | undefined)[
] | undefined,\n   286\t  dayOffset: number,\n   287\t  resupplyTierFor?: (cate
gory: string) => ResupplyTier,\n   288\t): {\n   289\t  totalDays: number\n   2
90\t  routeSeed: number\n   291\t  encountersByDay: Map<number, Encounter[]>\n 
 292\t  edgesByDay: Map<number, { edge: JourneyEdge; portion: number }[]>\n   2
93\t  resupplyByDay: Map<number, ResupplyTier>\n   294\t  routeCivs: Set<string
>\n   295\t} {\n   296\t  const totalDaysLocal = Math.max(1, Math.ceil(route.es
timatedDays))\n   297\t  const sig = route.nodes.map(n => n.id).join(\'|\') + \
'#\' + (season || \'any\') + \'#\' + mode + \'#days\'\n   298\t  const routeSee
d = djb2Hash(sig)\n   299\t\n   300\t  /* Pre-bucket encounters by their edge\'
s midpoint day, offset to journey day. */\n   301\t  const allEncounters = gene
rateEncounters(route, season, mode, edgeBiomes)\n   302\t  const encountersByDa
y: Map<number, Encounter[]> = new Map()\n   303\t  let acc = 0\n   304\t  const
edgeMidpointDay: number[] = []\n   305\t  for (const e of route.edges) {\n   30
6\t    const ed = e.segmentDays || 0\n   307\t    edgeMidpointDay.push(midpoint
DayOfEdge(acc, ed))\n   308\t    acc += ed\n   309\t  }\n   310\t  for (const e
nc of allEncounters) {\n   311\t    const localDay = Math.min(totalDaysLocal, e
dgeMidpointDay[enc.segmentIdx] || 1)\n   312\t    const day = dayOffset + local
Day\n   313\t    if (!encountersByDay.has(day)) encountersByDay.set(day, [])\n 
 314\t    encountersByDay.get(day)!.push(enc)\n   315\t  }\n   316\t\n   317\t 
/* Pre-compute edges traversed within each day (incl. partial edges). */\n   31
8\t  const edgesByDay: Map<number, { edge: JourneyEdge; portion: number }[]> = 
new Map()\n   319\t  acc = 0\n   320\t  for (let i = 0; i < route.edges.length;
i++) {\n   321\t    const ed = route.edges[i].segmentDays || 0\n   322\t    con
st startT = acc\n   323\t    const endT = acc + ed\n   324\t    acc = endT\n   
325\t\n   326\t    const firstDay = Math.max(1, Math.ceil(startT + 0.001))\n   
327\t    const lastDay = Math.min(totalDaysLocal, Math.ceil(endT))\n   328\t   
if (firstDay > lastDay) {\n   329\t      const d = dayOffset + edgeMidpointDay[
i]\n   330\t      const list = edgesByDay.get(d) || []\n   331\t      list.push
({ edge: route.edges[i], portion: 1 })\n   332\t      edgesByDay.set(d, list)\n
  333\t      continue\n   334\t    }\n   335\t    for (let d = firstDay; d <= l
astDay; d++) {\n   336\t      const dayStartT = d - 1\n   337\t      const dayE
ndT = d\n   338\t      const overlap = Math.min(endT, dayEndT) - Math.max(start
T, dayStartT)\n   339\t      const portion = ed > 0 ? clampPortion(overlap / ed
) : 0\n   340\t      if (portion <= 0) continue\n   341\t      const journeyDay
= dayOffset + d\n   342\t      const list = edgesByDay.get(journeyDay) || []\n 
 343\t      list.push({ edge: route.edges[i], portion })\n   344\t      edgesBy
Day.set(journeyDay, list)\n   345\t    }\n   346\t  }\n   347\t\n   348\t  /* C
ivilizations on the route (kebab-case) for calendar filtering. */\n   349\t  co
nst routeCivs = new Set(\n   350\t    route.nodes\n   351\t      .map(n => n.ci
v?.replace(/_/g, \'-\'))\n   352\t      .filter((c): c is string => !!c)\n   35
3\t  )\n   354\t\n   355\t  /* Pre-bucket resupply tiers per day. Mirrors run-j
ourney.ts\'s legacy walk\n   356\t   * over days[].campLabel: a day grants the 
tier of whatever node its\n   357\t   * campLabel names ("Camp at X" or "Arrive
at X"). Mid-edge days\n   358\t   * ("Camp on the …") grant no tier — they don\
't name a node.\n   359\t   *\n   360\t   * Implementation: for each local day 
we recompute the end-of-day position\n   361\t   * via locateAtDay + the same t
<=0.15 / t>=0.85 snap that campLabelAt uses,\n   362\t   * then look the result
ing node name up in a name→tier map. The final day\n   363\t   * always maps to
the destination node (matches nextDay\'s "Arrive at X"\n   364\t   * shortcut a
t journey-days.ts isFinalDay branch).\n   365\t   *\n   366\t   * Why this care
: a previous accNodeDay-based mapping (Math.ceil of\n   367\t   * cumulative se
gmentDays) could land a node on a different day than\n   368\t   * campLabelAt 
did at non-integer node boundaries, causing the policy\n   369\t   * supply pat
h to diverge from the legacy supply path. See HANDOFF-2026-05-26. */\n   370\t 
const resupplyByDay: Map<number, ResupplyTier> = new Map()\n   371\t  if (resup
plyTierFor) {\n   372\t    const nameToTier = new Map<string, ResupplyTier>()\n
  373\t    for (const n of route.nodes) {\n   374\t      nameToTier.set(n.name,
resupplyTierFor(n.category))\n   375\t    }\n   376\t    for (let localDay = 1;
localDay <= totalDaysLocal; localDay++) {\n   377\t      let nodeName: string |
undefined\n   378\t      if (localDay === totalDaysLocal) {\n   379\t        no
deName = route.nodes[route.nodes.length - 1].name\n   380\t      } else {\n   3
81\t        const pos = locateAtDay(route.edges, localDay)\n   382\t        if 
(pos.t <= 0.15) {\n   383\t          nodeName = route.nodes[pos.edgeIdx].name\n
  384\t        } else if (pos.t >= 0.85) {\n   385\t          nodeName = (route
.nodes[pos.edgeIdx + 1] ?? route.nodes[pos.edgeIdx]).name\n   386\t        }\n 
 387\t      }\n   388\t      if (!nodeName) continue\n   389\t      const tier 
= nameToTier.get(nodeName)\n   390\t      if (!tier || tier === \'none\') conti
nue\n   391\t      const journeyDay = dayOffset + localDay\n   392\t      const
existing = resupplyByDay.get(journeyDay)\n   393\t      if (!existing || tierRa
nk(tier) > tierRank(existing)) {\n   394\t        resupplyByDay.set(journeyDay,
tier)\n   395\t      }\n   396\t    }\n   397\t  }\n   398\t\n   399\t  return 
{\n   400\t    totalDays: dayOffset + totalDaysLocal,\n   401\t    routeSeed,\n
  402\t    encountersByDay,\n   403\t    edgesByDay,\n   404\t    resupplyByDay
,\n   405\t    routeCivs,\n   406\t  }\n   407\t}\n   408\t\n   409\tfunction t
ierRank(t: ResupplyTier): number {\n   410\t  if (t === \'full\') return 3\n   
411\t  if (t === \'rations\') return 2\n   412\t  if (t === \'water\') return 1
\n   413\t  return 0\n   414\t}\n   415\t\n   416\t/**\n   417\t * Initialise a
stepping state for a route. UI callers (buildDailyBreakdown)\n   418\t * pass o
nly narrative inputs; the sim harness also passes graph/endId/\n   419\t * resu
pplyTierFor/biomeForEdge so reroute + supply tracking work.\n   420\t */\n   42
1\texport function initJourneyState(opts: JourneyStateOpts): JourneyState {\n  
422\t  const route = opts.route\n   423\t  const season = opts.season\n   424\t
 const mode = opts.mode ?? \'direct\'\n   425\t  const party = opts.party ?? DE
FAULT_PARTY\n   426\t  const supply = opts.supply ?? DEFAULT_SUPPLY\n   427\t  
const constants = deriveSupplyConstants(supply)\n   428\t\n   429\t  /* Empty/z
ero-day route: produce a finished state that emits nothing. */\n   430\t  if (!
route.edges.length || route.estimatedDays <= 0) {\n   431\t    return {\n   432
\t      route, season, mode, party, supply,\n   433\t      edgeBiomes: opts.edg
eBiomes,\n   434\t      departureDayOfYear: opts.departureDayOfYear,\n   435\t 
    graph: opts.graph,\n   436\t      endId: opts.endId,\n   437\t      resuppl
yTierFor: opts.resupplyTierFor,\n   438\t      biomeForEdge: opts.biomeForEdge,
\n   439\t      totalDays: 0,\n   440\t      dayOffset: 0,\n   441\t      route
Seed: 0,\n   442\t      encountersByDay: new Map(),\n   443\t      edgesByDay: 
new Map(),\n   444\t      resupplyByDay: new Map(),\n   445\t      routeCivs: n
ew Set(),\n   446\t      supplyConstants: constants,\n   447\t      dayNum: 0,\
n   448\t      rationsLeft: constants.startingRations,\n   449\t      waterLeft
: constants.startingWater,\n   450\t      exhaustionLevel: 0,\n   451\t      fi
nished: true,\n   452\t      outcome: \'arrived\',\n   453\t    }\n   454\t  }\
n   455\t\n   456\t  const buckets = bucketRoute(route, season, mode, opts.edge
Biomes, 0, opts.resupplyTierFor)\n   457\t\n   458\t  return {\n   459\t    rou
te, season, mode, party, supply,\n   460\t    edgeBiomes: opts.edgeBiomes,\n   
461\t    departureDayOfYear: opts.departureDayOfYear,\n   462\t    graph: opts.
graph,\n   463\t    endId: opts.endId,\n   464\t    resupplyTierFor: opts.resup
plyTierFor,\n   465\t    biomeForEdge: opts.biomeForEdge,\n   466\t    totalDay
s: buckets.totalDays,\n   467\t    dayOffset: 0,\n   468\t    routeSeed: bucket
s.routeSeed,\n   469\t    encountersByDay: buckets.encountersByDay,\n   470\t  
 edgesByDay: buckets.edgesByDay,\n   471\t    resupplyByDay: buckets.resupplyBy
Day,\n   472\t    routeCivs: buckets.routeCivs,\n   473\t    supplyConstants: c
onstants,\n   474\t    dayNum: 0,\n   475\t    rationsLeft: constants.startingR
ations,\n   476\t    waterLeft: constants.startingWater,\n   477\t    exhaustio
nLevel: 0,\n   478\t    finished: false,\n   479\t    outcome: \'in-progress\',
\n   480\t  }\n   481\t}\n   482\t\n   483\tfunction burnModsForAction(action: 
Action): BurnModifiers {\n   484\t  if (action.kind === \'rest\') return { rati
ons: 0, water: 1 }\n   485\t  if (action.kind === \'force-march\') return { rat
ions: 2, water: 1.5 }\n   486\t  if (action.kind === \'ration\') return { ratio
ns: 0.5, water: 1 }\n   487\t  /* continue, reroute, turn-back use default 1×1.
*/\n   488\t  return { rations: 1, water: 1 }\n   489\t}\n   490\t\n   491\tfun
ction exhaustionDeltaForAction(action: Action): number {\n   492\t  if (action.
kind === \'rest\') return -1\n   493\t  if (action.kind === \'force-march\') re
turn 1\n   494\t  if (action.kind === \'ration\') return 1\n   495\t  return 0\
n   496\t}\n   497\t\n   498\t/**\n   499\t * Step one day forward. Pure: retur
ns a fresh state, never mutates the input.\n   500\t *\n   501\t * Actions:\n  
502\t * - `continue`   — normal day, default burn.\n   503\t * - `rest`       —
zero km, zero ration burn, full water burn, exhaustion −1.\n   504\t * - `force
-march` — ×2 ration / ×1.5 water burn this day, exhaustion +1.\n   505\t * - `r
ation`     — half ration burn this day, exhaustion +1.\n   506\t * - `reroute` 
  — snap to current node, re-route via findRouteWithFallback,\n   507\t *      
           recompute buckets for the new route segment. Requires\n   508\t *   
              `state.graph` + `state.endId` (sim harness only).\n   509\t * - `
turn-back`  — applies a normal day\'s burn (party is hiking back) and\n   510\t
*                  marks the journey aborted.\n   511\t */\n   512\texport func
tion nextDay(state: JourneyState, action: Action): NextDayResult {\n   513\t  i
f (state.finished) {\n   514\t    return { state, day: null, supply: null, outc
ome: state.outcome, advanced: false }\n   515\t  }\n   516\t\n   517\t  /* Rero
ute is a state-only operation: swap route + buckets, emit no day. */\n   518\t 
if (action.kind === \'reroute\') {\n   519\t    if (!state.graph || !state.endI
d) {\n   520\t      throw new Error(\'nextDay({kind:"reroute"}) requires state.
graph and state.endId\')\n   521\t    }\n   522\t    /* Snap current position t
o the closer endpoint of the current edge. */\n   523\t    const pos = locateAt
Day(state.route.edges, state.dayNum - state.dayOffset)\n   524\t    const snapI
dx = pos.t >= 0.5 ? pos.edgeIdx + 1 : pos.edgeIdx\n   525\t    const snapNode =
state.route.nodes[snapIdx]\n   526\t    if (!snapNode) {\n   527\t      throw n
ew Error(\'nextDay reroute: could not snap to a route node\')\n   528\t    }\n 
 529\t    const { route: newRoute } = findRouteWithFallback(\n   530\t      sta
te.graph, snapNode.id, state.endId, state.season, action.mode, state.party,\n  
531\t    )\n   532\t    if (!newRoute) {\n   533\t      /* No alternate route —
caller should treat as no-op or follow up with\n   534\t       * a turn-back. R
eturning advanced=false signals the action did nothing. */\n   535\t      retur
n { state, day: null, supply: null, outcome: state.outcome, advanced: false }\n
  536\t    }\n   537\t    const newBuckets = bucketRoute(newRoute, state.season
, action.mode, state.edgeBiomes, state.dayNum, state.resupplyTierFor)\n   538\t
   const nextState: JourneyState = {\n   539\t      ...state,\n   540\t      ro
ute: newRoute,\n   541\t      mode: action.mode,\n   542\t      totalDays: newB
uckets.totalDays,\n   543\t      dayOffset: state.dayNum,\n   544\t      routeS
eed: newBuckets.routeSeed,\n   545\t      encountersByDay: newBuckets.encounter
sByDay,\n   546\t      edgesByDay: newBuckets.edgesByDay,\n   547\t      resupp
lyByDay: newBuckets.resupplyByDay,\n   548\t      routeCivs: newBuckets.routeCi
vs,\n   549\t    }\n   550\t    return { state: nextState, day: null, supply: n
ull, outcome: \'in-progress\', advanced: true }\n   551\t  }\n   552\t\n   553\
t  const d = state.dayNum + 1\n   554\t  const localDay = d - state.dayOffset\n
  555\t  const isFinalDay = d === state.totalDays\n   556\t  const rng = mulber
ry32(state.routeSeed + localDay * 7919)\n   557\t  const baseEdgesInDay = state
.edgesByDay.get(d) || []\n   558\t  const edgesInDay = action.kind === \'rest\'
? [] : baseEdgesInDay\n   559\t\n   560\t  const totalKm = state.route.totalKm\
n   561\t  const totalDistanceSvg = state.route.totalDistanceSvg\n   562\t  con
st kmCovered = edgesInDay.reduce((sum, { edge, portion }) => {\n   563\t    con
st edgeKm = totalDistanceSvg > 0 ? totalKm * (edge.distanceSvg / totalDistanceS
vg) : 0\n   564\t    return sum + edgeKm * portion\n   565\t  }, 0)\n   566\t\n
  567\t  let startLabel: string\n   568\t  if (d === 1) {\n   569\t    startLab
el = `Depart ${state.route.nodes[0].name}`\n   570\t  } else {\n   571\t    con
st prevLocal = (d - 1) - state.dayOffset\n   572\t    /* If the prior day was a
rest (dayOffset boundary), prevLocal could be 0;\n   573\t     * that maps to "
at the origin of the current route segment". */\n   574\t    if (prevLocal <= 0
) {\n   575\t      startLabel = `Resume from ${state.route.nodes[0].name}`\n   
576\t    } else {\n   577\t      const prevPos = locateAtDay(state.route.edges,
prevLocal)\n   578\t      startLabel = `Resume from ${campLabelAt(state.route.n
odes, state.route.edges, prevPos.edgeIdx, prevPos.t).replace(/^Camp (?:at|on th
e) /, \'\')}`\n   579\t    }\n   580\t  }\n   581\t\n   582\t  let campLabel: s
tring\n   583\t  if (action.kind === \'rest\') {\n   584\t    /* Rest in place:
campLabel matches the prior day\'s camp (or origin on day 1). */\n   585\t    i
f (d === 1) {\n   586\t      campLabel = `Camp at ${state.route.nodes[0].name}`
\n   587\t    } else {\n   588\t      const prevLocal = (d - 1) - state.dayOffs
et\n   589\t      if (prevLocal <= 0) {\n   590\t        campLabel = `Camp at $
{state.route.nodes[0].name}`\n   591\t      } else {\n   592\t        const pre
vPos = locateAtDay(state.route.edges, prevLocal)\n   593\t        campLabel = c
ampLabelAt(state.route.nodes, state.route.edges, prevPos.edgeIdx, prevPos.t)\n 
 594\t      }\n   595\t    }\n   596\t  } else if (isFinalDay) {\n   597\t    c
ampLabel = `Arrive at ${state.route.nodes[state.route.nodes.length - 1].name}`\
n   598\t  } else {\n   599\t    const pos = locateAtDay(state.route.edges, loc
alDay)\n   600\t    campLabel = campLabelAt(state.route.nodes, state.route.edge
s, pos.edgeIdx, pos.t)\n   601\t  }\n   602\t\n   603\t  const day: JourneyDay 
= {\n   604\t    dayNum: d,\n   605\t    kmCovered,\n   606\t    startLabel,\n 
 607\t    campLabel,\n   608\t    weather: rollWeather(rng, state.season),\n   
609\t    encounters: action.kind === \'rest\' ? [] : (state.encountersByDay.get
(d) || []),\n   610\t    notable: action.kind === \'rest\'\n   611\t      ? [\'
Rest day — no progress.\']\n   612\t      : notableForDay(edgesInDay, d, state.
totalDays, state.party),\n   613\t    edgesTraversed: edgesInDay,\n   614\t  }\
n   615\t  if (action.kind === \'force-march\' && !state.party.forcedMarch) {\n
  616\t    /* Engine party.forcedMarch already emits its own notable; only add\
n   617\t     * the per-day version when the party isn\'t on a baseline forced 
march. */\n   618\t    day.notable.push(\'Force-march — supplies burn faster, e
xhaustion +1.\')\n   619\t  }\n   620\t  if (action.kind === \'ration\') {\n   
621\t    day.notable.push(\'Half-ration — supplies stretch, exhaustion +1.\')\n
  622\t  }\n   623\t  if (state.departureDayOfYear !== undefined && state.depar
tureDayOfYear > 0) {\n   624\t    const doy = ((state.departureDayOfYear - 1 + 
d - 1) % 365) + 1\n   625\t    day.dayOfYear = doy\n   626\t    const events = 
getEventsForDay(doy)\n   627\t    day.calendarEvents = state.routeCivs.size > 0
\n   628\t      ? events.filter(ev => ev.civilization === \'all\' || state.rout
eCivs.has(ev.civilization))\n   629\t      : events\n   630\t  }\n   631\t\n   
632\t  /* Supply burn. Resupply tier applies to camp on day d (state-derived).\
n   633\t   * Encounter cost is aggregated from the day\'s encounters (skipped 
on rest\n   634\t   * days, matching the rest-day encounter drop in day.encount
ers above). */\n   635\t  const aridity: AridityLevel = classifyAridity(edgesIn
Day, state.biomeForEdge)\n   636\t  const resupplyTier: ResupplyTier = state.re
supplyByDay.get(d) ?? \'none\'\n   637\t  const encounterCost = action.kind ===
\'rest\'\n   638\t    ? { rations: 0, water: 0 }\n   639\t    : (state.encounte
rsByDay.get(d) ?? []).reduce(\n   640\t        (acc, e) => ({\n   641\t        
 rations: acc.rations + e.supplyCost.rations,\n   642\t          water: acc.wat
er + e.supplyCost.water,\n   643\t        }),\n   644\t        { rations: 0, wa
ter: 0 },\n   645\t      )\n   646\t  const burn = applyDailyBurn(\n   647\t   
state.rationsLeft, state.waterLeft, state.supplyConstants,\n   648\t    state.p
arty, state.season, aridity, resupplyTier, burnModsForAction(action),\n   649\t
   encounterCost, state.mode,\n   650\t  )\n   651\t\n   652\t  /* Exhaustion. 
Floor at 0; rest never drops below 0. */\n   653\t  const exhaustion = Math.max
(0, state.exhaustionLevel + exhaustionDeltaForAction(action))\n   654\t  if (ex
haustion > 0) day.exhaustionLevel = exhaustion\n   655\t\n   656\t  /* Terminal
state. Supply outage doesn\'t auto-terminate (legacy parity);\n   657\t   * cal
lers read supply.warning to react. Only turn-back / arrival do. */\n   658\t  l
et outcome: DayOutcome = \'in-progress\'\n   659\t  let finished = false\n   66
0\t  if (action.kind === \'turn-back\') {\n   661\t    outcome = \'aborted\'\n 
 662\t    finished = true\n   663\t    day.notable.push(`Turn back on day ${d}.
`)\n   664\t  } else if (isFinalDay) {\n   665\t    outcome = \'arrived\'\n   6
66\t    finished = true\n   667\t  }\n   668\t\n   669\t  const supply: SupplyD
ay = {\n   670\t    dayNum: d,\n   671\t    rationsLeft: burn.rationsLeft,\n   
672\t    waterLeft: burn.waterLeft,\n   673\t    rationsBurnedToday: burn.ratio
nsBurnedToday,\n   674\t    waterBurnedToday: burn.waterBurnedToday,\n   675\t 
  warning: burn.warning,\n   676\t    ...(burn.resupplyFired !== undefined ? { 
resupplyFired: burn.resupplyFired } : {}),\n   677\t  }\n   678\t\n   679\t  co
nst nextState: JourneyState = {\n   680\t    ...state,\n   681\t    dayNum: d,\
n   682\t    rationsLeft: burn.rationsLeft,\n   683\t    waterLeft: burn.waterL
eft,\n   684\t    exhaustionLevel: exhaustion,\n   685\t    finished,\n   686\t
   outcome,\n   687\t  }\n   688\t\n   689\t  return { state: nextState, day, s
upply, outcome, advanced: true }\n   690\t}\n   691\t\n   692\t/* ─── Public AP
I (UI-facing) ─── */\n   693\t\n   694\texport function buildDailyBreakdown(\n 
 695\t  route: JourneyRoute,\n   696\t  season?: Season,\n   697\t  mode: Route
Mode = \'direct\',\n   698\t  edgeBiomes?: (string | undefined)[],\n   699\t  d
epartureDayOfYear?: number,\n   700\t  party?: PartyConfig\n   701\t): JourneyD
ay[] {\n   702\t  let state = initJourneyState({ route, season, mode, edgeBiome
s, departureDayOfYear, party })\n   703\t  const days: JourneyDay[] = []\n   70
4\t  /* Hard cap on iterations as a defensive floor — totalDays is the natural 
bound. */\n   705\t  let safety = state.totalDays + 1\n   706\t  while (!state.
finished && safety-- > 0) {\n   707\t    const result = nextDay(state, { kind: 
\'continue\' })\n   708\t    if (result.day) days.push(result.day)\n   709\t   
state = result.state\n   710\t  }\n   711\t  return days\n   712\t}\n   713\t\n
  714\t/* Allow other modules to reach the encounter-bucketing logic when neede
d\n   715\t * (kept as named exports rather than a sub-module to keep this file
the\n   716\t * single home for journey-step semantics). */\n   717\texport { g
enerateEncounters }\n   718\t/* Re-export aridity/burn types so sim consumers c
an import everything\n   719\t * step-related from one place. */\n   720\texpor
t type { AridityLevel } from \'./journey-supply\'\n',
        message='720 lines read from file starting from line 1. End of file rea
ched.',
        display=[],
        extras=None
    )
)
ToolCallPart(
    arguments_part='orchestrate\\\\wt\\\\passage-playtester\\\\web\\\\src\\\\ut
ils\\\\encounters.ts"}'
)
ToolCall(
    type='function',
    id='tool_6ewN997ubxo674W4lrdgkPJl',
    function=FunctionBody(
        name='ReadFile',
        arguments='{"path": "C:\\\\Users\\\\perry\\\\DevProjects\\\\veydria-car
tography\\\\.'
    ),
    extras=None
)
ToolResult(
    tool_call_id='tool_wWeZlkpHarXhtZL0fxvYNb0K',
    return_value=ToolOk(
        is_error=False,
        output='     1\t/**\n     2\t * encounters.ts — Deterministic encounter
generator for Journey Mode\n     3\t *\n     4\t * Given a route, season, and t
ravel mode, produces a reproducible set of\n     5\t * encounter beats seeded b
y the route signature. Same route → same encounters.\n     6\t *\n     7\t * Th
e beats are hand-authored lore seeds, not finished prose. The GM dresses them.\
n     8\t */\n     9\t\n    10\timport type { JourneyRoute, JourneyEdge, Season
, RouteMode } from \'./journey-graph\'\n    11\timport { isSeaLeg } from \'./jo
urney-graph\'\n    12\timport type { TimeOfDay } from \'./time-of-day\'\n    13
\timport { augmentPoolWithWeighted, externalBeatsFor } from \'./external-encoun
ters\'\n    14\t\n    15\texport interface Encounter {\n    16\t  segmentIdx: n
umber\n    17\t  beat: string\n    18\t  type: \'social\' | \'environmental\' |
\'combat\' | \'opportunity\'\n    19\t  severity: \'mild\' | \'moderate\' | \'s
evere\'\n    20\t  narrative: string\n    21\t  /** If this encounter was drawn
from a biome-specific beat, the biome name. */\n    22\t  biome?: string\n    2
3\t  /** Source encounter-canon key (e.g. `oravan.sperm_whale_deep_strait`) whe
n drawn\n    24\t   *  from worldbuilder\'s external pool; undefined for hand-a
uthored beats. Lets the\n    25\t   *  UI resolve an at-sea sighting back to it
s marginalia silhouette + canon name. */\n    26\t  key?: string\n    27\t  /**
Supply cost debited end-of-day, before resupply restore. Pure function of sever
ity (see severityCost). */\n    28\t  supplyCost: { rations: number; water: num
ber }\n    29\t  /**\n    30\t   * Time of day this encounter is set at. Assign
ed from a SEPARATE deterministic\n    31\t   * seed (see assignTimeOfDay) so it
never perturbs the beat-selection RNG stream\n    32\t   * — severity/type/supp
lyCost are unchanged, keeping the sim baseline intact.\n    33\t   * Weighted t
oward \'day\'; prose-anchored beats (Beat.timeOfDay) pin their own time.\n    3
4\t   */\n    35\t  timeOfDay: TimeOfDay\n    36\t}\n    37\t\n    38\t/** Dete
rministic severity → supply cost table. Mild stays cosmetic (0/0);\n    39\t * 
moderate burns one day-equivalent (1/1); severe burns two (2/2). */\n    40\tex
port function severityCost(severity: Encounter[\'severity\']): { rations: numbe
r; water: number } {\n    41\t  if (severity === \'severe\') return { rations: 
2, water: 2 }\n    42\t  if (severity === \'moderate\') return { rations: 1, wa
ter: 1 }\n    43\t  return { rations: 0, water: 0 }\n    44\t}\n    45\t\n    4
6\t/* ─── Seeded RNG ─── */\n    47\t\n    48\texport function djb2Hash(str: st
ring): number {\n    49\t  let h = 5381\n    50\t  for (let i = 0; i < str.leng
th; i++) {\n    51\t    h = ((h << 5) + h) + str.charCodeAt(i)\n    52\t  }\n  
 53\t  return h >>> 0\n    54\t}\n    55\t\n    56\texport function mulberry32(
a: number) {\n    57\t  return function () {\n    58\t    let t = (a += 0x6D2B7
9F5)\n    59\t    t = Math.imul(t ^ (t >>> 15), t | 1)\n    60\t    t ^= t + Ma
th.imul(t ^ (t >>> 7), t | 61)\n    61\t    return ((t ^ (t >>> 14)) >>> 0) / 4
294967296\n    62\t  }\n    63\t}\n    64\t\n    65\t/* ─── Beat pools ─── */\n
   66\t\n    67\texport interface Beat {\n    68\t  text: string\n    69\t  typ
e: Encounter[\'type\']\n    70\t  severity: Encounter[\'severity\']\n    71\t  
seasons?: Season[]\n    72\t  excludeSeasons?: Season[]\n    73\t  /** If set, 
this beat only surfaces when the hex\'s dominant biome matches. */\n    74\t  b
iome?: string\n    75\t  /** Source encounter-canon key, propagated from the ex
ternal pool (see Encounter.key). */\n    76\t  key?: string\n    77\t  /**\n   
78\t   * Times of day this beat is appropriate for. When set, the encounter\'s\
n    79\t   * time-of-day is chosen from this list (deterministically) instead 
of the\n    80\t   * default weighted roll — used to pin prose that names a tim
e ("at dawn",\n    81\t   * "blue at dusk") so the displayed badge never contra
dicts the text.\n    82\t   */\n    83\t  timeOfDay?: TimeOfDay[]\n    84\t}\n 
  85\t\n    86\texport const TRADE_ROUTE_BEATS: Beat[] = [\n    87\t  { text: \
'Copper merchant from the Irrah salt-flats offers passage in exchange for a let
ter of introduction.\', type: \'social\', severity: \'mild\' },\n    88\t  { te
xt: \'Khazadari money-changer sets up a folding table at the crossroads; rates 
favour khatti credit over coin.\', type: \'social\', severity: \'mild\' },\n   
89\t  { text: \'Qalībin path-finder argues the mapped trail is wrong — knows a 
dry wadi that cuts two days if you trust her.\', type: \'opportunity\', severit
y: \'moderate\' },\n    90\t  { text: \'Oravan wave-tithe collector boards the 
coastal leg; demands duty or a convincing story.\', type: \'social\', severity:
\'moderate\' },\n    91\t  { text: \'Ndajdi foresters demand a "green toll" — p
ayment in seed or labour, not metal.\', type: \'social\', severity: \'mild\' },
\n    92\t  { text: \'Caravan of Kheshkai wool-merchants overtakes you at dawn;
their pace reveals a hidden watering hole.\', type: \'opportunity\', severity: 
\'mild\', timeOfDay: [\'dawn\'] },\n    93\t  { text: \'Ngaru-Bon slate-porters
refuse to share the trail; their loads are fragile and their tempers shorter.\'
, type: \'social\', severity: \'moderate\' },\n    94\t  { text: \'A broken axl
e on a southbound steel cart blocks the Copper for Steel Road; the smith\\\'s a
pprentice weeps openly.\', type: \'environmental\', severity: \'moderate\' },\n
   95\t  { text: \'Spring floods have washed out the ford; an Irrah guide offer
s to swim the rope across for a salt-cube fee.\', type: \'environmental\', seve
rity: \'moderate\', seasons: [\'spring\'], key: \'ford\' },\n    96\t  { text: 
\'Summer heat warps the horizon; a mirage shows the Tavakh Qarat spires where n
o citadel has ever stood.\', type: \'environmental\', severity: \'mild\', seaso
ns: [\'summer\'] },\n    97\t  { text: \'Autumn mud on the Basin track swallows
cart-wheels whole; a Qalībin crew will winch you out for a favour owed.\', type
: \'environmental\', severity: \'moderate\', seasons: [\'autumn\'] },\n    98\t
 { text: \'Winter ice sheaths the mountain road; a Khazadari patrol passes in s
ilence, their yak-hair boots making no sound.\', type: \'environmental\', sever
ity: \'mild\', seasons: [\'winter\'] },\n    99\t  { text: \'Banditry: masked r
iders fan out from a Ngaru-Bon scrub-line and demand the strongbox by the count
of three. They know your cargo manifest by name.\', type: \'combat\', severity:
\'severe\', key: \'bandits\' },\n   100\t  { text: \'A Basin customs raid surro
unds the caravan at dawn — letters of credit are seized for "audit", and the se
nior scribe is meant to ride back to the Tavakh Qarat under guard.\', type: \'s
ocial\', severity: \'severe\', timeOfDay: [\'dawn\'] },\n   101\t  { text: \'Pl
ague-quarantine: an Irrah salt-flats outrider blocks the road with a red banner
. No party crosses without a fortnight\\\'s wait at the cordon, or a forged sea
l of clean passage.\', type: \'environmental\', severity: \'severe\' },\n   102
\t  // Biome-specific trade-route beats\n   103\t  { text: \'A sand-wraith ride
s the dune-crest at noon — heat-shimmer or spirit, the caravan master will not 
wait to find out.\', type: \'environmental\', severity: \'moderate\', biome: \'
Desert\', timeOfDay: [\'day\'] },\n   104\t  { text: \'The salt-crust crunches 
under wheel; a sabkha sinkhole opens, swallowing the rear cart whole.\', type: 
\'environmental\', severity: \'severe\', biome: \'Sabkha\' },\n   105\t  { text
: \'Date-palm shade at the oasis well; a water-rights dispute between two Irrah
clans boils over.\', type: \'social\', severity: \'moderate\', biome: \'Oasis\'
},\n   106\t  { text: \'Mangrove roots tangle the trail; crocodiles sun on mud-
banks and the guide will not pole past them.\', type: \'environmental\', severi
ty: \'moderate\', biome: \'Mangrove swamp\' },\n   107\t  { text: \'The Ndajdi 
floodplain is a maze of seasonal channels; a stranded fisher-family waves from 
a mud island.\', type: \'opportunity\', severity: \'mild\', biome: \'Floodplain
\' },\n   108\t  { text: \'Qollari mist closes to arm\\\'s length; moss-draped 
trees hide a trail-marker and the path doubles back.\', type: \'environmental\'
, severity: \'mild\', biome: \'Cloud forest\' },\n   109\t  { text: \'Grass fir
es on the horizon; Ngaru-Bon herders drive their flock across the trade road wi
thout apology.\', type: \'environmental\', severity: \'moderate\', biome: \'Hig
hland savanna\' },\n   110\t  { text: \'Kheshkai wind erosion has exposed a bon
e-bed; a Khazadari scholar pays silver for intact skulls.\', type: \'opportunit
y\', severity: \'mild\', biome: \'Steppe\' },\n   111\t  { text: \'Oravan pumic
e dust coats every surface; the crew coughs blood and the captain consults a wi
nd-witch.\', type: \'environmental\', severity: \'severe\', biome: \'Volcanic a
rchipelago\' },\n   112\t  { text: \'Narrow channels between Ndajdi rice paddie
s; a tax-collector\\\'s skiff demands toll in kind.\', type: \'social\', severi
ty: \'mild\', biome: \'Monsoon delta\' },\n   113\t]\n   114\t\n   115\texport 
const CHOKEPOINT_BEATS: Beat[] = [\n   116\t  { text: \'Lam-Chen pass guards de
mand toll in Qalībin salt-cubes, not coin. They weigh each cube on a brass scal
e.\', type: \'social\', severity: \'moderate\' },\n   117\t  { text: \'Rockfall
blocks the trail; voices echo from above — survivors of yesterday\\\'s slide, o
r scavengers already picking?\', type: \'environmental\', severity: \'severe\' 
},\n   118\t  { text: \'Smith-pilgrim seeks an escort through the pass; carries
ingots stamped with a dead khatt\\\'s seal. Trouble follows.\', type: \'opportu
nity\', severity: \'moderate\' },\n   119\t  { text: \'Maritime patrol from the
Basin stops all traffic; searching for a smuggler of khatti letters of credit.\
', type: \'social\', severity: \'severe\' },\n   120\t  { text: \'Mountain fog 
rolls in at midday; the cairn-marks are wrong, or someone moved them. The guide
is praying.\', type: \'environmental\', severity: \'severe\', timeOfDay: [\'day
\'] },\n   121\t  { text: \'River-crossing ferryman claims the current is too s
trong; wants double. The guide-rope looks badly frayed.\', type: \'environmenta
l\', severity: \'moderate\' },\n   122\t  { text: \'A corpse at the pass mouth,
stripped of boots and water-skin; the birds haven\\\'t found it yet, but the fl
ies have.\', type: \'environmental\', severity: \'mild\' },\n   123\t  { text: 
\'Halkar Straits cyclone warning; vessels shelter in a cove where an old Oravan
beacon still burns blue at dusk.\', type: \'environmental\', severity: \'severe
\', seasons: [\'summer\', \'autumn\'], timeOfDay: [\'dusk\'] },\n   124\t  { te
xt: \'Bandit-sign scratched into the pass wall — three vertical lines, meaning 
"rich, armed, willing to talk".\', type: \'social\', severity: \'moderate\' },\
n   125\t  { text: \'A Khazadari outpost offers hot tea and stale bread; the co
mmander wants news from the southern road.\', type: \'opportunity\', severity: 
\'mild\' },\n   126\t  // Biome-specific chokepoint beats\n   127\t  { text: \'
The pass floor is loose scree over hardpan; every step kicks up alkali dust tha
t blinds and chokes.\', type: \'environmental\', severity: \'moderate\', biome:
\'Desert\' },\n   128\t  { text: \'The cliff trail is a goat-track hacked into 
basalt; one misstep and the scree-slide carries you to the wadi floor.\', type:
\'environmental\', severity: \'severe\', biome: \'Escarpment\' },\n   129\t  { 
text: \'The gorge narrows to a single file between vertical walls; flash-flood 
roar from upstream — move or drown.\', type: \'environmental\', severity: \'sev
ere\', biome: \'River gorge\' },\n   130\t  { text: \'Above the tree line, fros
t heave has shattered the trail; every rock wobbles and the air is thin enough 
to cut.\', type: \'environmental\', severity: \'moderate\', biome: \'Afroalpine
heath\' },\n   131\t]\n   132\t\n   133\texport const INTRA_CIV_BEATS: Beat[] =
[\n   134\t  { text: \'Oasis hospitality: the headman insists on three cups of 
sweet tea before any business is discussed.\', type: \'social\', severity: \'mi
ld\' },\n   135\t  { text: \'Qalībin path-finder negotiation: she won\\\'t guid
e without a blood-oath, but her rate is half the khatt standard.\', type: \'soc
ial\', severity: \'moderate\' },\n   136\t  { text: \'Salt caravan crossing at 
dawn; the Irrah drivers sing a mourning hymn for the desert they left three wee
ks ago.\', type: \'social\', severity: \'mild\', timeOfDay: [\'dawn\'] },\n   1
37\t  { text: \'A tsetse-fly swarm rises from the Ndajdi canopy; the horses pan
ic and the guide curses in three languages.\', type: \'environmental\', severit
y: \'moderate\', seasons: [\'spring\', \'summer\'] },\n   138\t  { text: \'Loca
l festival in the Kheshkai high pastures; every road is a dance floor and every
merchant thinks they\\\'re a poet.\', type: \'opportunity\', severity: \'mild\'
},\n   139\t  { text: \'Basin fever — two members of the party wake shivering. 
The Tavakh Qarat healer charges in letters of credit, not coin.\', type: \'envi
ronmental\', severity: \'severe\', seasons: [\'summer\', \'autumn\'], key: \'fe
ver\' },\n   140\t  { text: \'Ngaru-Bon slate-quarry overseer mistakes you for 
escaped labour; his guards are poorly paid and well-armed.\', type: \'combat\',
severity: \'severe\' },\n   141\t  { text: \'A Khazadari scholar by the roadsid
e, measuring shadows with a brass astrolabe; she\\\'ll pay for fresh observatio
ns.\', type: \'opportunity\', severity: \'mild\' },\n   142\t  { text: \'Oravan
fisher-folk offer dried wave-cod and rumours of a drowned city off the cape, vi
sible only at low tide.\', type: \'opportunity\', severity: \'mild\' },\n   143
\t  { text: \'Winter on the Copper for Steel Road: a frozen mule blocks the swi
tchback, and wolf-tracks have been seen at dusk.\', type: \'environmental\', se
verity: \'moderate\', seasons: [\'winter\'], timeOfDay: [\'dusk\'] },\n   144\t
 // Biome-specific intra-civ beats\n   145\t  { text: \'Irrah well-keepers char
ge by the sip; their grandfather\\\'s grandfather dug this hole and the debt is
hereditary.\', type: \'social\', severity: \'mild\', biome: \'Oasis\' },\n   14
6\t  { text: \'Ndajdi charcoal-burners work the mangrove edge; they know every 
crocodile by sight and every smuggler by name.\', type: \'social\', severity: \
'moderate\', biome: \'Mangrove swamp\' },\n   147\t  { text: \'Qollari mushroom
-gatherers mark their territory with coloured thread; cross the wrong colour an
d the spores answer.\', type: \'environmental\', severity: \'moderate\', biome:
\'Cloud forest\' },\n   148\t  { text: \'Ngaru-Bon pastoralists graze their lon
g-horns on the high meadows; their dogs are bred to intimidate leopards.\', typ
e: \'social\', severity: \'mild\', biome: \'Highland savanna\' },\n   149\t  { 
text: \'Kheshkai felt-yurt encampment; the headman\\\'s daughter offers kumis a
nd challenges the strongest to a wrestling match.\', type: \'opportunity\', sev
erity: \'mild\', biome: \'Steppe\' },\n   150\t  { text: \'Oravan hot-spring vi
llage; sulphur steam and fish-drying racks, and rumours of a drowned god in the
caldera lake.\', type: \'opportunity\', severity: \'moderate\', biome: \'Volcan
ic archipelago\' },\n   151\t  { text: \'Ndajdi floating market; produce sold f
rom pole-boats, and the current carries away what the tide doesn\\\'t claim.\',
type: \'social\', severity: \'mild\', biome: \'Monsoon delta\' },\n   152\t]\n 
 153\t\n   154\texport const NOTHING_BEATS: Beat[] = [\n   155\t  { text: \'Une
ventful leg. The road is quiet, the weather holds, and the only sound is your o
wn footsteps.\', type: \'environmental\', severity: \'mild\' },\n   156\t  { te
xt: \'Routine travel. Nothing of note disturbs the journey.\', type: \'environm
ental\', severity: \'mild\' },\n   157\t  { text: \'The trail is well-maintaine
d and well-travelled. You make good time.\', type: \'environmental\', severity:
\'mild\' },\n   158\t  // Biome-specific nothing beats\n   159\t  { text: \'The
dune crest holds its breath. Nothing moves but heat.\', type: \'environmental\'
, severity: \'mild\', biome: \'Desert\' },\n   160\t  { text: \'Cracked salt pa
n stretches to the horizon. The earth breathes out alkali dust.\', type: \'envi
ronmental\', severity: \'mild\', biome: \'Sabkha\' },\n   161\t  { text: \'Date
palms rustle overhead. Water drips from a clay channel, slow and steady.\', typ
e: \'environmental\', severity: \'mild\', biome: \'Oasis\' },\n   162\t  { text
: \'Tide is out. Mudskippers flicker across the flat and the roots are silent.\
', type: \'environmental\', severity: \'mild\', biome: \'Mangrove swamp\' },\n 
 163\t  { text: \'Wide brown water slides past without a ripple. The channel ha
s not shifted today.\', type: \'environmental\', severity: \'mild\', biome: \'F
loodplain\' },\n   164\t  { text: \'Mist clings to the canopy. Somewhere a drip
falls, then another, then nothing.\', type: \'environmental\', severity: \'mild
\', biome: \'Cloud forest\' },\n   165\t  { text: \'Grass stretches gold to the
horizon. The wind passes through without troubling it.\', type: \'environmental
\', severity: \'mild\', biome: \'Highland savanna\' },\n   166\t  { text: \'Win
d erosion has scoured the ridge to bare gravel. Not even a lizard stirs.\', typ
e: \'environmental\', severity: \'mild\', biome: \'Steppe\' },\n   167\t  { tex
t: \'Pumice beach, grey and glassy. The tide withdraws with a sigh.\', type: \'
environmental\', severity: \'mild\', biome: \'Volcanic archipelago\' },\n   168
\t  { text: \'Channels between the rice paddies run clear and slow. No boats pa
ss.\', type: \'environmental\', severity: \'mild\', biome: \'Monsoon delta\' },
\n   169\t  { text: \'The cliff face is sheer and silent. A hawk turns on an up
draft, then is gone.\', type: \'environmental\', severity: \'mild\', biome: \'E
scarpment\' },\n   170\t  { text: \'The gorge holds the river in shadow. The wa
ter mutters to itself, nothing more.\', type: \'environmental\', severity: \'mi
ld\', biome: \'River gorge\' },\n   171\t  { text: \'Tussock grass and stone. T
he air is thin and still, and the sky very close.\', type: \'environmental\', s
everity: \'mild\', biome: \'Afroalpine heath\' },\n   172\t  // Biome + season 
specific nothing beats\n   173\t  { text: \'The sand burns through boot-soles a
t noon. Even the flies have gone to ground.\', type: \'environmental\', severit
y: \'mild\', biome: \'Desert\', seasons: [\'summer\'] },\n   174\t  { text: \'F
rost rimes the dune-shadows at dawn. The desert does not forgive the cold eithe
r.\', type: \'environmental\', severity: \'mild\', biome: \'Desert\', seasons: 
[\'winter\'], timeOfDay: [\'dawn\'] },\n   175\t  { text: \'Snow has erased the
horizon. The wind carries nothing but the memory of grass.\', type: \'environme
ntal\', severity: \'mild\', biome: \'Steppe\', seasons: [\'winter\'] },\n   176
\t  { text: \'Dry thunder rumbles to the north. The grass is brown and brittle 
underfoot.\', type: \'environmental\', severity: \'mild\', biome: \'Steppe\', s
easons: [\'summer\'] },\n   177\t  { text: \'Snow settles into the tussocks. Th
e world has narrowed to the next cairn and the next.\', type: \'environmental\'
, severity: \'mild\', biome: \'Afroalpine heath\', seasons: [\'winter\'] },\n  
178\t  { text: \'Alpine gentians star the meadow. The silence is different here
— thinner, older.\', type: \'environmental\', severity: \'mild\', biome: \'Afro
alpine heath\', seasons: [\'summer\'] },\n   179\t  { text: \'Rain does not fal
l; it simply is. Every surface weeps and the trail is mud.\', type: \'environme
ntal\', severity: \'mild\', biome: \'Cloud forest\', seasons: [\'winter\'] },\n
  180\t  { text: \'Mist burns off by midday. For an hour the canopy is gold-gre
en and loud with unseen birds.\', type: \'environmental\', severity: \'mild\', 
biome: \'Cloud forest\', seasons: [\'summer\'], timeOfDay: [\'day\'] },\n   181
\t  { text: \'The paddies are lakes. Rain falls in sheets that blur the boundar
y between sky and water.\', type: \'environmental\', severity: \'mild\', biome:
\'Monsoon delta\', seasons: [\'summer\'] },\n   182\t  { text: \'Harvest stubbl
e smokes on the bunds. The channels run low and the mud holds the heat.\', type
: \'environmental\', severity: \'mild\', biome: \'Monsoon delta\', seasons: [\'
winter\'] },\n   183\t]\n   184\t\n   185\t/**\n   186\t * Quiet-leg beats for 
SEA legs (Oravan straits / Aethelian Basin crossings). The\n   187\t * land NOT
HING_BEATS speak of roads and footsteps, which read wrong on open water;\n   18
8\t * a sea leg draws from these instead. Em-dash-free, grounded house voice.\n
  189\t */\n   190\texport const SEA_NOTHING_BEATS: Beat[] = [\n   191\t  { tex
t: \'A steady beam wind. The hull works quietly and the wake runs straight behi
nd you.\', type: \'environmental\', severity: \'mild\' },\n   192\t  { text: \'
Flat calm. The sail hangs slack and the sea lies like beaten pewter to every ho
rizon.\', type: \'environmental\', severity: \'mild\' },\n   193\t  { text: \'T
he watch changes without a word. Only the creak of cordage and the slow lift of
the swell.\', type: \'environmental\', severity: \'mild\' },\n   194\t  { text:
\'A green thread of phosphorescence trails off the rudder. Nothing else stirs t
he dark water.\', type: \'environmental\', severity: \'mild\', timeOfDay: [\'ni
ght\'] },\n   195\t  { text: \'A far sail holds the same bearing all afternoon 
and never closes the distance.\', type: \'environmental\', severity: \'mild\', 
timeOfDay: [\'day\'] },\n   196\t  { text: \'Open water, an even swell. The lea
dsman finds no bottom and the nakhoda is content.\', type: \'environmental\', s
everity: \'mild\' },\n   197\t  { text: \'The trade wind holds fair and dry. Yo
u log good distance and the casks stay full.\', type: \'environmental\', severi
ty: \'mild\', seasons: [\'summer\'] },\n   198\t  { text: \'A cold grey sea and
a reefed sail. The crossing is slow, but the straits stay open.\', type: \'envi
ronmental\', severity: \'mild\', seasons: [\'winter\'] },\n   199\t]\n   200\t\
n   201\texport function poolForEdgeType(type: string): Beat[] {\n   202\t  swi
tch (type) {\n   203\t    case \'trade_route\': return TRADE_ROUTE_BEATS\n   20
4\t    case \'chokepoint\': return CHOKEPOINT_BEATS\n   205\t    case \'intra_c
iv\': return INTRA_CIV_BEATS\n   206\t    default: return INTRA_CIV_BEATS\n   2
07\t  }\n   208\t}\n   209\t\n   210\texport function filterBySeason(pool: Beat
[], season?: Season): Beat[] {\n   211\t  if (!season) return pool\n   212\t  c
onst general = pool.filter(b => !b.seasons && !b.excludeSeasons)\n   213\t  con
st specific = pool.filter(b => {\n   214\t    if (b.seasons && !b.seasons.inclu
des(season)) return false\n   215\t    if (b.excludeSeasons && b.excludeSeasons
.includes(season)) return false\n   216\t    return true\n   217\t  })\n   218\
t  // If there are season-specific beats, mix them in heavily so they surface\n
  219\t  return specific.length > 0 ? [...specific, ...general] : general\n   2
20\t}\n   221\t\n   222\t/**\n   223\t * Filter a pool by biome.\n   224\t *\n 
 225\t * If `biome` is provided and the pool contains at least one beat tagged\
n   226\t * with that biome, return only the matching beats.\n   227\t * Otherw
ise return the full pool unchanged (fallback to region-wide table).\n   228\t *
/\n   229\texport function filterByBiome(pool: Beat[], biome?: string): Beat[] 
{\n   230\t  if (!biome) return pool\n   231\t  const matched = pool.filter(b =
> b.biome === biome)\n   232\t  return matched.length > 0 ? matched : pool\n   
233\t}\n   234\t\n   235\t/**\n   236\t * Filter nothing beats by biome.\n   23
7\t *\n   238\t * If `biome` is provided and at least one nothing beat is tagge
d for it,\n   239\t * return only those. Otherwise return the generic (untagged
) beats.\n   240\t * If no biome is provided, only generic beats are returned.\
n   241\t */\n   242\texport function filterNothingBeats(biome?: string, season
?: Season, sea = false): Beat[] {\n   243\t  // A quiet sea crossing reads as o
pen water, not a quiet road.\n   244\t  if (sea) return filterBySeason(SEA_NOTH
ING_BEATS, season)\n   245\t  const generic = NOTHING_BEATS.filter(b => !b.biom
e)\n   246\t  if (!biome) return filterBySeason(generic, season)\n   247\t  con
st matched = NOTHING_BEATS.filter(b => b.biome === biome)\n   248\t  return fil
terBySeason(matched.length > 0 ? matched : generic, season)\n   249\t}\n   250\
t\n   251\t/* ─── Time of day ─── */\n   252\t\n   253\t/**\n   254\t * Time-fl
avored prose that REPLACES an encounter\'s beat text when it rolls a\n   255\t 
* non-day time. Matched by (type, time); the base beat\'s severity, type, and\n
  256\t * biome are preserved, so this only changes the displayed prose — never
the\n   257\t * sim\'s supply/danger aggregates. Kept severity-neutral so any b
ase severity\n   258\t * reads fine. Authored as a separate overlay, never mixe
d into the draw pools\n   259\t * (mixing would change pool length and perturb 
the beat-selection RNG stream).\n   260\t */\n   261\texport const TIME_OF_DAY_
BEATS: Array<{ text: string; type: Encounter[\'type\']; times: TimeOfDay[] }> =
[\n   262\t  // combat\n   263\t  { text: \'They come at the edge of the fireli
ght — the watch is roused a heartbeat before the first arrow.\', type: \'combat
\', times: [\'night\'] },\n   264\t  { text: \'The ambush springs at last light
, when the eye can no longer tell a friend from a standing stone.\', type: \'co
mbat\', times: [\'dusk\'] },\n   265\t  { text: \'Grey dawn reveals the trap al
ready laid — figures rise from the cold ground on every side.\', type: \'combat
\', times: [\'dawn\'] },\n   266\t  // social\n   267\t  { text: \'A lantern bo
bs up the dark road; whoever carries it wants your fire, and a share of your ne
ws.\', type: \'social\', times: [\'night\'] },\n   268\t  { text: \'As camp is 
struck at dusk a stranger drifts in off the trail, asking to share the road com
e morning.\', type: \'social\', times: [\'dusk\'] },\n   269\t  { text: \'They 
are waiting at the dawn cookfire already, having walked through the night to re
ach you.\', type: \'social\', times: [\'dawn\'] },\n   270\t  // environmental\
n   271\t  { text: \'The trail all but vanishes in the dark; every footfall is 
a wager against the drop on the left.\', type: \'environmental\', times: [\'nig
ht\'] },\n   272\t  { text: \'Failing light flattens the ground to a single gre
y plane — path and hazard become one.\', type: \'environmental\', times: [\'dus
k\'] },\n   273\t  { text: \'First light shows what the dark hid: the way ahead
is washed out, and the detour is on no map.\', type: \'environmental\', times: 
[\'dawn\'] },\n   274\t  // opportunity\n   275\t  { text: \'A cookfire smokes 
off the trail in the dark; whoever keeps it has what you lack, if you can deal.
\', type: \'opportunity\', times: [\'night\'] },\n   276\t  { text: \'Dusk ligh
t catches something off the path — worth the short climb before the dark closes
in.\', type: \'opportunity\', times: [\'dusk\'] },\n   277\t  { text: \'Dawn de
w shows fresh tracks, broken not an hour past; someone moved in the night and l
eft a trail.\', type: \'opportunity\', times: [\'dawn\'] },\n   278\t]\n   279\
t\n   280\t/** Decorrelates the time-of-day seed from the beat-selection seed (
golden ratio). */\n   281\tconst TOD_SEED_OFFSET = 0x9e3779b9\n   282\t/** Chan
ce a non-day, non-prose-anchored encounter gets time-flavored prose. */\n   283
\tconst TIME_OVERLAY_CHANCE = 0.6\n   284\t\n   285\t/** Weighted time-of-day r
oll: most travel is by day, so night reads as special. */\n   286\tfunction pic
kWeightedTime(rng: () => number): TimeOfDay {\n   287\t  const r = rng()\n   28
8\t  if (r < 0.50) return \'day\'\n   289\t  if (r < 0.67) return \'dawn\'\n   
290\t  if (r < 0.84) return \'dusk\'\n   291\t  return \'night\'\n   292\t}\n  
293\t\n   294\t/** Time-of-day for a beat: its prose-anchored time if set, else
a weighted roll. */\n   295\texport function pickEncounterTime(beat: Beat, rng:
() => number): TimeOfDay {\n   296\t  return beat.timeOfDay && beat.timeOfDay.l
ength > 0\n   297\t    ? beat.timeOfDay[Math.floor(rng() * beat.timeOfDay.lengt
h)]\n   298\t    : pickWeightedTime(rng)\n   299\t}\n   300\t\n   301\tfunction
timeOverlayFor(type: Encounter[\'type\'], time: TimeOfDay, rng: () => number): 
string | undefined {\n   302\t  if (time === \'day\') return undefined\n   303\
t  const matches = TIME_OF_DAY_BEATS.filter(b => b.type === type && b.times.inc
ludes(time))\n   304\t  if (matches.length === 0) return undefined\n   305\t  r
eturn matches[Math.floor(rng() * matches.length)].text\n   306\t}\n   307\t\n  
308\t/**\n   309\t * Build an Encounter from a chosen Beat. Time-of-day (and an
y time-flavored\n   310\t * prose overlay) are derived from `todSeed` — a SEPAR
ATE mulberry32 instance —\n   311\t * so the caller\'s beat-selection RNG strea
m, and therefore severity / type /\n   312\t * supplyCost and the sim baseline,
are never perturbed. `allowOverlay` is false\n   313\t * for "nothing" filler b
eats (a quiet leg shouldn\'t morph into a night ambush).\n   314\t */\n   315\t
function makeEncounter(beat: Beat, segmentIdx: number, todSeed: number, allowOv
erlay: boolean): Encounter {\n   316\t  const todRng = mulberry32(todSeed)\n   
317\t  const time = pickEncounterTime(beat, todRng)\n   318\t  let text = beat.
text\n   319\t  if (allowOverlay && !beat.timeOfDay && time !== \'day\' && todR
ng() < TIME_OVERLAY_CHANCE) {\n   320\t    const overlay = timeOverlayFor(beat.
type, time, todRng)\n   321\t    if (overlay) text = overlay\n   322\t  }\n   3
23\t  return {\n   324\t    segmentIdx,\n   325\t    beat: text,\n   326\t    t
ype: beat.type,\n   327\t    severity: beat.severity,\n   328\t    narrative: t
ext,\n   329\t    biome: beat.biome,\n   330\t    key: beat.key,\n   331\t    s
upplyCost: severityCost(beat.severity),\n   332\t    timeOfDay: time,\n   333\t
 }\n   334\t}\n   335\t\n   336\t/* ─── Public API ─── */\n   337\t\n   338\t/*
* The basin node carries civ === its id; alias it to the canon sea-civ so the\n
  339\t *  Aethelian at-sea sightings (civ: \'aethelian\') can match a basin-to
uching leg. */\n   340\tconst CIV_ALIAS_FOR_EXTERNAL: Record<string, string> = 
{ aethelian_basin: \'aethelian\' }\n   341\t\n   342\t/**\n   343\t * The beat 
pool for one leg. On a SEA leg the land caravan/bandit beats are wrong,\n   344
\t * so we draw from the water-civ\'s external sea beats instead (megafauna sig
htings,\n   345\t * island/outrigger beats). Falls back to the normal land pool
when external data is\n   346\t * OFF (the Node sim never loads it) so the sim 
baseline stays byte-identical; on a\n   347\t * non-sea leg this is exactly the
prior augmentPoolWithWeighted behaviour.\n   348\t *\n   349\t * Determinism: t
his only changes WHICH array the single seeded pick indexes into —\n   350\t * 
no rng() call is added or removed.\n   351\t */\n   352\tfunction poolForLeg(\n
  353\t  edge: JourneyEdge,\n   354\t  edgeCivs: (string | undefined)[],\n   35
5\t  biome: string | undefined,\n   356\t  season: Season | undefined,\n   357\
t  sea: boolean,\n   358\t): Beat[] {\n   359\t  const opts = sea ? { seaChokep
oint: true } : undefined\n   360\t  if (sea) {\n   361\t    const seaBeats = ex
ternalBeatsFor(edgeCivs, edge.type, biome, opts)\n   362\t    if (seaBeats.leng
th) return seaBeats\n   363\t  }\n   364\t  return augmentPoolWithWeighted(\n  
365\t    filterByBiome(filterBySeason(poolForEdgeType(edge.type), season), biom
e),\n   366\t    edgeCivs, edge.type, biome, opts,\n   367\t  )\n   368\t}\n   
369\t\n   370\texport function generateEncounters(\n   371\t  route: JourneyRou
te,\n   372\t  season?: Season,\n   373\t  mode: RouteMode = \'direct\',\n   37
4\t  edgeBiomes?: (string | undefined)[]\n   375\t): Encounter[] {\n   376\t  c
onst sig = route.nodes.map(n => n.id).join(\'|\') + \'#\' + (season || \'any\')
+ \'#\' + mode\n   377\t  const seed = djb2Hash(sig)\n   378\t  const rng = mul
berry32(seed)\n   379\t  const todBase = seed ^ TOD_SEED_OFFSET\n   380\t  cons
t nodeOf = new Map(route.nodes.map(n => [n.id, n]))\n   381\t\n   382\t  const 
encounters: Encounter[] = []\n   383\t\n   384\t  for (let i = 0; i < route.edg
es.length; i++) {\n   385\t    const edge = route.edges[i]\n   386\t    const f
romNode = nodeOf.get(edge.from)\n   387\t    const toNode = nodeOf.get(edge.to)
\n   388\t    const sea = isSeaLeg(fromNode, toNode)\n   389\t    // The basin 
is ingested as a node whose civ is its id (`aethelian_basin`), so\n   390\t    
// the Aethelian sea-fauna rows (civ: \'aethelian\') would never match. Alias i
t\n   391\t    // for external matching only — a no-op on every non-basin leg.\
n   392\t    const edgeCivs = [fromNode?.civ, toNode?.civ].map(c => (c && CIV_A
LIAS_FOR_EXTERNAL[c]) || c)\n   393\t    const pool = poolForLeg(edge, edgeCivs
, edgeBiomes?.[i], season, sea)\n   394\t\n   395\t    // Roll: 30% chance of n
othing on trade routes, 15% on chokepoints, 40% on intra-civ\n   396\t    const
nothingChance = edge.type === \'chokepoint\' ? 0.15 : edge.type === \'trade_rou
te\' ? 0.30 : 0.40\n   397\t    if (rng() < nothingChance) {\n   398\t      con
st nothingPool = filterNothingBeats(edgeBiomes?.[i], season, sea)\n   399\t    
 const nothing = nothingPool[Math.floor(rng() * nothingPool.length)]\n   400\t 
    encounters.push(makeEncounter(nothing, i, todBase + i * 131, false))\n   40
1\t      continue\n   402\t    }\n   403\t\n   404\t    const beat = pool[Math.
floor(rng() * pool.length)]\n   405\t    encounters.push(makeEncounter(beat, i,
todBase + i * 131 + 977, true))\n   406\t\n   407\t    // Long legs get a secon
d encounter\n   408\t    if ((edge.segmentDays || 0) > 5) {\n   409\t      cons
t secondRng = mulberry32(seed + i + 10007)\n   410\t      if (secondRng() >= no
thingChance) {\n   411\t        const secondPool = poolForLeg(edge, edgeCivs, e
dgeBiomes?.[i], season, sea)\n   412\t        const beat2 = secondPool[Math.flo
or(secondRng() * secondPool.length)]\n   413\t        encounters.push(makeEncou
nter(beat2, i, todBase + i * 131 + 1954, true))\n   414\t      }\n   415\t    }
\n   416\t  }\n   417\t\n   418\t  return encounters\n   419\t}\n   420\t\n   4
21\texport function encounterTypeIcon(type: Encounter[\'type\']): string {\n   
422\t  switch (type) {\n   423\t    case \'social\': return \'◎\'\n   424\t    
case \'environmental\': return \'❋\'\n   425\t    case \'combat\': return \'✦\'
\n   426\t    case \'opportunity\': return \'◈\'\n   427\t    default: return \
'•\'\n   428\t  }\n   429\t}\n   430\t\n   431\texport function encounterSeveri
tyLabel(severity: Encounter[\'severity\']): string {\n   432\t  switch (severit
y) {\n   433\t    case \'mild\': return \'Mild\'\n   434\t    case \'moderate\'
: return \'Moderate\'\n   435\t    case \'severe\': return \'Severe\'\n   436\t
   default: return \'\'\n   437\t  }\n   438\t}\n',
        message='438 lines read from file starting from line 1. End of file rea
ched.',
        display=[],
        extras=None
    )
)
ToolCallPart(
    arguments_part='orchestrate\\\\wt\\\\passage-playtester\\\\scripts\\\\sim\\
\\passage-playthrough.ts"}'
)
ToolCall(
    type='function',
    id='tool_1TAkCozV1Z6Iffs4VKVFGHCj',
    function=FunctionBody(
        name='ReadFile',
        arguments='{"path": "C:\\\\Users\\\\perry\\\\DevProjects\\\\veydria-car
tography\\\\.'
    ),
    extras=None
)
ToolResult(
    tool_call_id='tool_6ewN997ubxo674W4lrdgkPJl',
    return_value=ToolOk(
        is_error=False,
        output='     1\t/**\n     2\t * passage-playthrough.ts — One-off: the A
I plays a single Passage-mode crossing\n     3\t * end to end and prints the jo
urnal as a readable story.\n     4\t *\n     5\t * Unlike the sim harness (whic
h plays the ENGINE and never touches the choice\n     6\t * layer), this drives
the real Passage seam — initPassage / passageAct /\n     7\t * passageChoose — 
so the ford/bandits/fever branching choices are actually\n     8\t * made. A fi
rst pass scans civ-pair x season crossings for one that triggers a\n     9\t * 
signature encounter, then plays the best candidate with a simple "cautious\n   
10\t * traveler" policy and prints every day, choice, wait, and the ending.\n  
 11\t *\n    12\t * Throwaway evaluation aid (not wired into CI). Run:\n    13\
t *   npm run -s sim:journey  # (for the engine trace)\n    14\t *   vite-node 
../scripts/sim/passage-playthrough.ts\n    15\t */\n    16\t\n    17\timport { 
findRouteWithFallback, type PartyConfig, type Season, type RouteMode } from \'.
./../web/src/utils/journey-graph\'\n    18\timport { type Action } from \'../..
/web/src/utils/journey-days\'\n    19\timport {\n    20\t  initPassage,\n    21
\t  passageAct,\n    22\t  passageChoose,\n    23\t  type PassageState,\n    24
\t  type EncounterChoice,\n    25\t} from \'../../web/src/utils/passage\'\n    
26\timport { buildGraphFromGeojson, getResupplyTier, type Graph } from \'./run-
journey\'\n    27\t\n    28\tconst CIVS = [\'ngaru_bon\', \'irrah\', \'kheshkai
\', \'qollari\', \'ndjadi\', \'oravan\']\n    29\tconst PARTY: PartyConfig = { 
pace: \'normal\', mount: \'foot\', size: \'medium\', forcedMarch: false }\n    
30\t// Caravan supply (pack animals) — the most survivable preset, so a run is 
likely\n    31\t// to live long enough to actually reach a signature choice.\n 
  32\tconst SUPPLY = { rationsPerPerson: 12, waterPerPerson: 6, encumbrance: \'
normal\' as const, packAnimals: \'caravan\' as const }\n    33\t\n    34\tfunct
ion makeOpts(graph: Graph, from: string, to: string, season: Season, mode: Rout
eMode) {\n    35\t  const { route } = findRouteWithFallback(graph, from, to, se
ason, mode, PARTY)\n    36\t  if (!route) return null\n    37\t  return {\n    
38\t    route,\n    39\t    season,\n    40\t    mode,\n    41\t    edgeBiomes:
undefined,\n    42\t    departureDayOfYear: undefined,\n    43\t    party: PART
Y,\n    44\t    supply: SUPPLY,\n    45\t    graph,\n    46\t    endId: to,\n  
 47\t    resupplyTierFor: getResupplyTier,\n    48\t  }\n    49\t}\n    50\t\n 
  51\t/** How many signature encounters are bucketed in this journey\'s days. *
/\n    52\tfunction countSignatures(state: PassageState): { count: number; keys
: string[] } {\n    53\t  const keys: string[] = []\n    54\t  for (const encs 
of state.journey.encountersByDay.values()) {\n    55\t    for (const e of encs)
{\n    56\t      if (e.key && (e.key === \'ford\' || e.key === \'bandits\' || e
.key === \'fever\')) keys.push(e.key)\n    57\t    }\n    58\t  }\n    59\t  re
turn { count: keys.length, keys }\n    60\t}\n    61\t\n    62\t/** Cautious tr
aveler: avoid grave risk if possible, else minimize supply hit\n    63\t *  (wa
ter weighted heavier than rations; waiting a small soft cost). */\n    64\tfunc
tion chooseCautious(choices: EncounterChoice[]): number {\n    65\t  const scor
e = (c: EncounterChoice) => {\n    66\t    const o = c.outcome\n    67\t    con
st supplyHit = (o.rationsDelta ? -o.rationsDelta : 0) + (o.waterDelta ? -o.wate
rDelta : 0) * 1.5\n    68\t    const dayCost = (o.daysDelta ?? 0) * 0.5\n    69
\t    const gravePenalty = o.risk === \'grave\' ? 100 : 0\n    70\t    return s
upplyHit + dayCost + gravePenalty\n    71\t  }\n    72\t  let best = 0\n    73\
t  for (let i = 1; i < choices.length; i++) if (score(choices[i]) < score(choic
es[best])) best = i\n    74\t  return best\n    75\t}\n    76\t\n    77\t/** Ba
se day action: ration when supply gets tight (to survive to the choices),\n    
78\t *  otherwise press on. Never turn back — we want to see it through. */\n  
 79\tfunction chooseAction(state: PassageState): Action {\n    80\t  if (state.
journey.waterLeft <= 2 || state.journey.rationsLeft <= 2) return { kind: \'rati
on\' }\n    81\t  return { kind: \'continue\' }\n    82\t}\n    83\t\n    84\tc
onst r1 = (n: number) => Math.round(n * 10) / 10\n    85\t\n    86\t/** Play a 
crossing headlessly with the cautious policy. Returns the finished\n    87\t * 
state plus how many signature choices were actually resolved. */\n    88\tfunct
ion playOut(state0: PassageState): { state: PassageState; choicesMade: number }
{\n    89\t  let state = state0\n    90\t  let choicesMade = 0\n    91\t  let s
afety = (state.journey.totalDays + 1) * 3\n    92\t  while (state.outcome === \
'in-progress\' && safety-- > 0) {\n    93\t    if (state.pending) {\n    94\t  
   state = passageChoose(state, chooseCautious(state.pending.choices))\n    95\
t      choicesMade++\n    96\t      continue\n    97\t    }\n    98\t    const 
before = state\n    99\t    state = passageAct(state, chooseAction(state))\n   
100\t    if (state === before) break\n   101\t  }\n   102\t  return { state, ch
oicesMade }\n   103\t}\n   104\t\n   105\tfunction main() {\n   106\t  const gr
aph = buildGraphFromGeojson()\n   107\t\n   108\t  // ── Scan for a crossing th
at actually REACHES a signature choice (and ideally arrives) ──\n   109\t  proc
ess.stderr.write(\'Scanning crossings for a playable signature choice...\\n\')\
n   110\t  type Cand = {\n   111\t    from: string; to: string; season: Season;
mode: RouteMode\n   112\t    keys: string[]; days: number; choicesMade: number;
outcome: string\n   113\t  }\n   114\t  let best: Cand | null = null\n   115\t 
const seasons: Season[] = [\'spring\', \'summer\', \'autumn\', \'winter\']\n   
116\t  const modes: RouteMode[] = [\'cheapest\', \'fastest\', \'safest\', \'dir
ect\']\n   117\t  const rank = (c: Cand) =>\n   118\t    (c.outcome === \'arriv
ed\' ? 1000 : 0) +     // prefer crossings that arrive\n   119\t    c.choicesMa
de * 100 +                      // then ones with more resolved choices\n   120
\t    new Set(c.keys).size * 10 -                // then more distinct signatur
e types\n   121\t    Math.min(c.days, 99) * 0.01                // mild readabi
lity nudge toward shorter\n   122\t  for (const from of CIVS) {\n   123\t    fo
r (const to of CIVS) {\n   124\t      if (from === to) continue\n   125\t      
for (const season of seasons) {\n   126\t        for (const mode of modes) {\n 
 127\t          const opts = makeOpts(graph, from, to, season, mode)\n   128\t 
        if (!opts) continue\n   129\t          const state0 = initPassage(opts)
\n   130\t          const { count, keys } = countSignatures(state0)\n   131\t  
       if (count === 0) continue\n   132\t          const { state, choicesMade 
} = playOut(state0)\n   133\t          if (choicesMade === 0) continue // never
actually reached a choice\n   134\t          const cand: Cand = { from, to, sea
son, mode, keys, days: state0.journey.totalDays, choicesMade, outcome: state.ou
tcome }\n   135\t          if (!best || rank(cand) > rank(best)) best = cand\n 
 136\t        }\n   137\t      }\n   138\t    }\n   139\t  }\n   140\t\n   141\
t  if (!best) {\n   142\t    process.stderr.write(\'No crossing reached a signa
ture choice.\\n\')\n   143\t    return\n   144\t  }\n   145\t  process.stderr.w
rite(`Selected: ${best.from} → ${best.to} (${best.season}, ${best.mode}) · choi
ces=${best.choicesMade} · outcome=${best.outcome}\\n`)\n   146\t\n   147\t  // 
── Replay the chosen crossing, printing the journal ──\n   148\t  const opts = 
makeOpts(graph, best.from, best.to, best.season, best.mode)!\n   149\t  let sta
te = initPassage(opts)\n   150\t  const destName = state.journey.route.nodes[st
ate.journey.route.nodes.length - 1]?.name ?? best.to\n   151\t  const startName
= state.journey.route.nodes[0]?.name ?? best.from\n   152\t\n   153\t  const L:
string[] = []\n   154\t  L.push(\'═════════════════════════════════════════════
══════════════════\')\n   155\t  L.push(`  A PASSAGE: ${startName} → ${destName
}`)\n   156\t  L.push(`  ${best.season}, on foot, normal pace · provisions: 12 
rations / 6 water`)\n   157\t  L.push(`  ${r1(state.journey.route.totalKm)} km 
· ~${state.journey.totalDays} days · signature beats waiting: ${best.keys.join(
\', \')}`)\n   158\t  L.push(\'════════════════════════════════════════════════
═══════════════\')\n   159\t  L.push(\'\')\n   160\t\n   161\t  // Buffer of pl
ain travel days to collapse uneventful stretches.\n   162\t  let plainBuf: Arra
y<{ day: number; r: number; w: number }> = []\n   163\t  const flushPlain = () 
=> {\n   164\t    if (plainBuf.length === 0) return\n   165\t    if (plainBuf.l
ength <= 4) {\n   166\t      for (const p of plainBuf) L.push(`  Day ${p.day}: 
the road. (rations ${r1(p.r)} / water ${r1(p.w)})`)\n   167\t    } else {\n   1
68\t      const a = plainBuf[0], b = plainBuf[plainBuf.length - 1]\n   169\t   
  L.push(`  Days ${a.day}–${b.day}: steady road, no incident. (rations ${r1(a.r
)}→${r1(b.r)} / water ${r1(a.w)}→${r1(b.w)})`)\n   170\t    }\n   171\t    plai
nBuf = []\n   172\t  }\n   173\t\n   174\t  let printedUpTo = 0\n   175\t  cons
t emitNewEntries = () => {\n   176\t    for (let i = printedUpTo; i < state.log
.length; i++) {\n   177\t      const e = state.log[i]\n   178\t      if (e.kind
=== \'day\') {\n   179\t        const sig = e.day.encounters\n   180\t        c
onst warn = e.supply.warning\n   181\t        const interesting = sig.length > 
0 || (warn && warn !== \'\')\n   182\t        if (!interesting) {\n   183\t    
     plainBuf.push({ day: e.dayLabel, r: e.supply.rationsLeft, w: e.supply.wate
rLeft })\n   184\t          continue\n   185\t        }\n   186\t        flushP
lain()\n   187\t        L.push(`  Day ${e.dayLabel}: ${e.day.campLabel}. ${e.da
y.weather}`)\n   188\t        for (const enc of e.day.encounters) {\n   189\t  
       if (enc.key === \'ford\' || enc.key === \'bandits\' || enc.key === \'fev
er\') continue // shown as a choice below\n   190\t          L.push(`     · ${e
nc.narrative}`)\n   191\t        }\n   192\t        if (warn && warn !== \'\') 
L.push(`     ⚠ ${warn}`)\n   193\t        L.push(`     (rations ${r1(e.supply.r
ationsLeft)} / water ${r1(e.supply.waterLeft)})`)\n   194\t      } else if (e.k
ind === \'wait\') {\n   195\t        flushPlain()\n   196\t        L.push(`  Da
y ${e.dayLabel} — held: ${e.narrative} (rations ${r1(e.supply.rationsLeft)} / w
ater ${r1(e.supply.waterLeft)})`)\n   197\t      } else if (e.kind === \'choice
\') {\n   198\t        flushPlain()\n   199\t        L.push(`     ▸ CHOSE: "${e
.label}" [${e.risk}]`)\n   200\t        L.push(`       ${e.narrative}`)\n   201
\t      } else if (e.kind === \'ending\') {\n   202\t        flushPlain()\n   2
03\t        L.push(\'\')\n   204\t        L.push(`  ── ${e.outcome.toUpperCase(
)} (day ${e.dayLabel}) ──`)\n   205\t        L.push(`  ${e.narrative}`)\n   206
\t      }\n   207\t    }\n   208\t    printedUpTo = state.log.length\n   209\t 
}\n   210\t\n   211\t  const safetyMax = (state.journey.totalDays + 1) * 3\n   
212\t  let safety = safetyMax\n   213\t  while (state.outcome === \'in-progress
\' && safety-- > 0) {\n   214\t    if (state.pending) {\n   215\t      // A sig
nature encounter is on the table — show it, then choose.\n   216\t      flushPl
ain()\n   217\t      const enc = state.pending.encounter\n   218\t      const c
hoices = state.pending.choices\n   219\t      L.push(\'\')\n   220\t      L.pus
h(`  ⚑ ENCOUNTER (day ${state.journey.dayNum + state.extraDays + 1}): ${enc.nar
rative}`)\n   221\t      for (let i = 0; i < choices.length; i++) {\n   222\t  
     const o = choices[i].outcome\n   223\t        const cost: string[] = []\n 
 224\t        if (o.rationsDelta) cost.push(`${o.rationsDelta} rations`)\n   22
5\t        if (o.waterDelta) cost.push(`${o.waterDelta} water`)\n   226\t      
 if (o.daysDelta) cost.push(`+${o.daysDelta}d`)\n   227\t        L.push(`      
[${i}] ${choices[i].label} (${cost.join(\', \') || \'no cost\'}) [${o.risk ?? \
'none\'}]`)\n   228\t      }\n   229\t      const pick = chooseCautious(choices
)\n   230\t      state = passageChoose(state, pick)\n   231\t      emitNewEntri
es()\n   232\t      continue\n   233\t    }\n   234\t    const before = state\n
  235\t    state = passageAct(state, chooseAction(state))\n   236\t    if (stat
e === before) break // no-op (stuck)\n   237\t    emitNewEntries()\n   238\t  }
\n   239\t  flushPlain()\n   240\t\n   241\t  L.push(\'\')\n   242\t  L.push(` 
Final ledger: ${r1(state.journey.rationsLeft)} rations · ${r1(state.journey.wat
erLeft)} water · outcome: ${state.outcome}`)\n   243\t  L.push(\'══════════════
═════════════════════════════════════════════════\')\n   244\t\n   245\t  proce
ss.stdout.write(L.join(\'\\n\') + \'\\n\')\n   246\t}\n   247\t\n   248\tmain()
\n',
        message='248 lines read from file starting from line 1. End of file rea
ched.',
        display=[],
        extras=None
    )
)
ToolCallPart(
    arguments_part='orchestrate\\\\wt\\\\passage-playtester\\\\scripts\\\\sim\\
\\sim-fun-report.ts"}'
)
StatusUpdate(
    context_usage=0.07649993896484375,
    token_usage=TokenUsage(
        input_other=9302,
        output=291,
        input_cache_read=10752,
        input_cache_creation=0
    ),
    message_id='chatcmpl-NJ2jtsTTpor3j9HPnpZC188Z'
)
ToolResult(
    tool_call_id='tool_1TAkCozV1Z6Iffs4VKVFGHCj',
    return_value=ToolOk(
        is_error=False,
        output='     1\t/**\n     2\t * sim-fun-report.ts — Phase 4: decision-s
pace metrics for "fun".\n     3\t *\n     4\t * Mines existing output/sim/{summ
ary.csv, traces.jsonl} for the four\n     5\t * questions the roadmap pinned to
Phase 4:\n     6\t *   1. Mode regret — which (route mode, route) combinations 
punish you most\n     7\t *      vs the best alternative mode? (CSV-only.)\n   
 8\t *   2. Pivot rate — across (from, to, season, supply, party, mode), what\n
    9\t *      fraction of cells have non-trivial spread across policies (i.e.\
n    10\t *      decisions had consequences)? Complement of sim-policy-report\'
s\n    11\t *      convergence count, but bucketed by supply × mode for actiona
bility.\n    12\t *      (CSV-only.)\n    13\t *   3. Surprise rate — what frac
tion of simulated days saw a\n    14\t *      moderate-or-severe encounter, and
does action-mix shift on those\n    15\t *      days vs routine days? (Traces.)
\n    16\t *   4. Recovery distance — among traces that hit a supply warning, w
hat\n    17\t *      fraction recovered (warning lifted to \'\') vs failed vs a
rrived\n    18\t *      under sustained pressure? Median days-to-recover / -to-
failure.\n    19\t *      (Traces.)\n    20\t *\n    21\t * Output: output/sim/
sim-fun-report.md — the GM-facing 1-pager.\n    22\t *\n    23\t * Usage:\n    
24\t *   cd web\n    25\t *   npm run sim:fun-report                # uses outp
ut/sim/{summary.csv, traces.jsonl}\n    26\t *   npm run sim:fun-report -- --in
../output/sim --out ../output/sim/sim-fun-report.md\n    27\t */\n    28\t\n   
29\timport { readFileSync, writeFileSync, existsSync, mkdirSync } from \'node:f
s\'\n    30\timport { fileURLToPath } from \'node:url\'\n    31\timport { dirna
me, isAbsolute, resolve } from \'node:path\'\n    32\t\n    33\timport {\n    3
4\t  pct,\n    35\t  readCsv,\n    36\t  table,\n    37\t  type Row,\n    38\t}
from \'./report-utils\'\n    39\t\n    40\t/* ─── CLI args ─── */\n    41\t\n  
 42\tinterface CliArgs {\n    43\t  inDir: string\n    44\t  outPath: string\n 
  45\t  /** Spread threshold for "decisions mattered" (default 5 pp). */\n    4
6\t  epsilon: number\n    47\t  /** Top-N cells to surface in the regret-worst 
list. */\n    48\t  topN: number\n    49\t}\n    50\t\n    51\tfunction repoRoo
t(): string {\n    52\t  const here = dirname(fileURLToPath(import.meta.url))\n
   53\t  return resolve(here, \'../..\')\n    54\t}\n    55\t\n    56\tfunction
resolveRepoRel(p: string): string {\n    57\t  return isAbsolute(p) ? p : resol
ve(repoRoot(), p)\n    58\t}\n    59\t\n    60\tfunction parseArgs(argv: string
[]): CliArgs {\n    61\t  const get = (k: string): string | undefined => {\n   
62\t    const i = argv.indexOf(`--${k}`)\n    63\t    return i >= 0 && i + 1 < 
argv.length ? argv[i + 1] : undefined\n    64\t  }\n    65\t  const inDir = res
olveRepoRel(get(\'in\') ?? \'output/sim\')\n    66\t  const outPath = resolveRe
poRel(get(\'out\') ?? \'output/sim/sim-fun-report.md\')\n    67\t  const eps = 
get(\'eps\')\n    68\t  const topN = get(\'top\')\n    69\t  return {\n    70\t
   inDir,\n    71\t    outPath,\n    72\t    epsilon: eps !== undefined ? Numbe
r(eps) : 0.05,\n    73\t    topN: topN !== undefined ? Number(topN) : 20,\n    
74\t  }\n    75\t}\n    76\t\n    77\t/* ─── Trace shape (subset we read from t
races.jsonl) ─── */\n    78\t\n    79\texport interface TraceDay {\n    80\t  d
ayNum: number\n    81\t  rationsLeft: number\n    82\t  waterLeft: number\n    
83\t  supplyWarning?: string\n    84\t  action?: string\n    85\t  encounters: 
Array<{ severity: string }>\n    86\t}\n    87\t\n    88\texport interface Trac
e {\n    89\t  inputs: {\n    90\t    from: string\n    91\t    to: string\n   
92\t    season?: string\n    93\t    mode: string\n    94\t    policy?: string\
n    95\t    supply: {\n    96\t      rationsPerPerson: number\n    97\t      w
aterPerPerson: number\n    98\t      encumbrance: string\n    99\t      packAni
mals: string\n   100\t    }\n   101\t  }\n   102\t  days: TraceDay[]\n   103\t 
summary: {\n   104\t    daysCount: number\n   105\t    completed: boolean\n   1
06\t    finishedReason: \'arrived\' | \'water-out\' | \'rations-out\' | \'no-ro
ute\' | \'aborted\'\n   107\t  }\n   108\t}\n   109\t\n   110\texport function 
readTraces(path: string): Trace[] {\n   111\t  const txt = readFileSync(path, \
'utf-8\')\n   112\t  const out: Trace[] = []\n   113\t  for (const line of txt.
split(\'\\n\')) {\n   114\t    if (!line.trim()) continue\n   115\t    out.push
(JSON.parse(line) as Trace)\n   116\t  }\n   117\t  return out\n   118\t}\n   1
19\t\n   120\t/* ─── Metric 1: Mode regret ─── */\n   121\t\n   122\t/** Group 
rows by an arbitrary key, returning {key → completion-rate}. */\n   123\tfuncti
on rateByKey(rows: Row[], keyFn: (r: Row) => string): Map<string, number> {\n  
124\t  const counts = new Map<string, { c: number; n: number }>()\n   125\t  fo
r (const r of rows) {\n   126\t    const k = keyFn(r)\n   127\t    let v = coun
ts.get(k)\n   128\t    if (!v) { v = { c: 0, n: 0 }; counts.set(k, v) }\n   129
\t    v.n++\n   130\t    if (r.completed === \'true\') v.c++\n   131\t  }\n   1
32\t  const out = new Map<string, number>()\n   133\t  for (const [k, v] of cou
nts.entries()) out.set(k, v.n === 0 ? 0 : v.c / v.n)\n   134\t  return out\n   
135\t}\n   136\t\n   137\texport interface ModeRegretRow {\n   138\t  from: str
ing\n   139\t  to: string\n   140\t  season: string\n   141\t  supplyPreset: st
ring\n   142\t  modeRates: Record<string, number>\n   143\t  bestMode: string\n
  144\t  bestRate: number\n   145\t  worstMode: string\n   146\t  worstRate: nu
mber\n   147\t  spreadPp: number\n   148\t}\n   149\t\n   150\t/** Top-N (from,
to, season, supply_preset) cells by mode spread.\n   151\t *  Aggregates each c
ell\'s per-mode completion rate across policies × parties. */\n   152\texport f
unction computeModeRegretWorst(rows: Row[], modes: string[], topN: number): Mod
eRegretRow[] {\n   153\t  const cellKey = (r: Row): string => `${r.from}|${r.to
}|${r.season}|${r.supply_preset}`\n   154\t  /* For each cell, group by mode an
d compute completion rate. */\n   155\t  const byCell = new Map<string, Map<str
ing, { c: number; n: number }>>()\n   156\t  for (const r of rows) {\n   157\t 
  const k = cellKey(r)\n   158\t    let cell = byCell.get(k)\n   159\t    if (!
cell) { cell = new Map(); byCell.set(k, cell) }\n   160\t    let m = cell.get(r
.mode)\n   161\t    if (!m) { m = { c: 0, n: 0 }; cell.set(r.mode, m) }\n   162
\t    m.n++\n   163\t    if (r.completed === \'true\') m.c++\n   164\t  }\n   1
65\t  const cells: ModeRegretRow[] = []\n   166\t  for (const [k, modeMap] of b
yCell.entries()) {\n   167\t    const [from, to, season, supplyPreset] = k.spli
t(\'|\')\n   168\t    const modeRates: Record<string, number> = {}\n   169\t   
for (const mode of modes) {\n   170\t      const v = modeMap.get(mode)\n   171\
t      modeRates[mode] = v && v.n > 0 ? v.c / v.n : 0\n   172\t    }\n   173\t 
  let bestMode = modes[0], bestRate = -Infinity\n   174\t    let worstMode = mo
des[0], worstRate = Infinity\n   175\t    for (const mode of modes) {\n   176\t
     const r = modeRates[mode]\n   177\t      if (r > bestRate) { bestRate = r;
bestMode = mode }\n   178\t      if (r < worstRate) { worstRate = r; worstMode 
= mode }\n   179\t    }\n   180\t    cells.push({\n   181\t      from, to, seas
on, supplyPreset,\n   182\t      modeRates, bestMode, bestRate, worstMode, wors
tRate,\n   183\t      spreadPp: (bestRate - worstRate) * 100,\n   184\t    })\n
  185\t  }\n   186\t  cells.sort((a, b) => b.spreadPp - a.spreadPp)\n   187\t  
return cells.slice(0, topN)\n   188\t}\n   189\t\n   190\t/** Mean regret per m
ode, bucketed by supply preset. */\n   191\texport function computeModeRegretBy
Preset(\n   192\t  rows: Row[],\n   193\t  modes: string[],\n   194\t  presets:
string[],\n   195\t): Map<string, Map<string, number>> {\n   196\t  /* For each
(preset, cell): find best mode rate. Then for each (preset, mode):\n   197\t   
* average across cells of (bestRate − thisModeRate). */\n   198\t  const cellKe
y = (r: Row): string => `${r.from}|${r.to}|${r.season}|${r.party_preset}|${r.po
licy}`\n   199\t  const result = new Map<string, Map<string, number>>()\n   200
\t  for (const preset of presets) {\n   201\t    const subset = rows.filter(r =
> r.supply_preset === preset)\n   202\t    /* Build cell→mode→rate */\n   203\t
   const cells = new Map<string, Map<string, { c: number; n: number }>>()\n   2
04\t    for (const r of subset) {\n   205\t      const k = cellKey(r)\n   206\t
     let cell = cells.get(k)\n   207\t      if (!cell) { cell = new Map(); cell
s.set(k, cell) }\n   208\t      let m = cell.get(r.mode)\n   209\t      if (!m)
{ m = { c: 0, n: 0 }; cell.set(r.mode, m) }\n   210\t      m.n++\n   211\t     
if (r.completed === \'true\') m.c++\n   212\t    }\n   213\t    const regretSum
: Record<string, number> = {}\n   214\t    const regretCount: Record<string, nu
mber> = {}\n   215\t    for (const mode of modes) { regretSum[mode] = 0; regret
Count[mode] = 0 }\n   216\t    for (const cell of cells.values()) {\n   217\t  
   let best = 0\n   218\t      for (const mode of modes) {\n   219\t        con
st v = cell.get(mode)\n   220\t        const r = v && v.n > 0 ? v.c / v.n : 0\n
  221\t        if (r > best) best = r\n   222\t      }\n   223\t      for (cons
t mode of modes) {\n   224\t        const v = cell.get(mode)\n   225\t        c
onst r = v && v.n > 0 ? v.c / v.n : 0\n   226\t        regretSum[mode] += (best
- r)\n   227\t        regretCount[mode] += 1\n   228\t      }\n   229\t    }\n 
 230\t    const inner = new Map<string, number>()\n   231\t    for (const mode 
of modes) {\n   232\t      inner.set(mode, regretCount[mode] === 0 ? 0 : regret
Sum[mode] / regretCount[mode])\n   233\t    }\n   234\t    result.set(preset, i
nner)\n   235\t  }\n   236\t  return result\n   237\t}\n   238\t\n   239\texpor
t function sectionModeRegret(\n   240\t  rows: Row[],\n   241\t  modes: string[
],\n   242\t  presets: string[],\n   243\t  topN: number,\n   244\t): string {\
n   245\t  const byPreset = computeModeRegretByPreset(rows, modes, presets)\n  
246\t  const worst = computeModeRegretWorst(rows, modes, topN)\n   247\t\n   24
8\t  /* Headline table: rows = preset, cols = modes, cells = mean regret pp. */
\n   249\t  const headlineHeaders = [\'supply preset\', ...modes.map(m => `${m}
(mean regret)`)]\n   250\t  const headlineRows = presets.map(p => {\n   251\t  
 const row: string[] = [p]\n   252\t    const inner = byPreset.get(p)\n   253\t
   for (const mode of modes) {\n   254\t      const r = inner?.get(mode) ?? 0\n
  255\t      row.push(`${(r * 100).toFixed(1)} pp`)\n   256\t    }\n   257\t   
return row\n   258\t  })\n   259\t\n   260\t  /* Top-N cells table. */\n   261\
t  const worstHeaders = [\'from\', \'to\', \'season\', \'supply\', \'best mode\
', \'best %\', \'worst mode\', \'worst %\', \'spread pp\']\n   262\t  const wor
stRows = worst.map(c => [\n   263\t    c.from, c.to, c.season, c.supplyPreset,\
n   264\t    c.bestMode, `${(c.bestRate * 100).toFixed(0)}%`,\n   265\t    c.wo
rstMode, `${(c.worstRate * 100).toFixed(0)}%`,\n   266\t    c.spreadPp.toFixed(
0),\n   267\t  ])\n   268\t\n   269\t  return [\n   270\t    \'## Mode regret\\
n\',\n   271\t    \'How much completion-rate do you lose by picking a suboptima
l route mode? \' +\n   272\t    \'Aggregated across policies and party presets.
**Higher = mode choice matters more.**\\n\',\n   273\t    \'### Mean regret per
(supply preset × mode)\\n\',\n   274\t    table(headlineHeaders, headlineRows),
\n   275\t    `### Top-${topN} (from, to, season, supply) cells by mode spread\
\n`,\n   276\t    worst.length === 0\n   277\t      ? \'_(no cells with non-zer
o spread)_\'\n   278\t      : table(worstHeaders, worstRows),\n   279\t  ].join
(\'\\n\')\n   280\t}\n   281\t\n   282\t/* ─── Metric 1b: Mode regret breakdown
─── */\n   283\t\n   284\texport interface ModeBreakdownRow {\n   285\t  mode: 
string\n   286\t  meanKm: number\n   287\t  meanEncountersTotal: number\n   288
\t  meanModerateSevere: number\n   289\t  encountersPer100Km: number\n   290\t 
/** Phase 4: mean civ-stops-on-route (full-restore nodes). Tests the\n   291\t 
 *  resupply-asymmetry theory — do direct routes geometrically bypass\n   292\t
  *  caravanserai/civilization stops, leaving no recovery channel for the\n   2
93\t   *  new encounter cost? */\n   294\t  meanCivStopsOnRoute: number\n   295
\t  /** Phase 4: mean any-resupply-stops-on-route (full + water tier). */\n   2
96\t  meanResupplyStopsOnRoute: number\n   297\t  /** Phase 4: mean of the long
est km-stretch between full-restore nodes per\n   298\t   *  route. Probes stop
spacing/cadence — large values at small civ-stop counts\n   299\t   *  indicate
routes that cluster full restores near endpoints. */\n   300\t  meanMaxResupply
GapKm: number\n   301\t  /** Phase 4 dynamic: mean count of days per run where 
applyDailyBurn\'s\n   302\t   *  restore branch actually fired at \'full\' tier
. Distinguishes "stop exists"\n   303\t   *  (meanCivStopsOnRoute) from "stop m
echanically helped". */\n   304\t  meanResupplyFiresFull: number\n   305\t  /**
Phase 4 dynamic: mean count of days per run where the restore branch\n   306\t 
 *  fired at \'water\' tier. Water-tier doesn\'t help rations budget. */\n   30
7\t  meanResupplyFiresWater: number\n   308\t  meanCompletion: number\n   309\t
 meanRegretPp: number\n   310\t}\n   311\t\n   312\t/** Parse encounters_by_sev
erity_json (e.g. `{"mild":2,"moderate":1}`). Returns\n   313\t *  zeros on empt
y / malformed input. */\n   314\texport function parseSeverityCounts(s: string)
: { mild: number; moderate: number; severe: number } {\n   315\t  if (!s) retur
n { mild: 0, moderate: 0, severe: 0 }\n   316\t  try {\n   317\t    const o = J
SON.parse(s) as Record<string, number>\n   318\t    return {\n   319\t      mil
d: Number(o.mild ?? 0),\n   320\t      moderate: Number(o.moderate ?? 0),\n   3
21\t      severe: Number(o.severe ?? 0),\n   322\t    }\n   323\t  } catch {\n 
 324\t    return { mild: 0, moderate: 0, severe: 0 }\n   325\t  }\n   326\t}\n 
 327\t\n   328\t/** Per-mode decomposition of regret for a single supply preset
.\n   329\t *  Returns mean km / encounter density / severity mix / regret pp p
er mode,\n   330\t *  so a reader can tell whether mode-regret is driven by rou
te length (more\n   331\t *  encounter rolls) or by encounter density per km (b
iome composition). */\n   332\texport function computeModeBreakdown(\n   333\t 
rows: Row[],\n   334\t  modes: string[],\n   335\t  supplyPreset: string,\n   3
36\t): ModeBreakdownRow[] {\n   337\t  const subset = rows.filter(r => r.supply
_preset === supplyPreset)\n   338\t\n   339\t  /* Regret: bestRate − thisModeRa
te per cell, averaged across cells. */\n   340\t  const cellKey = (r: Row): str
ing => `${r.from}|${r.to}|${r.season}|${r.party_preset}|${r.policy}`\n   341\t 
const cells = new Map<string, Map<string, { c: number; n: number }>>()\n   342\
t  for (const r of subset) {\n   343\t    const k = cellKey(r)\n   344\t    let
cell = cells.get(k)\n   345\t    if (!cell) { cell = new Map(); cells.set(k, ce
ll) }\n   346\t    let m = cell.get(r.mode)\n   347\t    if (!m) { m = { c: 0, 
n: 0 }; cell.set(r.mode, m) }\n   348\t    m.n++\n   349\t    if (r.completed =
== \'true\') m.c++\n   350\t  }\n   351\t  const regretSum: Record<string, numb
er> = {}\n   352\t  const regretCount: Record<string, number> = {}\n   353\t  f
or (const mode of modes) { regretSum[mode] = 0; regretCount[mode] = 0 }\n   354
\t  for (const cell of cells.values()) {\n   355\t    let best = 0\n   356\t   
for (const mode of modes) {\n   357\t      const v = cell.get(mode)\n   358\t  
   const r = v && v.n > 0 ? v.c / v.n : 0\n   359\t      if (r > best) best = r
\n   360\t    }\n   361\t    for (const mode of modes) {\n   362\t      const v
= cell.get(mode)\n   363\t      const r = v && v.n > 0 ? v.c / v.n : 0\n   364\
t      regretSum[mode] += (best - r)\n   365\t      regretCount[mode] += 1\n   
366\t    }\n   367\t  }\n   368\t\n   369\t  /* Per-mode means: km, encounters,
severity mix, completion. */\n   370\t  const out: ModeBreakdownRow[] = []\n   
371\t  for (const mode of modes) {\n   372\t    const modeRows = subset.filter(
r => r.mode === mode)\n   373\t    if (modeRows.length === 0) {\n   374\t      
out.push({\n   375\t        mode, meanKm: 0, meanEncountersTotal: 0, meanModera
teSevere: 0,\n   376\t        encountersPer100Km: 0, meanCivStopsOnRoute: 0, me
anResupplyStopsOnRoute: 0,\n   377\t        meanMaxResupplyGapKm: 0,\n   378\t 
      meanResupplyFiresFull: 0, meanResupplyFiresWater: 0,\n   379\t        mea
nCompletion: 0, meanRegretPp: 0,\n   380\t      })\n   381\t      continue\n   
382\t    }\n   383\t    let kmSum = 0, encSum = 0, modSevSum = 0, compSum = 0\n
  384\t    let civStopSum = 0, resupplyStopSum = 0, maxGapSum = 0\n   385\t    
let firesFullSum = 0, firesWaterSum = 0\n   386\t    for (const r of modeRows) 
{\n   387\t      kmSum += Number(r.total_km || 0)\n   388\t      encSum += Numb
er(r.encounters_total || 0)\n   389\t      const sev = parseSeverityCounts(r.en
counters_by_severity_json || \'\')\n   390\t      modSevSum += sev.moderate + s
ev.severe\n   391\t      civStopSum += Number(r.civ_stops_on_route || 0)\n   39
2\t      resupplyStopSum += Number(r.resupply_stops_on_route || 0)\n   393\t   
  maxGapSum += Number(r.max_resupply_gap_km || 0)\n   394\t      firesFullSum +
= Number(r.resupply_fires_full_count || 0)\n   395\t      firesWaterSum += Numb
er(r.resupply_fires_water_count || 0)\n   396\t      if (r.completed === \'true
\') compSum++\n   397\t    }\n   398\t    const n = modeRows.length\n   399\t  
 const meanKm = kmSum / n\n   400\t    out.push({\n   401\t      mode,\n   402\
t      meanKm,\n   403\t      meanEncountersTotal: encSum / n,\n   404\t      m
eanModerateSevere: modSevSum / n,\n   405\t      encountersPer100Km: meanKm ===
0 ? 0 : (encSum / n) / meanKm * 100,\n   406\t      meanCivStopsOnRoute: civSto
pSum / n,\n   407\t      meanResupplyStopsOnRoute: resupplyStopSum / n,\n   408
\t      meanMaxResupplyGapKm: maxGapSum / n,\n   409\t      meanResupplyFiresFu
ll: firesFullSum / n,\n   410\t      meanResupplyFiresWater: firesWaterSum / n,
\n   411\t      meanCompletion: compSum / n,\n   412\t      meanRegretPp: regre
tCount[mode] === 0 ? 0 : (regretSum[mode] / regretCount[mode]) * 100,\n   413\t
   })\n   414\t  }\n   415\t  return out\n   416\t}\n   417\t\n   418\texport f
unction sectionModeBreakdown(rows: Row[], modes: string[], presets: string[]): 
string {\n   419\t  const headers = [\n   420\t    \'mode\', \'mean km\', \'enc
ounters\', \'mod+sev\', \'enc / 100km\',\n   421\t    \'civ stops\', \'any resu
pply\', \'max gap km\',\n   422\t    \'fires full\', \'fires water\',\n   423\t
   \'completion\', \'regret pp\',\n   424\t  ]\n   425\t  const presetSections:
string[] = []\n   426\t  for (const preset of presets) {\n   427\t    const bre
akdown = computeModeBreakdown(rows, modes, preset)\n   428\t    const tableRows
= breakdown.map(b => [\n   429\t      b.mode,\n   430\t      b.meanKm.toFixed(0
),\n   431\t      b.meanEncountersTotal.toFixed(1),\n   432\t      b.meanModera
teSevere.toFixed(1),\n   433\t      b.encountersPer100Km.toFixed(2),\n   434\t 
    b.meanCivStopsOnRoute.toFixed(1),\n   435\t      b.meanResupplyStopsOnRoute
.toFixed(1),\n   436\t      b.meanMaxResupplyGapKm.toFixed(0),\n   437\t      b
.meanResupplyFiresFull.toFixed(2),\n   438\t      b.meanResupplyFiresWater.toFi
xed(2),\n   439\t      `${(b.meanCompletion * 100).toFixed(1)}%`,\n   440\t    
 b.meanRegretPp.toFixed(1),\n   441\t    ])\n   442\t    presetSections.push(`#
## ${preset} preset\\n\\n${table(headers, tableRows)}`)\n   443\t  }\n   444\t 
return [\n   445\t    \'## Mode regret breakdown — segment count, encounter den
sity, resupply asymmetry\\n\',\n   446\t    \'Decomposes mode regret into possi
ble drivers. **Read column-by-column:** \' +\n   447\t    \'`mean km` is route 
length; `mod+sev` is the count of encounters with mechanical supply cost \' +\n
  448\t    \'(mild are cosmetic); `enc / 100km` is encounter density per unit d
istance; \' +\n   449\t    \'`civ stops` is the count of full-restore nodes (ci
vilization + caravanserai) on the route — \' +\n   450\t    \'the recovery chan
nel for encounter cost; `any resupply` adds ports + oases (water-only restore);
\' +\n   451\t    \'`max gap km` is the longest km-stretch between full-restore
nodes on the route — the spacing \' +\n   452\t    \'companion to `civ stops` (
same count can hide very different mid-route gap lengths); \' +\n   453\t    \'
`fires full` and `fires water` are the **mean days per run** where the restore 
branch actually \' +\n   454\t    \'fired at each tier (dynamic counterpart to 
the static `civ stops` / `any resupply`).\\n\\n\' +\n   455\t    \'If a high-re
gret mode has the largest `mean km` but similar `enc / 100km`, the penalty is a
\' +\n   456\t    \'**length effect** (more rolls per trip). If it has comparab
le km but larger `enc / 100km` or \' +\n   457\t    \'`mod+sev`, the penalty is
**biome / route composition** (denser danger per km). \' +\n   458\t    \'If it
has comparable km and density but fewer `civ stops`, the penalty is **resupply 
asymmetry** — \' +\n   459\t    \'the route geometrically bypasses the restore 
stops that would have absorbed the encounter cost. \' +\n   460\t    \'If `civ 
stops` look comparable across modes but `max gap km` is much larger on the regr
et-heavy \' +\n   461\t    \'mode, the penalty is **resupply spacing** — same s
top count, but clustered near endpoints with \' +\n   462\t    \'a long unsuppo
rted mid-route stretch. \' +\n   463\t    \'If `civ stops` look comparable but 
`fires full` is much lower on the regret-heavy mode, the \' +\n   464\t    \'pe
nalty is **dynamic under-use** — runs end (turn-back, supply-out) before reachi
ng the stops.\\n\',\n   465\t    presetSections.join(\'\\n\'),\n   466\t  ].joi
n(\'\\n\')\n   467\t}\n   468\t\n   469\t/* ─── Metric 2: Pivot rate ─── */\n  
470\t\n   471\texport interface PivotRateCell {\n   472\t  supplyPreset: string
\n   473\t  mode: string\n   474\t  decisionsMattered: number\n   475\t  total:
number\n   476\t}\n   477\t\n   478\t/** % of cells (from, to, season, supply_p
reset, party_preset, mode) where\n   479\t *  the spread across policies is ≥ e
psilon. */\n   480\texport function computePivotRate(\n   481\t  rows: Row[],\n
  482\t  policies: string[],\n   483\t  presets: string[],\n   484\t  modes: st
ring[],\n   485\t  epsilon: number,\n   486\t): PivotRateCell[] {\n   487\t  co
nst out: PivotRateCell[] = []\n   488\t  for (const supplyPreset of presets) {\
n   489\t    for (const mode of modes) {\n   490\t      const subset = rows.fil
ter(r => r.supply_preset === supplyPreset && r.mode === mode)\n   491\t      /*
Group by (from, to, season, party_preset) then compute per-policy rate. */\n   
492\t      const cells = new Map<string, Map<string, { c: number; n: number }>>
()\n   493\t      for (const r of subset) {\n   494\t        const k = `${r.fro
m}|${r.to}|${r.season}|${r.party_preset}`\n   495\t        let cell = cells.get
(k)\n   496\t        if (!cell) { cell = new Map(); cells.set(k, cell) }\n   49
7\t        let v = cell.get(r.policy)\n   498\t        if (!v) { v = { c: 0, n:
0 }; cell.set(r.policy, v) }\n   499\t        v.n++\n   500\t        if (r.comp
leted === \'true\') v.c++\n   501\t      }\n   502\t      let mattered = 0\n   
503\t      for (const cell of cells.values()) {\n   504\t        const rates = 
policies.map(p => {\n   505\t          const v = cell.get(p)\n   506\t         
return v && v.n > 0 ? v.c / v.n : 0\n   507\t        })\n   508\t        const 
spread = Math.max(...rates) - Math.min(...rates)\n   509\t        if (spread >=
epsilon) mattered++\n   510\t      }\n   511\t      out.push({ supplyPreset, mo
de, decisionsMattered: mattered, total: cells.size })\n   512\t    }\n   513\t 
}\n   514\t  return out\n   515\t}\n   516\t\n   517\texport function sectionPi
votRate(\n   518\t  rows: Row[],\n   519\t  policies: string[],\n   520\t  pres
ets: string[],\n   521\t  modes: string[],\n   522\t  epsilon: number,\n   523\
t): string {\n   524\t  const cells = computePivotRate(rows, policies, presets,
modes, epsilon)\n   525\t  const headers = [\'supply preset\', ...modes.map(m =
> `${m}`)]\n   526\t  const tableRows = presets.map(preset => {\n   527\t    co
nst row: string[] = [preset]\n   528\t    for (const mode of modes) {\n   529\t
     const cell = cells.find(c => c.supplyPreset === preset && c.mode === mode)
\n   530\t      if (!cell || cell.total === 0) row.push(\'–\')\n   531\t      e
lse row.push(pct(cell.decisionsMattered, cell.total))\n   532\t    }\n   533\t 
  return row\n   534\t  })\n   535\t  const totalMattered = cells.reduce((a, c)
=> a + c.decisionsMattered, 0)\n   536\t  const totalCells = cells.reduce((a, c
) => a + c.total, 0)\n   537\t  return [\n   538\t    \'## Decisions matter? (p
ivot rate)\\n\',\n   539\t    `For each (from, to, season, supply, party, mode)
cell, did the choice of policy ` +\n   540\t    `change the outcome? A cell is 
**decision-mattered** when per-policy completion ` +\n   541\t    `spread ≥ ${(
epsilon * 100).toFixed(0)} pp.\\n`,\n   542\t    `Overall: **${pct(totalMattere
d, totalCells)}** of ${totalCells} cells.\\n`,\n   543\t    table(headers, tabl
eRows),\n   544\t  ].join(\'\\n\')\n   545\t}\n   546\t\n   547\t/* ─── Metric 
3: Surprise rate ─── */\n   548\t\n   549\tconst NON_CONTINUE_ACTIONS = new Set
([\'ration\', \'force-march\', \'turn-back\', \'reroute\', \'rest\'])\n   550\t
\n   551\tfunction isSurprisingDay(d: TraceDay): boolean {\n   552\t  for (cons
t e of d.encounters) {\n   553\t    if (e.severity === \'moderate\' || e.severi
ty === \'severe\') return true\n   554\t  }\n   555\t  return false\n   556\t}\
n   557\t\n   558\texport interface SurpriseRow {\n   559\t  policy: string\n  
560\t  totalDays: number\n   561\t  surprisingDays: number\n   562\t  surprisin
gNonContinue: number\n   563\t  routineNonContinue: number\n   564\t  routineDa
ys: number\n   565\t}\n   566\t\n   567\texport function computeSurprise(traces
: Trace[]): Map<string, SurpriseRow> {\n   568\t  const m = new Map<string, Sur
priseRow>()\n   569\t  for (const t of traces) {\n   570\t    const policy = t.
inputs.policy ?? \'none\'\n   571\t    let v = m.get(policy)\n   572\t    if (!
v) {\n   573\t      v = { policy, totalDays: 0, surprisingDays: 0, surprisingNo
nContinue: 0, routineDays: 0, routineNonContinue: 0 }\n   574\t      m.set(poli
cy, v)\n   575\t    }\n   576\t    /* Next-day attribution: a surprise on day N
can only influence the action\n   577\t     * the policy picks at the start of 
day N+1, because day N\'s action is\n   578\t     * already chosen by the time 
the encounter rolls (mid-day). Skip the\n   579\t     * final day — no "tomorro
w" to attribute its action to. */\n   580\t    for (let i = 0; i < t.days.lengt
h - 1; i++) {\n   581\t      const today = t.days[i]\n   582\t      const tomor
row = t.days[i + 1]\n   583\t      v.totalDays++\n   584\t      const surp = is
SurprisingDay(today)\n   585\t      const nonCont = tomorrow.action !== undefin
ed && NON_CONTINUE_ACTIONS.has(tomorrow.action)\n   586\t      if (surp) {\n   
587\t        v.surprisingDays++\n   588\t        if (nonCont) v.surprisingNonCo
ntinue++\n   589\t      } else {\n   590\t        v.routineDays++\n   591\t    
   if (nonCont) v.routineNonContinue++\n   592\t      }\n   593\t    }\n   594\
t  }\n   595\t  return m\n   596\t}\n   597\t\n   598\texport function sectionS
urprise(traces: Trace[], policies: string[]): string {\n   599\t  const data = 
computeSurprise(traces)\n   600\t  const headers = [\'policy\', \'total days\',
\'surprising %\', \'non-continue on surprising\', \'non-continue on routine\', 
\'shift pp\']\n   601\t  const tableRows = policies.map(p => {\n   602\t    con
st v = data.get(p)\n   603\t    if (!v) return [p, \'0\', \'–\', \'–\', \'–\', 
\'–\']\n   604\t    const surpRate = v.totalDays === 0 ? 0 : v.surprisingDays /
v.totalDays\n   605\t    const surpAct = v.surprisingDays === 0 ? 0 : v.surpris
ingNonContinue / v.surprisingDays\n   606\t    const routAct = v.routineDays ==
= 0 ? 0 : v.routineNonContinue / v.routineDays\n   607\t    const shift = (surp
Act - routAct) * 100\n   608\t    return [\n   609\t      p,\n   610\t      Str
ing(v.totalDays),\n   611\t      `${(surpRate * 100).toFixed(1)}%`,\n   612\t  
   `${(surpAct * 100).toFixed(1)}%`,\n   613\t      `${(routAct * 100).toFixed(
1)}%`,\n   614\t      `${shift >= 0 ? \'+\' : \'\'}${shift.toFixed(1)}`,\n   61
5\t    ]\n   616\t  })\n   617\t  return [\n   618\t    \'## Surprise rate\\n\'
,\n   619\t    \'A day is **surprising** if it contained a moderate-or-severe e
ncounter. \' +\n   620\t    \'Action-shift = P(non-continue **on next day** | s
urprising today) − P(non-continue **on next day** | routine today). \' +\n   62
1\t    \'Next-day attribution because the policy chooses each day\\\'s action a
t day-start, before the encounter rolls. \' +\n   622\t    \'**Larger shift = s
urprises actually drive decisions.**\\n\',\n   623\t    table(headers, tableRow
s),\n   624\t  ].join(\'\\n\')\n   625\t}\n   626\t\n   627\t/* ─── Metric 4: R
ecovery distance ─── */\n   628\t\n   629\tconst OUT_WARNINGS = new Set([\'wate
r-out\', \'rations-out\'])\n   630\t\n   631\texport interface RecoveryRow {\n 
 632\t  policy: string\n   633\t  supplyPreset: string\n   634\t  warned: numbe
r\n   635\t  recovered: number\n   636\t  failed: number\n   637\t  arrivedUnde
rPressure: number\n   638\t  recoveryDays: number[]\n   639\t  failureDays: num
ber[]\n   640\t}\n   641\t\n   642\t/** Classify each trace into recovered/fail
ed/arrived-under-pressure. */\n   643\texport function computeRecovery(traces: 
Trace[]): Map<string, RecoveryRow> {\n   644\t  const m = new Map<string, Recov
eryRow>()\n   645\t  for (const t of traces) {\n   646\t    const policy = t.in
puts.policy ?? \'none\'\n   647\t    /* Supply preset is derivable from inputs.
supply.rationsPerPerson:\n   648\t     * 3 → tight, 12 → standard, 14 → caravan
(matches the grid). */\n   649\t    const r = t.inputs.supply.rationsPerPerson\
n   650\t    const supplyPreset = r === 3 ? \'tight\' : r === 12 ? \'standard\'
: r === 14 ? \'caravan\' : \'other\'\n   651\t    const days = t.days\n   652\t
   /* Find first day with a non-empty supplyWarning. */\n   653\t    let firstW
arnIdx = -1\n   654\t    for (let i = 0; i < days.length; i++) {\n   655\t     
if ((days[i].supplyWarning ?? \'\').length > 0) { firstWarnIdx = i; break }\n  
656\t    }\n   657\t    if (firstWarnIdx < 0) continue   /* no pressure: not pa
rt of this metric */\n   658\t\n   659\t    const key = `${policy}|${supplyPres
et}`\n   660\t    let v = m.get(key)\n   661\t    if (!v) {\n   662\t      v = 
{ policy, supplyPreset, warned: 0, recovered: 0, failed: 0, arrivedUnderPressur
e: 0, recoveryDays: [], failureDays: [] }\n   663\t      m.set(key, v)\n   664\
t    }\n   665\t    v.warned++\n   666\t\n   667\t    /* Did supply warning eve
r fully lift after first warning? */\n   668\t    let recoveryIdx = -1\n   669\
t    for (let i = firstWarnIdx + 1; i < days.length; i++) {\n   670\t      if (
!days[i].supplyWarning) { recoveryIdx = i; break }\n   671\t    }\n   672\t\n  
673\t    if (recoveryIdx >= 0) {\n   674\t      v.recovered++\n   675\t      v.
recoveryDays.push(recoveryIdx - firstWarnIdx)\n   676\t    } else if (t.summary
.finishedReason === \'arrived\') {\n   677\t      v.arrivedUnderPressure++\n   
678\t    } else {\n   679\t      v.failed++\n   680\t      v.failureDays.push(d
ays.length - 1 - firstWarnIdx)\n   681\t    }\n   682\t  }\n   683\t  return m\
n   684\t}\n   685\t\n   686\tfunction median(xs: number[]): number {\n   687\t
 if (xs.length === 0) return 0\n   688\t  const s = [...xs].sort((a, b) => a - 
b)\n   689\t  const mid = Math.floor(s.length / 2)\n   690\t  return s.length %
2 === 0 ? (s[mid - 1] + s[mid]) / 2 : s[mid]\n   691\t}\n   692\t\n   693\texpo
rt function sectionRecovery(traces: Trace[], policies: string[], presets: strin
g[]): string {\n   694\t  const data = computeRecovery(traces)\n   695\t  const
headers = [\'policy\', \'supply\', \'warned\', \'recovered %\', \'failed %\', \
'arrived-under-pressure %\', \'median days to recover\', \'median days to failu
re\']\n   696\t  const tableRows: string[][] = []\n   697\t  for (const policy 
of policies) {\n   698\t    for (const preset of presets) {\n   699\t      cons
t v = data.get(`${policy}|${preset}`)\n   700\t      if (!v || v.warned === 0) 
{\n   701\t        tableRows.push([policy, preset, \'0\', \'–\', \'–\', \'–\', 
\'–\', \'–\'])\n   702\t        continue\n   703\t      }\n   704\t      tableR
ows.push([\n   705\t        policy,\n   706\t        preset,\n   707\t        S
tring(v.warned),\n   708\t        pct(v.recovered, v.warned),\n   709\t        
pct(v.failed, v.warned),\n   710\t        pct(v.arrivedUnderPressure, v.warned)
,\n   711\t        v.recoveryDays.length === 0 ? \'–\' : String(median(v.recove
ryDays)),\n   712\t        v.failureDays.length === 0 ? \'–\' : String(median(v
.failureDays)),\n   713\t      ])\n   714\t    }\n   715\t  }\n   716\t  return
[\n   717\t    \'## Recovery distance\\n\',\n   718\t    \'Of traces that hit a
t least one supply warning: did the warning lift again (recovered), \' +\n   71
9\t    \'did the trace fail (failed), or did it arrive without the warning ever
lifting \' +\n   720\t    \'(arrived-under-pressure)? Days-to-recover counts fr
om first-warning to first-clear-after.\',\n   721\t    \'Days-to-failure counts
from first-warning to end of trace.\\n\',\n   722\t    table(headers, tableRows
),\n   723\t  ].join(\'\\n\')\n   724\t}\n   725\t\n   726\t/* ─── TL;DR ─── */
\n   727\t\n   728\texport function computeTLDR(\n   729\t  modeWorst: ModeRegr
etRow[],\n   730\t  pivotCells: PivotRateCell[],\n   731\t  surprise: Map<strin
g, SurpriseRow>,\n   732\t  recovery: Map<string, RecoveryRow>,\n   733\t  poli
cies: string[],\n   734\t): string[] {\n   735\t  const bullets: string[] = []\
n   736\t\n   737\t  /* 1. Worst single mode-regret cell. */\n   738\t  if (mod
eWorst.length > 0) {\n   739\t    const top = modeWorst[0]\n   740\t    bullets
.push(\n   741\t      `**Worst mode pick:** ${top.from} → ${top.to} (${top.seas
on}, ${top.supplyPreset}): ` +\n   742\t      `${top.bestMode} completes ${(top
.bestRate * 100).toFixed(0)}% but ${top.worstMode} only ` +\n   743\t      `${(
top.worstRate * 100).toFixed(0)}% — **${top.spreadPp.toFixed(0)} pp** swing on 
mode alone.`,\n   744\t    )\n   745\t  }\n   746\t\n   747\t  /* 2. Where do d
ecisions matter most? */\n   748\t  if (pivotCells.length > 0) {\n   749\t    c
onst sorted = pivotCells\n   750\t      .filter(c => c.total > 0)\n   751\t    
 .map(c => ({ ...c, rate: c.decisionsMattered / c.total }))\n   752\t      .sor
t((a, b) => b.rate - a.rate)\n   753\t    if (sorted.length > 0) {\n   754\t   
  const top = sorted[0]\n   755\t      bullets.push(\n   756\t        `**Decisi
ons matter most:** ${top.supplyPreset} + ${top.mode} — ` +\n   757\t        `${
(top.rate * 100).toFixed(0)}% of cells diverge across policies ` +\n   758\t   
    `(${top.decisionsMattered}/${top.total}).`,\n   759\t      )\n   760\t    }
\n   761\t  }\n   762\t\n   763\t  /* 3. Largest absolute action-shift, but onl
y among policies that actually\n   764\t   * mix actions. A policy that\'s alwa
ys-continue or always-non-continue has\n   765\t   * zero shift by construction
— surfacing it would be misleading. */\n   766\t  const shifts: Array<{ policy:
string; shift: number; overallNonCont: number }> = []\n   767\t  for (const p o
f policies) {\n   768\t    const v = surprise.get(p)\n   769\t    if (!v || v.t
otalDays === 0) continue\n   770\t    const surpAct = v.surprisingDays === 0 ? 
0 : v.surprisingNonContinue / v.surprisingDays\n   771\t    const routAct = v.r
outineDays === 0 ? 0 : v.routineNonContinue / v.routineDays\n   772\t    const 
overall = (v.surprisingNonContinue + v.routineNonContinue) / v.totalDays\n   77
3\t    shifts.push({ policy: p, shift: (surpAct - routAct) * 100, overallNonCon
t: overall })\n   774\t  }\n   775\t  /* Filter to policies with meaningful act
ion variance: between 1% and 99%\n   776\t   * non-continue overall. Then rank 
by absolute shift magnitude. */\n   777\t  const meaningful = shifts.filter(s =
> s.overallNonCont > 0.01 && s.overallNonCont < 0.99)\n   778\t  if (meaningful
.length > 0) {\n   779\t    meaningful.sort((a, b) => Math.abs(b.shift) - Math.
abs(a.shift))\n   780\t    const top = meaningful[0]\n   781\t    const directi
on = top.shift >= 0 ? \'more\' : \'fewer\'\n   782\t    bullets.push(\n   783\t
     `**Surprise-driven decisions:** ${top.policy} shifts ${Math.abs(top.shift)
.toFixed(1)} pp ${direction} non-continue actions on surprising days. ` +\n   7
84\t      `${top.shift < 0 ? \'(Negative shift suggests supply pressure, not en
counters, drives most decisions.)\' : \'\'}`.trim(),\n   785\t    )\n   786\t  
}\n   787\t\n   788\t  /* 4. Recovery summary on the standard preset. */\n   78
9\t  let totalWarned = 0, totalRecovered = 0\n   790\t  for (const v of recover
y.values()) {\n   791\t    if (v.supplyPreset !== \'standard\') continue\n   79
2\t    totalWarned += v.warned\n   793\t    totalRecovered += v.recovered\n   7
94\t  }\n   795\t  if (totalWarned > 0) {\n   796\t    bullets.push(\n   797\t 
    `**Standard-preset recovery:** ${pct(totalRecovered, totalWarned)} of warne
d traces recovered ` +\n   798\t      `(${totalRecovered}/${totalWarned}). The 
rest either failed or arrived under sustained pressure.`,\n   799\t    )\n   80
0\t  }\n   801\t\n   802\t  return bullets\n   803\t}\n   804\t\n   805\t/* ───
Main ─── */\n   806\t\n   807\tfunction main(): void {\n   808\t  const args = 
parseArgs(process.argv.slice(2))\n   809\t  const csvPath = resolve(args.inDir,
\'summary.csv\')\n   810\t  const jsonlPath = resolve(args.inDir, \'traces.json
l\')\n   811\t  if (!existsSync(csvPath)) {\n   812\t    process.stderr.write(`
summary.csv not found at ${csvPath}\\n`)\n   813\t    process.stderr.write(`Run
: npm run sim:batch -- --policy all  (or specify --in <dir>)\\n`)\n   814\t    
process.exit(1)\n   815\t  }\n   816\t  if (!existsSync(jsonlPath)) {\n   817\t
   process.stderr.write(`traces.jsonl not found at ${jsonlPath}\\n`)\n   818\t 
  process.exit(1)\n   819\t  }\n   820\t  const { rows, header } = readCsv(csvP
ath)\n   821\t  if (!header.includes(\'policy\')) {\n   822\t    process.stderr
.write(`${csvPath} is the legacy-schema CSV (no \'policy\' column).\\n`)\n   82
3\t    process.exit(1)\n   824\t  }\n   825\t  const traces = readTraces(jsonlP
ath)\n   826\t\n   827\t  const policies = [...new Set(rows.filter(r => r.polic
y).map(r => r.policy))].sort()\n   828\t  const modes = [...new Set(rows.map(r 
=> r.mode))].sort()\n   829\t  const presets = [...new Set(rows.map(r => r.supp
ly_preset))].sort()\n   830\t\n   831\t  const modeWorst = computeModeRegretWor
st(rows, modes, args.topN)\n   832\t  const pivotCells = computePivotRate(rows,
policies, presets, modes, args.epsilon)\n   833\t  const surprise = computeSurp
rise(traces)\n   834\t  const recovery = computeRecovery(traces)\n   835\t  con
st tldr = computeTLDR(modeWorst, pivotCells, surprise, recovery, policies)\n   
836\t\n   837\t  const sections: string[] = []\n   838\t  sections.push(`# sim:
fun report\\n`)\n   839\t  sections.push(`Generated: ${new Date().toISOString()
}`)\n   840\t  sections.push(`Input: \\`${args.inDir}\\` (${rows.length} CSV ro
ws, ${traces.length} traces, ${policies.length} policies)\\n`)\n   841\t  secti
ons.push(\'## TL;DR — Top tuning signals\\n\')\n   842\t  sections.push(tldr.le
ngth === 0 ? \'_(no signals — empty or degenerate input)_\' : tldr.map(b => `- 
${b}`).join(\'\\n\'))\n   843\t  sections.push(sectionModeRegret(rows, modes, p
resets, args.topN))\n   844\t  sections.push(sectionModeBreakdown(rows, modes, 
presets))\n   845\t  sections.push(sectionPivotRate(rows, policies, presets, mo
des, args.epsilon))\n   846\t  sections.push(sectionSurprise(traces, policies))
\n   847\t  sections.push(sectionRecovery(traces, policies, presets))\n   848\t
\n   849\t  const md = sections.join(\'\\n\\n\') + \'\\n\'\n   850\t  const out
Dir = dirname(args.outPath)\n   851\t  if (!existsSync(outDir)) mkdirSync(outDi
r, { recursive: true })\n   852\t  writeFileSync(args.outPath, md, \'utf-8\')\n
  853\t  process.stderr.write(`wrote ${args.outPath}\\n`)\n   854\t}\n   855\t\
n   856\t/* Gate auto-run so tests can import this module without invoking main
(). */\n   857\tif (!process.env.VITEST) main()\n',
        message='857 lines read from file starting from line 1. End of file rea
ched.',
        display=[],
        extras=None
    )
)
StepBegin(n=2)
ThinkPart(
    type='think',
    think="Good, I've read the key files. Let me also look at run-journey.ts fo
r the graph build and resupply functions, policies.ts for registry style, repor
t-utils.ts for table helpers, and package.json for scripts.",
    encrypted=None
)
ToolCall(
    type='function',
    id='tool_4C80No8U1qH9HsJrTaPZUYxh',
    function=FunctionBody(
        name='ReadFile',
        arguments='{"path": "C:\\\\Users\\\\perry\\\\DevProjects\\\\veydria-car
tography\\\\.orchestrate\\\\wt\\\\passage-playtester\\\\scripts\\\\sim\\\\run-j
ourney.ts"}'
    ),
    extras=None
)
ToolCall(
    type='function',
    id='tool_oz9DqUSrNDlAyjjdrumietaY',
    function=FunctionBody(
        name='ReadFile',
        arguments='{"path": "C:\\\\Users\\\\perry\\\\DevProjects\\\\veydria-car
tography\\\\.'
    ),
    extras=None
)
ToolResult(
    tool_call_id='tool_4C80No8U1qH9HsJrTaPZUYxh',
    return_value=ToolOk(
        is_error=False,
        output='     1\t/**\n     2\t * run-journey.ts — Shared journey-run cod
e path used by both Phase 1\n     3\t * (sim-journey.ts, the single-shot CLI) a
nd Phase 2 (sim-batch.ts, the\n     4\t * grid runner). Owning this in one plac
e keeps the Trace shape and the\n     5\t * supply/encounter accounting identic
al across all sim entry points.\n     6\t *\n     7\t * No engine forks. We imp
ort the same pure utils the UI calls and\n     8\t * compose them. Anything thi
s file measures is what a real GM sees.\n     9\t */\n    10\t\n    11\timport 
{ readFileSync } from \'node:fs\'\n    12\timport { fileURLToPath } from \'node
:url\'\n    13\timport { dirname, resolve } from \'node:path\'\n    14\t\n    1
5\timport {\n    16\t  buildGraph,\n    17\t  findRouteWithFallback,\n    18\t 
type PartyConfig,\n    19\t  type Season,\n    20\t  type RouteMode,\n    21\t}
from \'../../web/src/utils/journey-graph\'\n    22\timport {\n    23\t  buildDa
ilyBreakdown,\n    24\t  initJourneyState,\n    25\t  nextDay,\n    26\t  type 
Action,\n    27\t  type JourneyDay,\n    28\t} from \'../../web/src/utils/journ
ey-days\'\n    29\timport { computeSupplyTimeline, type ResupplyTier, type Supp
lyConfig, type SupplyDay } from \'../../web/src/utils/journey-supply\'\n    30\
timport { getPolicy, type PolicyName } from \'./policies\'\n    31\t\n    32\te
xport type Graph = ReturnType<typeof buildGraph>\n    33\t\n    34\t/**\n    35
\t * Category → resupply tier. Mirrored from SCOPING-supply-recalibration-2026-
05-24.md\n    36\t * section 3a step 1 (Q2 decision log). Civilizations and car
avanserai both\n    37\t * restore rations and water (Option E retier 2026-05-2
5: rations-only at\n    38\t * caravanserai didn\'t shift bands, so they now gr
ant full restore as\n    39\t * purpose-built relay stations with both grain st
ores AND cisterns/wells);\n    40\t * ports/oases restore water only; everythin
g else (landmarks, chokepoints,\n    41\t * contested sites, rivers) grants not
hing in v1. Rivers as linear features\n    42\t * are deferred to a later cycle
. The \'rations\' tier remains valid engine\n    43\t * vocabulary for future c
ategories even though no category currently maps to it.\n    44\t */\n    45\te
xport function getResupplyTier(category: string): ResupplyTier {\n    46\t  if 
(category === \'civilization\') return \'full\'\n    47\t  if (category === \'c
aravanserai\') return \'full\'\n    48\t  if (category === \'port\' || category
=== \'oasis\') return \'water\'\n    49\t  return \'none\'\n    50\t}\n    51\t
\n    52\texport interface JourneyInputs {\n    53\t  from: string\n    54\t  t
o: string\n    55\t  season?: Season\n    56\t  mode: RouteMode\n    57\t  depa
rt?: number\n    58\t  party: PartyConfig\n    59\t  supply: SupplyConfig\n    
60\t  /** Phase 3: optional decision policy. Omit for legacy continue-only path
. */\n    61\t  policy?: PolicyName\n    62\t}\n    63\t\n    64\texport interf
ace Trace {\n    65\t  inputs: JourneyInputs\n    66\t  route: {\n    67\t    f
ound: boolean\n    68\t    totalKm: number\n    69\t    estimatedDays: number\n
   70\t    bottlenecks: string[]\n    71\t    seasonalWarnings: string[]\n    7
2\t    pivotIds: string[]\n    73\t    nodeIds: string[]\n    74\t    edgeCount
: number\n    75\t  } | null\n    76\t  days: Array<{\n    77\t    dayNum: numb
er\n    78\t    kmCovered: number\n    79\t    startLabel: string\n    80\t    
campLabel: string\n    81\t    weather: string\n    82\t    notable: string[]\n
   83\t    encounters: Array<{ type: string; severity: string; biome?: string; 
beat: string }>\n    84\t    calendarEvents: Array<{ name: string; civ?: string
}>\n    85\t    rationsLeft: number\n    86\t    waterLeft: number\n    87\t   
rationsBurnedToday: number\n    88\t    waterBurnedToday: number\n    89\t    s
upplyWarning?: string\n    90\t    /** Phase 3: action the policy picked for th
is day. Absent on legacy traces. */\n    91\t    action?: Action[\'kind\']\n   
92\t    /** Phase 3: cumulative exhaustion at end of day. Absent if zero. */\n 
  93\t    exhaustionLevel?: number\n    94\t    /** Phase 4: which resupply tie
r actually fired this day. Absent on no-restore days. */\n    95\t    resupplyF
ired?: \'water\' | \'rations\' | \'full\'\n    96\t  }>\n    97\t  summary: {\n
   98\t    daysCount: number\n    99\t    completed: boolean\n   100\t    finis
hedReason: \'arrived\' | \'water-out\' | \'rations-out\' | \'no-route\' | \'abo
rted\'\n   101\t    encountersTotal: number\n   102\t    encountersByType: Reco
rd<string, number>\n   103\t    encountersBySeverity: Record<string, number>\n 
 104\t    calendarEventsTotal: number\n   105\t    rationsLowDay: number | null
\n   106\t    waterLowDay: number | null\n   107\t    rationsOutDay: number | n
ull\n   108\t    waterOutDay: number | null\n   109\t    finalRationsLeft: numb
er\n   110\t    finalWaterLeft: number\n   111\t    /** Phase 4: count of nodes
on the route where getResupplyTier === \'full\'\n   112\t     * (civilization o
r caravanserai). Tests the resupply-asymmetry theory: do\n   113\t     * direct
routes geometrically bypass full-restore stops? */\n   114\t    civStopsOnRoute
: number\n   115\t    /** Phase 4: count of nodes on the route with any non-\'n
one\' resupply tier\n   116\t     * (adds ports + oases on top of civStopsOnRou
te). */\n   117\t    resupplyStopsOnRoute: number\n   118\t    /** Phase 4: lon
gest km-stretch between full-restore nodes on the route\n   119\t     * (includ
ing route start and end as boundary closers). Probes whether\n   120\t     * di
rect-mode routes cluster their full stops near the endpoints, leaving\n   121\t
    * a long mid-route gap that raw stop-count can\'t surface. */\n   122\t    
maxResupplyGapKm: number\n   123\t    /** Phase 4: count of days where applyDai
lyBurn\'s restore branch actually\n   124\t     * fired at the \'full\' tier (c
ivilization or caravanserai camp). Distinguishes\n   125\t     * "stop existed 
on route" (civStopsOnRoute, static) from "stop mechanically\n   126\t     * hel
ped" (this, dynamic). */\n   127\t    resupplyFiresFullCount: number\n   128\t 
  /** Phase 4: count of days where the restore branch fired at the \'water\' ti
er\n   129\t     * (oasis or port camp). Tracked separately because water-tier 
doesn\'t help\n   130\t     * the rations budget. */\n   131\t    resupplyFires
WaterCount: number\n   132\t    /** Phase 3: which policy drove this run, if an
y. */\n   133\t    policy?: PolicyName\n   134\t  }\n   135\t}\n   136\t\n   13
7\texport function loadGeojson(): Parameters<typeof buildGraph>[0] {\n   138\t 
const here = dirname(fileURLToPath(import.meta.url))\n   139\t  const path = re
solve(here, \'../../web/public/veydria-spatial.geojson\')\n   140\t  return JSO
N.parse(readFileSync(path, \'utf-8\'))\n   141\t}\n   142\t\n   143\texport fun
ction runJourney(inputs: JourneyInputs, graph: Graph): Trace {\n   144\t  const
{ route, pivots } = findRouteWithFallback(\n   145\t    graph,\n   146\t    inp
uts.from,\n   147\t    inputs.to,\n   148\t    inputs.season,\n   149\t    inpu
ts.mode,\n   150\t    inputs.party,\n   151\t  )\n   152\t\n   153\t  if (!rout
e) {\n   154\t    return {\n   155\t      inputs,\n   156\t      route: null,\n
  157\t      days: [],\n   158\t      summary: {\n   159\t        daysCount: 0,
\n   160\t        completed: false,\n   161\t        finishedReason: \'no-route
\',\n   162\t        encountersTotal: 0,\n   163\t        encountersByType: {},
\n   164\t        encountersBySeverity: {},\n   165\t        calendarEventsTota
l: 0,\n   166\t        rationsLowDay: null,\n   167\t        waterLowDay: null,
\n   168\t        rationsOutDay: null,\n   169\t        waterOutDay: null,\n   
170\t        finalRationsLeft: inputs.supply.rationsPerPerson,\n   171\t       
finalWaterLeft: inputs.supply.waterPerPerson,\n   172\t        civStopsOnRoute:
0,\n   173\t        resupplyStopsOnRoute: 0,\n   174\t        maxResupplyGapKm:
0,\n   175\t        resupplyFiresFullCount: 0,\n   176\t        resupplyFiresWa
terCount: 0,\n   177\t        ...(inputs.policy ? { policy: inputs.policy } : {
}),\n   178\t      },\n   179\t    }\n   180\t  }\n   181\t\n   182\t  let days
: JourneyDay[]\n   183\t  let supply: SupplyDay[]\n   184\t  let perDayActions:
Array<Action[\'kind\']> | undefined\n   185\t  let outcomeOverride: \'aborted\'
| undefined\n   186\t\n   187\t  if (inputs.policy) {\n   188\t    /* Phase 3: 
policy-driven stepping. nextDay tracks supply directly so the\n   189\t     * p
ost-loop computeSupplyTimeline is unnecessary; we still emit days[]\n   190\t  
  * and supply[] arrays with the same shape so the trace mapping is uniform. */
\n   191\t    const policyFn = getPolicy(inputs.policy)\n   192\t    let state 
= initJourneyState({\n   193\t      route,\n   194\t      season: inputs.season
,\n   195\t      mode: inputs.mode,\n   196\t      edgeBiomes: undefined,\n   1
97\t      departureDayOfYear: inputs.depart,\n   198\t      party: inputs.party
,\n   199\t      supply: inputs.supply,\n   200\t      graph,\n   201\t      en
dId: inputs.to,\n   202\t      resupplyTierFor: getResupplyTier,\n   203\t    }
)\n   204\t    const collected: JourneyDay[] = []\n   205\t    const collectedS
upply: SupplyDay[] = []\n   206\t    const actions: Array<Action[\'kind\']> = [
]\n   207\t    /* Hard iteration cap: at most 2× the route\'s day budget to bou
nd runaway\n   208\t     * loops (rest can in principle extend a journey indefi
nitely). */\n   209\t    const safetyMax = (state.totalDays + 1) * 2\n   210\t 
  let safety = safetyMax\n   211\t    while (!state.finished && safety-- > 0) {
\n   212\t      const action = policyFn(state)\n   213\t      const step = next
Day(state, action)\n   214\t      if (!step.advanced) {\n   215\t        /* Rer
oute returned no-route, or finished mid-flight. Break to avoid spin. */\n   216
\t        break\n   217\t      }\n   218\t      if (step.day) collected.push(st
ep.day)\n   219\t      if (step.supply) collectedSupply.push(step.supply)\n   2
20\t      /* Reroute emits no day but should still be recorded in the action lo
g. */\n   221\t      if (action.kind === \'reroute\') actions.push(\'reroute\')
\n   222\t      else if (step.day) actions.push(action.kind)\n   223\t      sta
te = step.state\n   224\t    }\n   225\t    days = collected\n   226\t    suppl
y = collectedSupply\n   227\t    perDayActions = actions\n   228\t    if (state
.outcome === \'aborted\') outcomeOverride = \'aborted\'\n   229\t  } else {\n  
230\t    /* Legacy continue-only path. Byte-identical output to pre-Phase-3. */
\n   231\t    days = buildDailyBreakdown(\n   232\t      route,\n   233\t      
inputs.season,\n   234\t      inputs.mode,\n   235\t      undefined,\n   236\t 
    inputs.depart,\n   237\t      inputs.party,\n   238\t    )\n   239\t\n   24
0\t    const nameToTier = new Map<string, ResupplyTier>()\n   241\t    for (con
st n of route.nodes) {\n   242\t      nameToTier.set(n.name, getResupplyTier(n.
category))\n   243\t    }\n   244\t    const dayToTier = new Map<number, Resupp
lyTier>()\n   245\t    for (const d of days) {\n   246\t      let name: string 
| undefined\n   247\t      if (d.campLabel.startsWith(\'Camp at \')) name = d.c
ampLabel.slice(\'Camp at \'.length)\n   248\t      else if (d.campLabel.startsW
ith(\'Arrive at \')) name = d.campLabel.slice(\'Arrive at \'.length)\n   249\t 
    if (!name) continue\n   250\t      const tier = nameToTier.get(name)\n   25
1\t      if (tier && tier !== \'none\') dayToTier.set(d.dayNum, tier)\n   252\t
   }\n   253\t\n   254\t    supply = computeSupplyTimeline(\n   255\t      days
,\n   256\t      inputs.party,\n   257\t      inputs.supply,\n   258\t      und
efined,\n   259\t      inputs.season,\n   260\t      dayToTier.size > 0 ? (dayN
um) => dayToTier.get(dayNum) ?? \'none\' : undefined,\n   261\t      inputs.mod
e,\n   262\t    )\n   263\t  }\n   264\t\n   265\t  const firstWith = (pred: (s
: (typeof supply)[number]) => boolean): number | null => {\n   266\t    const h
it = supply.find(pred)\n   267\t    return hit ? hit.dayNum : null\n   268\t  }
\n   269\t  const rationsOutDay = firstWith(s => s.rationsLeft <= 0)\n   270\t 
const waterOutDay = firstWith(s => s.waterLeft <= 0)\n   271\t  const rationsLo
wDay = firstWith(s => s.rationsLeft <= 2 && s.rationsLeft > 0)\n   272\t  const
waterLowDay = firstWith(s => s.waterLeft <= 2 && s.waterLeft > 0)\n   273\t\n  
274\t  const arrivalDay = days.length\n   275\t  const ranOutBeforeArrival =\n 
 276\t    (rationsOutDay !== null && rationsOutDay < arrivalDay) ||\n   277\t  
 (waterOutDay !== null && waterOutDay < arrivalDay)\n   278\t  const finishedRe
ason: Trace[\'summary\'][\'finishedReason\'] = outcomeOverride === \'aborted\'\
n   279\t    ? \'aborted\'\n   280\t    : ranOutBeforeArrival\n   281\t      ? 
(waterOutDay !== null && (rationsOutDay === null || waterOutDay <= rationsOutDa
y)\n   282\t          ? \'water-out\'\n   283\t          : \'rations-out\')\n  
284\t      : \'arrived\'\n   285\t\n   286\t  const encountersByType: Record<st
ring, number> = {}\n   287\t  const encountersBySeverity: Record<string, number
> = {}\n   288\t  let encountersTotal = 0\n   289\t  let calendarEventsTotal = 
0\n   290\t  for (const d of days) {\n   291\t    encountersTotal += d.encounte
rs.length\n   292\t    for (const e of d.encounters) {\n   293\t      encounter
sByType[e.type] = (encountersByType[e.type] || 0) + 1\n   294\t      encounters
BySeverity[e.severity] = (encountersBySeverity[e.severity] || 0) + 1\n   295\t 
  }\n   296\t    calendarEventsTotal += d.calendarEvents?.length ?? 0\n   297\t
 }\n   298\t\n   299\t  let civStopsOnRoute = 0\n   300\t  let resupplyStopsOnR
oute = 0\n   301\t  /* Track the longest km-stretch between full-restore nodes.
Walk in order,\n   302\t   * accumulating each inbound edge\'s km onto a runnin
g gap; when the\n   303\t   * destination node is full-tier, capture-and-reset.
After the walk, any\n   304\t   * trailing gap (route ended without a full node
) still counts. */\n   305\t  let maxResupplyGapKm = 0\n   306\t  let currentGa
pKm = 0\n   307\t  const kmPerSvg = route.totalDistanceSvg > 0 ? route.totalKm 
/ route.totalDistanceSvg : 0\n   308\t  for (let i = 0; i < route.nodes.length;
i++) {\n   309\t    const tier = getResupplyTier(route.nodes[i].category)\n   3
10\t    if (tier === \'full\') civStopsOnRoute++\n   311\t    if (tier !== \'no
ne\') resupplyStopsOnRoute++\n   312\t    if (i > 0) currentGapKm += route.edge
s[i - 1].distanceSvg * kmPerSvg\n   313\t    if (tier === \'full\') {\n   314\t
     if (currentGapKm > maxResupplyGapKm) maxResupplyGapKm = currentGapKm\n   3
15\t      currentGapKm = 0\n   316\t    }\n   317\t  }\n   318\t  if (currentGa
pKm > maxResupplyGapKm) maxResupplyGapKm = currentGapKm\n   319\t\n   320\t  /*
Phase 4 dynamic probe: count days where applyDailyBurn\'s restore branch\n   32
1\t   * actually fired, split by tier. Sourced from SupplyDay.resupplyFired whi
ch\n   322\t   * applyDailyBurn now echoes alongside the restore. */\n   323\t 
let resupplyFiresFullCount = 0\n   324\t  let resupplyFiresWaterCount = 0\n   3
25\t  for (const s of supply) {\n   326\t    if (s.resupplyFired === \'full\') 
resupplyFiresFullCount++\n   327\t    else if (s.resupplyFired === \'water\') r
esupplyFiresWaterCount++\n   328\t  }\n   329\t\n   330\t  const tracedDays: Tr
ace[\'days\'] = days.map((d, i) => {\n   331\t    const row: Trace[\'days\'][nu
mber] = {\n   332\t      dayNum: d.dayNum,\n   333\t      kmCovered: round(d.km
Covered),\n   334\t      startLabel: d.startLabel,\n   335\t      campLabel: d.
campLabel,\n   336\t      weather: d.weather,\n   337\t      notable: d.notable
,\n   338\t      encounters: d.encounters.map(e => ({\n   339\t        type: e.
type,\n   340\t        severity: e.severity,\n   341\t        biome: e.biome,\n
  342\t        beat: e.beat,\n   343\t      })),\n   344\t      calendarEvents:
(d.calendarEvents ?? []).map(c => ({ name: c.name, civ: (c as { civ?: string })
.civ })),\n   345\t      rationsLeft: round(supply[i].rationsLeft),\n   346\t  
   waterLeft: round(supply[i].waterLeft),\n   347\t      rationsBurnedToday: ro
und(supply[i].rationsBurnedToday),\n   348\t      waterBurnedToday: round(suppl
y[i].waterBurnedToday),\n   349\t      supplyWarning: supply[i].warning,\n   35
0\t    }\n   351\t    /* Phase 3: only add policy fields when a policy ran. Pre
serves\n   352\t     * byte-identical legacy traces. */\n   353\t    if (perDay
Actions) {\n   354\t      row.action = perDayActions[i]\n   355\t    }\n   356\
t    if (d.exhaustionLevel !== undefined && d.exhaustionLevel > 0) {\n   357\t 
    row.exhaustionLevel = d.exhaustionLevel\n   358\t    }\n   359\t    if (sup
ply[i].resupplyFired !== undefined) {\n   360\t      row.resupplyFired = supply
[i].resupplyFired\n   361\t    }\n   362\t    return row\n   363\t  })\n   364\
t\n   365\t  return {\n   366\t    inputs,\n   367\t    route: {\n   368\t     
found: true,\n   369\t      totalKm: round(route.totalKm),\n   370\t      estim
atedDays: round(route.estimatedDays),\n   371\t      bottlenecks: route.bottlen
ecks,\n   372\t      seasonalWarnings: route.seasonalWarnings,\n   373\t      p
ivotIds: pivots.map(p => p.id),\n   374\t      nodeIds: route.nodes.map(n => n.
id),\n   375\t      edgeCount: route.edges.length,\n   376\t    },\n   377\t   
days: tracedDays,\n   378\t    summary: {\n   379\t      daysCount: days.length
,\n   380\t      completed: finishedReason === \'arrived\',\n   381\t      fini
shedReason,\n   382\t      encountersTotal,\n   383\t      encountersByType,\n 
 384\t      encountersBySeverity,\n   385\t      calendarEventsTotal,\n   386\t
     rationsLowDay,\n   387\t      waterLowDay,\n   388\t      rationsOutDay,\n
  389\t      waterOutDay,\n   390\t      finalRationsLeft: round(supply[supply.
length - 1]?.rationsLeft ?? inputs.supply.rationsPerPerson),\n   391\t      fin
alWaterLeft: round(supply[supply.length - 1]?.waterLeft ?? inputs.supply.waterP
erPerson),\n   392\t      civStopsOnRoute,\n   393\t      resupplyStopsOnRoute,
\n   394\t      maxResupplyGapKm: round(maxResupplyGapKm),\n   395\t      resup
plyFiresFullCount,\n   396\t      resupplyFiresWaterCount,\n   397\t      ...(i
nputs.policy ? { policy: inputs.policy } : {}),\n   398\t    },\n   399\t  }\n 
 400\t}\n   401\t\n   402\texport function buildGraphFromGeojson(): Graph {\n  
403\t  return buildGraph(loadGeojson())\n   404\t}\n   405\t\n   406\tfunction 
round(n: number): number {\n   407\t  return Math.round(n * 100) / 100\n   408\
t}\n',
        message='408 lines read from file starting from line 1. End of file rea
ched.',
        display=[],
        extras=None
    )
)
ToolCallPart(
    arguments_part='orchestrate\\\\wt\\\\passage-playtester\\\\scripts\\\\sim\\
\\policies.ts"}'
)
ToolCall(
    type='function',
    id='tool_xTPvxVtqUAjIglXjbHUWeiYi',
    function=FunctionBody(
        name='ReadFile',
        arguments='{"path": "C:\\\\Users\\\\perry\\\\DevProjects\\\\veydria-car
tography\\\\.'
    ),
    extras=None
)
ToolResult(
    tool_call_id='tool_oz9DqUSrNDlAyjjdrumietaY',
    return_value=ToolOk(
        is_error=False,
        output='     1\t/**\n     2\t * policies.ts — Phase 3 baseline decision
policies for the sim harness.\n     3\t *\n     4\t * A Policy is a pure functi
on (state, options) → Action. It runs at the\n     5\t * top of each day, befor
e nextDay() consumes the action. Policies must\n     6\t * be deterministic — s
ame state → same action — so traces stay\n     7\t * reproducible. They read st
ate.rationsLeft / waterLeft / exhaustionLevel\n     8\t * / route geometry, and
pick from the Action grammar.\n     9\t *\n    10\t * The five baselines establ
ish a survival-rate spread:\n    11\t *   naive        → no agency, always cont
inue. Establishes the floor.\n    12\t *   greedy-speed → force-march by defaul
t, ration if supplies look tight.\n    13\t *   risk-averse  → rest on severe w
eather, ration on low supplies, turn back if both critical.\n    14\t *   human
-like   → balanced: turn back if unrecoverable, sprint the last leg, otherwise 
continue.\n    15\t *   adaptive     → human-like + a once-per-run reroute esca
pe hatch: when both\n    16\t *                  supplies forecast shortfall ea
rly-mid journey on a non-fastest\n    17\t *                  route, switch to 
\'fastest\' and continue from there.\n    18\t */\n    19\t\n    20\timport typ
e { JourneyState, Action } from \'../../web/src/utils/journey-days\'\n    21\ti
mport { applyDailyBurn, classifyAridity, modeBurnMultipliers } from \'../../web
/src/utils/journey-supply\'\n    22\timport type { ResupplyTier } from \'../../
web/src/utils/journey-supply\'\n    23\t\n    24\texport type PolicyName = \'na
ive\' | \'greedy-speed\' | \'risk-averse\' | \'human-like\' | \'adaptive\'\n   
25\t\n    26\texport type Policy = (state: JourneyState) => Action\n    27\t\n 
  28\t/* Severe weather strings emitted by journey-days WEATHER_POOLS. Risk-ave
rse\n    29\t * uses these to decide whether to rest. Match on substrings since
the pool\n    30\t * uses full prose lines and we want to flag the heavy-impact
ones. */\n    31\tconst SEVERE_WEATHER_MARKERS = [\n    32\t  \'thunderhead\', 
\'storm\', \'squall\', \'blizzard\',\n    33\t  \'lethal\', \'freeze\', \'visib
ility to a spear-throw\',\n    34\t  \'snow squall\', \'hard frost\', \'ice cry
stals\',\n    35\t]\n    36\t\n    37\tfunction lastDayWeatherIsSevere(state: J
ourneyState): boolean {\n    38\t  /* nextDay rolls weather inside; the policy 
sees state BEFORE the action is\n    39\t   * applied. So "today\'s" weather is
n\'t visible yet — we approximate via\n    40\t   * the seed-derived sample. Fo
r simplicity, policies inspect the season-\n    41\t   * dependent risk by deri
ving a deterministic dice roll here. */\n    42\t  const localDay = (state.dayN
um + 1) - state.dayOffset\n    43\t  /* Reuse the same seed scheme as nextDay\'
s rollWeather so the policy\'s\n    44\t   * judgement aligns with the weather 
the day will actually surface. */\n    45\t  const seedForDay = state.routeSeed
+ localDay * 7919\n    46\t  const r = mulberry32(seedForDay)\n    47\t  /* WEA
THER_POOLS for a season has 6 entries; severe markers vary by season.\n    48\t
  * Heuristic: roll one uniform sample; treat top 1/3 as "severe-ish" in\n    4
9\t   * winter/summer (the worst seasons) and top 1/6 otherwise. */\n    50\t  
const sample = r()\n    51\t  const threshold = state.season === \'winter\' || 
state.season === \'summer\' ? 0.66 : 0.83\n    52\t  void SEVERE_WEATHER_MARKER
S /* kept exported for parity with prose docs */\n    53\t  return sample > thr
eshold\n    54\t}\n    55\t\n    56\tfunction mulberry32(a: number) {\n    57\t
 return function () {\n    58\t    let t = (a += 0x6D2B79F5)\n    59\t    t = M
ath.imul(t ^ (t >>> 15), t | 1)\n    60\t    t ^= t + Math.imul(t ^ (t >>> 7), 
t | 61)\n    61\t    return ((t ^ (t >>> 14)) >>> 0) / 4294967296\n    62\t  }\
n    63\t}\n    64\t\n    65\t/* Days remaining at current burn rate (rough est
imate, ignores biome /\n    66\t * resupply). Used by risk-averse and human-lik
e to judge urgency. Includes\n    67\t * the per-mode burn multiplier so the es
timate matches the mode-aware engine\n    68\t * (a `direct` run burns ~15% mor
e rations/day than the mode-blind estimate). */\n    69\tfunction estimateDaysL
eft(rationsLeft: number, waterLeft: number, state: JourneyState): { rations: nu
mber; water: number } {\n    70\t  const forcedR = state.party.forcedMarch ? 2.
0 : 1.0\n    71\t  const forcedW = state.party.forcedMarch ? 1.5 : 1.0\n    72\
t  const seasonR = state.season === \'winter\' ? 1.25 : state.season === \'summ
er\' ? 0.95 : 1.0\n    73\t  const enc = state.supplyConstants.encMult\n    74\
t  const modeMods = modeBurnMultipliers(state.mode)\n    75\t  const perDayR = 
enc * forcedR * seasonR * modeMods.rations\n    76\t  const perDayW = enc * for
cedW * modeMods.water\n    77\t  return {\n    78\t    rations: perDayR > 0 ? r
ationsLeft / perDayR : Infinity,\n    79\t    water: perDayW > 0 ? waterLeft / 
perDayW : Infinity,\n    80\t  }\n    81\t}\n    82\t\n    83\tfunction daysToA
rrival(state: JourneyState): number {\n    84\t  return state.totalDays - state
.dayNum\n    85\t}\n    86\t\n    87\t/* Forward-walk shortfall estimator. Walk
s remaining days assuming a\n    88\t * `{kind:\'continue\'}` action each day a
nd applies the engine\'s actual\n    89\t * burn + resupply semantics via `appl
yDailyBurn` + `classifyAridity`,\n    90\t * so the prediction never diverges f
rom what nextDay() will do. Returns\n    91\t * the first journey-day index at 
which each supply hits zero, or null\n    92\t * if it survives to arrival. Res
upply tiers from `state.resupplyByDay`\n    93\t * are honoured — an oasis or f
ull-tier camp mid-route correctly\n    94\t * rescues a low supply, matching en
gine behaviour (BURN then RESTORE).\n    95\t * Continue-only by design: answer
s "if I just keep walking normally,\n    96\t * do I survive?", which is the cl
eanest question to gate turn-back on. */\n    97\tfunction estimateShortfallDay
(state: JourneyState): { rations: number | null; water: number | null } {\n    
98\t  let r = state.rationsLeft\n    99\t  let w = state.waterLeft\n   100\t  l
et firstR: number | null = null\n   101\t  let firstW: number | null = null\n  
102\t  for (let d = state.dayNum + 1; d <= state.totalDays; d++) {\n   103\t   
const edgesInDay = state.edgesByDay.get(d) ?? []\n   104\t    const aridity = c
lassifyAridity(edgesInDay, state.biomeForEdge)\n   105\t    const tier: Resuppl
yTier = state.resupplyByDay.get(d) ?? \'none\'\n   106\t    const burn = applyD
ailyBurn(\n   107\t      r, w, state.supplyConstants, state.party, state.season
, aridity, tier,\n   108\t      undefined, undefined, state.mode,\n   109\t    
)\n   110\t    r = burn.rationsLeft\n   111\t    w = burn.waterLeft\n   112\t  
 if (firstR === null && r <= 0) firstR = d\n   113\t    if (firstW === null && 
w <= 0) firstW = d\n   114\t    if (firstR !== null && firstW !== null) break\n
  115\t  }\n   116\t  return { rations: firstR, water: firstW }\n   117\t}\n   
118\t\n   119\t/* ─── Baseline policies ─── */\n   120\t\n   121\texport const 
naive: Policy = () => ({ kind: \'continue\' })\n   122\t\n   123\t/**\n   124\t
* Greedy-speed — push hard. Force-march by default. Half-ration when\n   125\t 
* supplies thin, to stretch the budget. Never rests, never turns back.\n   126\
t */\n   127\texport const greedySpeed: Policy = (state) => {\n   128\t  const 
remaining = estimateDaysLeft(state.rationsLeft, state.waterLeft, state)\n   129
\t  const toArrival = daysToArrival(state)\n   130\t  /* If either supply would
run out before arrival, ration. Otherwise force-march. */\n   131\t  if (remain
ing.rations < toArrival || remaining.water < toArrival) {\n   132\t    return {
kind: \'ration\' }\n   133\t  }\n   134\t  return { kind: \'force-march\' }\n  
135\t}\n   136\t\n   137\t/**\n   138\t * Risk-averse — protect the party. Rest
on bad weather. Ration on first\n   139\t * low-supply signal. Turn back only w
hen both rations and water look\n   140\t * unrecoverable (<= 2 days each and r
oute remaining > 4).\n   141\t */\n   142\texport const riskAverse: Policy = (s
tate) => {\n   143\t  const toArrival = daysToArrival(state)\n   144\t  /* Unre
coverable: both supplies near zero AND too many days to push through. */\n   14
5\t  if (state.rationsLeft <= 2 && state.waterLeft <= 2 && toArrival > 4) {\n  
146\t    return { kind: \'turn-back\' }\n   147\t  }\n   148\t  if (lastDayWeat
herIsSevere(state)) {\n   149\t    return { kind: \'rest\' }\n   150\t  }\n   1
51\t  if (state.rationsLeft <= 3 || state.waterLeft <= 3) {\n   152\t    return
{ kind: \'ration\' }\n   153\t  }\n   154\t  return { kind: \'continue\' }\n   
155\t}\n   156\t\n   157\t/**\n   158\t * Human-like — balanced GM-style play. 
Resupply-aware: walks the\n   159\t * remaining route applying the engine\'s bu
rn + restore semantics, then\n   160\t * decides based on whether supplies actu
ally survive (not on a naive\n   161\t * burn-rate divide). Turns back only on 
truly unrecoverable runs in the\n   162\t * first half of the trip — past halfw
ay, returning costs the same\n   163\t * supplies as pressing on, so turn-back 
is strictly worse EV.\n   164\t * Force-marches the final 2 days when supplies 
are healthy. Rations\n   165\t * whenever the forward walk says either supply w
ould run out.\n   166\t *\n   167\t * Calibration history (see HANDOFF 2026-05-
26): the prior threshold\n   168\t * (`remaining < toArrival − 2 && toArrival >
5`) drove a 38.8%\n   169\t * turn-back rate and 8.6% completion — worse than n
aive — because it\n   170\t * ignored mid-route resupply waypoints. Resupply-aw
are estimate +\n   171\t * sunk-cost halfway guard fixes both.\n   172\t */\n  
173\texport const humanLike: Policy = (state) => {\n   174\t  const toArrival =
daysToArrival(state)\n   175\t  const shortfall = estimateShortfallDay(state)\n
  176\t  const supplySurvives = shortfall.rations === null && shortfall.water =
== null\n   177\t\n   178\t  /* Turn back only if BOTH supplies would hit zero 
AND we\'re still in\n   179\t   * the first half of the trip (with at least one
observed day so the\n   180\t   * decision isn\'t made before any travel). Past
halfway, returning\n   181\t   * costs the same supplies as continuing — turn-b
ack is strictly worse. */\n   182\t  const halfwayGuard = state.dayNum >= 1 && 
state.dayNum < state.totalDays / 2\n   183\t  if (halfwayGuard && shortfall.rat
ions !== null && shortfall.water !== null) {\n   184\t    return { kind: \'turn
-back\' }\n   185\t  }\n   186\t\n   187\t  /* Sprint the last 2 days if the co
ntinue-only walk shows comfortable survival. */\n   188\t  if (toArrival <= 2 &
& supplySurvives) {\n   189\t    return { kind: \'force-march\' }\n   190\t  }\
n   191\t\n   192\t  /* Conserve when the forward walk shows either supply runn
ing out. */\n   193\t  if (!supplySurvives) {\n   194\t    return { kind: \'rat
ion\' }\n   195\t  }\n   196\t\n   197\t  return { kind: \'continue\' }\n   198
\t}\n   199\t\n   200\t/**\n   201\t * Adaptive — human-like with a reroute esc
ape hatch. The only policy that\n   202\t * emits `{kind:\'reroute\'}`. Wraps `
humanLike` so the A/B against it cleanly\n   203\t * isolates the value of the 
reroute affordance.\n   204\t *\n   205\t * Reroute fires once per run when ALL
hold:\n   206\t *   - state.graph + state.endId set (sim path; UI path always f
alls through)\n   207\t *   - state.dayNum >= 1 (at least one observed day comp
leted — matches\n   208\t *     humanLike\'s halfwayGuard floor; otherwise huma
nLike\'s turn-back at\n   209\t *     dayNum=1 would always preempt before the 
reroute branch can fire)\n   210\t *   - state.dayOffset === 0 (latch: once we\
've rerouted, dayOffset > 0 and\n   211\t *     this branch is permanently off 
— no oscillation, no double-switch)\n   212\t *   - state.mode !== \'fastest\' 
(no useful target to switch to)\n   213\t *   - state.dayNum < state.totalDays 
/ 2 (early enough for runway)\n   214\t *   - both estimateShortfallDay supplie
s predict an outage (continue-only\n   215\t *     walk says we don\'t survive 
on this route)\n   216\t *\n   217\t * Target mode is `\'fastest\'` — supply sh
ortfall is the trigger, so minimising\n   218\t * remaining days is the right c
ounter-move. Other targets (safest/cheapest)\n   219\t * address different moti
vations and are left for future variants.\n   220\t */\n   221\texport const ad
aptive: Policy = (state) => {\n   222\t  const canConsiderReroute =\n   223\t  
 state.graph != null &&\n   224\t    state.endId != null &&\n   225\t    state.
dayNum >= 1 &&\n   226\t    state.dayOffset === 0 &&\n   227\t    state.mode !=
= \'fastest\'\n   228\t\n   229\t  if (canConsiderReroute && state.dayNum < sta
te.totalDays / 2) {\n   230\t    const shortfall = estimateShortfallDay(state)\
n   231\t    if (shortfall.rations !== null && shortfall.water !== null) {\n   
232\t      return { kind: \'reroute\', mode: \'fastest\' }\n   233\t    }\n   2
34\t  }\n   235\t\n   236\t  return humanLike(state)\n   237\t}\n   238\t\n   2
39\texport const POLICIES: Record<PolicyName, Policy> = {\n   240\t  \'naive\':
naive,\n   241\t  \'greedy-speed\': greedySpeed,\n   242\t  \'risk-averse\': ri
skAverse,\n   243\t  \'human-like\': humanLike,\n   244\t  \'adaptive\': adapti
ve,\n   245\t}\n   246\t\n   247\texport const POLICIES_LIST: PolicyName[] = Ob
ject.keys(POLICIES) as PolicyName[]\n   248\t\n   249\texport function getPolic
y(name: PolicyName): Policy {\n   250\t  const p = POLICIES[name]\n   251\t  if
(!p) throw new Error(`Unknown policy: ${name}`)\n   252\t  return p\n   253\t}\
n',
        message='253 lines read from file starting from line 1. End of file rea
ched.',
        display=[],
        extras=None
    )
)
ToolCallPart(
    arguments_part='orchestrate\\\\wt\\\\passage-playtester\\\\scripts\\\\sim\\
\\report-utils.ts"}'
)
ToolCall(
    type='function',
    id='tool_73rSxAbE8sz3r7sd86R0vMrD',
    function=FunctionBody(
        name='ReadFile',
        arguments='{"path": "C:\\\\Users\\\\perry\\\\DevProjects\\\\veydria-car
tography\\\\.'
    ),
    extras=None
)
ToolResult(
    tool_call_id='tool_xTPvxVtqUAjIglXjbHUWeiYi',
    return_value=ToolOk(
        is_error=False,
        output='     1\t/**\n     2\t * report-utils.ts — Shared helpers for si
m-*-report.ts CLIs.\n     3\t *\n     4\t * Pure utilities: CSV parsing, markdo
wn table rendering, percent formatting,\n     5\t * grouped completion counting
. No fs I/O beyond what readCsv needs.\n     6\t */\n     7\t\n     8\timport {
readFileSync } from \'node:fs\'\n     9\t\n    10\t/* ─── CSV reader (handles q
uoted fields with embedded commas) ─── */\n    11\t\n    12\texport function pa
rseCsvLine(line: string): string[] {\n    13\t  const out: string[] = []\n    1
4\t  let cur = \'\'\n    15\t  let inQ = false\n    16\t  for (let i = 0; i < l
ine.length; i++) {\n    17\t    const c = line[i]\n    18\t    if (inQ) {\n    
19\t      if (c === \'"\' && line[i + 1] === \'"\') { cur += \'"\'; i++ }\n    
20\t      else if (c === \'"\') { inQ = false }\n    21\t      else cur += c\n 
  22\t    } else {\n    23\t      if (c === \'"\') inQ = true\n    24\t      el
se if (c === \',\') { out.push(cur); cur = \'\' }\n    25\t      else cur += c\
n    26\t    }\n    27\t  }\n    28\t  out.push(cur)\n    29\t  return out\n   
30\t}\n    31\t\n    32\texport type Row = Record<string, string>\n    33\t\n  
 34\texport function readCsv(path: string): { rows: Row[]; header: string[] } {
\n    35\t  const txt = readFileSync(path, \'utf-8\')\n    36\t  const lines = 
txt.split(\'\\n\').filter(l => l.length > 0)\n    37\t  if (lines.length === 0)
throw new Error(`empty CSV: ${path}`)\n    38\t  const header = parseCsvLine(li
nes[0])\n    39\t  const rows: Row[] = []\n    40\t  for (let i = 1; i < lines.
length; i++) {\n    41\t    const cells = parseCsvLine(lines[i])\n    42\t    c
onst row: Row = {}\n    43\t    for (let j = 0; j < header.length; j++) row[hea
der[j]] = cells[j] ?? \'\'\n    44\t    rows.push(row)\n    45\t  }\n    46\t  
return { rows, header }\n    47\t}\n    48\t\n    49\t/* ─── Formatting + aggre
gation ─── */\n    50\t\n    51\texport function pct(num: number, denom: number
): string {\n    52\t  if (denom === 0) return \'–\'\n    53\t  return `${((num
/ denom) * 100).toFixed(1)}%`\n    54\t}\n    55\t\n    56\texport function tab
le(headers: string[], rows: string[][]): string {\n    57\t  const sep = header
s.map(() => \'---\').join(\' | \')\n    58\t  return `| ${headers.join(\' | \')
} |\\n| ${sep} |\\n${rows.map(r => `| ${r.join(\' | \')} |`).join(\'\\n\')}\\n`
\n    59\t}\n    60\t\n    61\texport function completionByGroup(rows: Row[], g
roupFn: (r: Row) => string): Map<string, { total: number; completed: number }> 
{\n    62\t  const m = new Map<string, { total: number; completed: number }>()\
n    63\t  for (const r of rows) {\n    64\t    const key = groupFn(r)\n    65\
t    let v = m.get(key)\n    66\t    if (!v) { v = { total: 0, completed: 0 }; 
m.set(key, v) }\n    67\t    v.total++\n    68\t    if (r.completed === \'true\
') v.completed++\n    69\t  }\n    70\t  return m\n    71\t}\n',
        message='71 lines read from file starting from line 1. End of file reac
hed.',
        display=[],
        extras=None
    )
)
ToolCallPart(
    arguments_part='orchestrate\\\\wt\\\\passage-playtester\\\\web\\\\package.j
son"}'
)
StatusUpdate(
    context_usage=0.23360443115234375,
    token_usage=TokenUsage(
        input_other=41270,
        output=240,
        input_cache_read=19968,
        input_cache_creation=0
    ),
    message_id='chatcmpl-4LZ7Cl2SIUE6sh4uznONzuTo'
)
ToolResult(
    tool_call_id='tool_73rSxAbE8sz3r7sd86R0vMrD',
    return_value=ToolOk(
        is_error=False,
        output='     1\t{\n     2\t  "name": "veydria-cartography-web",\n     3
\t  "private": true,\n     4\t  "version": "0.1.0",\n     5\t  "type": "module"
,\n     6\t  "scripts": {\n     7\t    "dev": "vite",\n     8\t    "build": "ts
c -b && vite build",\n     9\t    "build:tauri": "tsc -b && vite build --mode t
auri",\n    10\t    "tauri": "tauri",\n    11\t    "preview": "vite preview",\n
   12\t    "sync:data": "node ../scripts/sync-world-data.mjs",\n    13\t    "bu
ild:asterisms": "node ../scripts/build-asterisms.mjs",\n    14\t    "generate:c
alendar": "python ../generator/export/calendar_ts.py",\n    15\t    "sim:journe
y": "vite-node ../scripts/sim/sim-journey.ts --",\n    16\t    "sim:batch": "vi
te-node ../scripts/sim/sim-batch.ts --",\n    17\t    "sim:policy-report": "vit
e-node ../scripts/sim/sim-policy-report.ts --",\n    18\t    "sim:fun-report": 
"vite-node ../scripts/sim/sim-fun-report.ts --",\n    19\t    "sim:regret-model
": "vite-node ../scripts/sim/sim-regret-model.ts --",\n    20\t    "test": "vit
est run",\n    21\t    "test:watch": "vitest",\n    22\t    "test:ui": "vitest 
--ui",\n    23\t    "check:size": "node ../scripts/check-bundle-size.mjs",\n   
24\t    "test:e2e": "playwright test",\n    25\t    "test:e2e:ui": "playwright 
test --ui"\n    26\t  },\n    27\t  "dependencies": {\n    28\t    "@tauri-apps
/api": "^2",\n    29\t    "@tauri-apps/plugin-dialog": "^2",\n    30\t    "@tau
ri-apps/plugin-fs": "^2",\n    31\t    "d3": "^7.9.0",\n    32\t    "html-to-im
age": "^1.11.13",\n    33\t    "leaflet": "^1.9.4",\n    34\t    "marked": "^18
.0.3",\n    35\t    "react": "^19.0.0",\n    36\t    "react-dom": "^19.0.0",\n 
  37\t    "react-leaflet": "^5.0.0"\n    38\t  },\n    39\t  "devDependencies":
{\n    40\t    "@playwright/test": "^1.60.0",\n    41\t    "@tauri-apps/cli": "
^2",\n    42\t    "@testing-library/react": "^16.3.2",\n    43\t    "@types/d3"
: "^7.4.3",\n    44\t    "@types/leaflet": "^1.9.8",\n    45\t    "@types/react
": "^19.0.0",\n    46\t    "@types/react-dom": "^19.0.0",\n    47\t    "@vitejs
/plugin-react": "^4.3.0",\n    48\t    "@vitest/ui": "^2.1.9",\n    49\t    "ha
ppy-dom": "^20.9.0",\n    50\t    "typescript": "~5.7.0",\n    51\t    "vite": 
"^6.0.0",\n    52\t    "vitest": "^2.1.9",\n    53\t    "yaml": "^2.6.0"\n    5
4\t  }\n    55\t}\n',
        message='55 lines read from file starting from line 1. End of file reac
hed.',
        display=[],
        extras=None
    )
)
StepBegin(n=3)
ThinkPart(
    type='think',
    think='Now I have a solid understanding. Let me also check existing sim tes
t files to see conventions, tsconfig, and vitest config.',
    encrypted=None
)
ToolCall(
    type='function',
    id='tool_nWLglxCC9FSgNL6OtP2qUCdo',
    function=FunctionBody(
        name='Glob',
        arguments='{"pattern": "scripts/sim/*.test.ts"}'
    ),
    extras=None
)
ToolCall(
    type='function',
    id='tool_pxRaDeEAziYhhSTUPu5DY5Gv',
    function=FunctionBody(name='Glob', arguments=''),
    extras=None
)
ToolResult(
    tool_call_id='tool_nWLglxCC9FSgNL6OtP2qUCdo',
    return_value=ToolOk(
        is_error=False,
        output='scripts\\sim\\policies.test.ts\nscripts\\sim\\sim-batch.test.ts
\nscripts\\sim\\sim-fun-report.test.ts\nscripts\\sim\\sim-policy-report.test.ts
\nscripts\\sim\\sim-regret-model.test.ts',
        message='Found 5 matches for pattern `scripts/sim/*.test.ts`.',
        display=[],
        extras=None
    )
)
ToolCallPart(arguments_part='{"pattern": "web/*.config.*"}')
ToolCall(
    type='function',
    id='tool_lialeTMQV50nHOziAd0Snlsi',
    function=FunctionBody(name='ReadFile', arguments=''),
    extras=None
)
ToolResult(
    tool_call_id='tool_pxRaDeEAziYhhSTUPu5DY5Gv',
    return_value=ToolOk(
        is_error=False,
        output='web\\playwright.config.ts\nweb\\vite.config.ts\nweb\\vitest.con
fig.ts',
        message='Found 3 matches for pattern `web/*.config.*`.',
        display=[],
        extras=None
    )
)
ToolCallPart(
    arguments_part='{"path": "C:\\\\Users\\\\perry\\\\DevProjects\\\\veydria-ca
rtography\\\\.orchestrate\\\\wt\\\\passage-playtester\\\\web\\\\tsconfig.json"}
'
)
StatusUpdate(
    context_usage=0.27614593505859375,
    token_usage=TokenUsage(
        input_other=11206,
        output=112,
        input_cache_read=61184,
        input_cache_creation=0
    ),
    message_id='chatcmpl-gChoABa000QNSim2MrLN9Gwi'
)
ToolResult(
    tool_call_id='tool_lialeTMQV50nHOziAd0Snlsi',
    return_value=ToolOk(
        is_error=False,
        output='     1\t{\n     2\t  "compilerOptions": {\n     3\t    "tsBuild
InfoFile": "./node_modules/.tmp/tsconfig.app.tsbuildinfo",\n     4\t    "target
": "ES2020",\n     5\t    "useDefineForClassFields": true,\n     6\t    "lib": 
["ES2020", "ES2021.String", "DOM", "DOM.Iterable"],\n     7\t    "module": "ESN
ext",\n     8\t    "skipLibCheck": true,\n     9\t    "moduleResolution": "bund
ler",\n    10\t    "allowImportingTsExtensions": true,\n    11\t    "isolatedMo
dules": true,\n    12\t    "moduleDetection": "force",\n    13\t    "noEmit": t
rue,\n    14\t    "jsx": "react-jsx",\n    15\t    "strict": true,\n    16\t   
"noUnusedLocals": false,\n    17\t    "noUnusedParameters": false,\n    18\t   
"noFallthroughCasesInSwitch": true,\n    19\t    "noUncheckedSideEffectImports"
: true,\n    20\t    "resolveJsonModule": true\n    21\t  },\n    22\t  "includ
e": ["src"]\n    23\t}\n',
        message='23 lines read from file starting from line 1. End of file reac
hed.',
        display=[],
        extras=None
    )
)
StepBegin(n=4)
ThinkPart(
    type='think',
    think="Let me read a sim test to see conventions, and also check if there's
a separate vitest config for node environment tests.",
    encrypted=None
)
ToolCall(
    type='function',
    id='tool_lCtt7r5UtMl5tLjavMhRo8Pj',
    function=FunctionBody(
        name='ReadFile',
        arguments='{"path": "C:\\\\Users\\\\perry\\\\DevProjects\\\\veydria-car
tography\\\\.orchestrate\\\\wt\\\\passage-playtester\\\\web\\\\vitest.config.ts
"}'
    ),
    extras=None
)
ToolCall(
    type='function',
    id='tool_H0Den2b7FDpf9uFDsOl0Fibw',
    function=FunctionBody(
        name='ReadFile',
        arguments='{"path": "C:\\\\Users\\\\perry\\\\DevProjects\\\\veydria-car
tography\\\\.'
    ),
    extras=None
)
ToolResult(
    tool_call_id='tool_lCtt7r5UtMl5tLjavMhRo8Pj',
    return_value=ToolOk(
        is_error=False,
        output="     1\timport { defineConfig } from 'vitest/config'\n     2\ti
mport { createRequire } from 'node:module'\n     3\t\n     4\tconst pkg = creat
eRequire(import.meta.url)('./package.json') as { version: string }\n     5\t\n 
   6\texport default defineConfig({\n     7\t  // Mirror vite.config.ts so __AP
P_VERSION__ is defined when a test imports a\n     8\t  // component that uses 
it (this config does not extend vite.config).\n     9\t  define: { __APP_VERSIO
N__: JSON.stringify(pkg.version) },\n    10\t  test: {\n    11\t    environment
: 'node',\n    12\t    include: ['src/**/*.test.ts', 'src/**/*.test.tsx', '../s
cripts/**/*.test.ts'],\n    13\t    reporters: ['default'],\n    14\t  },\n    
15\t})\n",
        message='15 lines read from file starting from line 1. End of file reac
hed.',
        display=[],
        extras=None
    )
)
ToolCallPart(
    arguments_part='orchestrate\\\\wt\\\\passage-playtester\\\\scripts\\\\sim\\
\\policies.test.ts"}'
)
ToolCall(
    type='function',
    id='tool_pEgWStlPzUWqyQRJv5FKLkZv',
    function=FunctionBody(
        name='ReadFile',
        arguments='{"path": "C:\\\\Users\\\\perry\\\\DevProjects\\\\veydria-car
tography\\\\.'
    ),
    extras=None
)
ToolResult(
    tool_call_id='tool_H0Den2b7FDpf9uFDsOl0Fibw',
    return_value=ToolOk(
        is_error=False,
        output='     1\t/**\n     2\t * policies.test.ts — determinism + sanity
checks for each baseline policy.\n     3\t *\n     4\t * Run from `web/`: `npm 
test -- policies`\n     5\t */\n     6\t\n     7\timport { describe, it, expect
} from \'vitest\'\n     8\timport { naive, greedySpeed, riskAverse, humanLike, 
adaptive, getPolicy } from \'./policies\'\n     9\timport { initJourneyState } 
from \'../../web/src/utils/journey-days\'\n    10\timport { DEFAULT_PARTY, type
JourneyRoute } from \'../../web/src/utils/journey-graph\'\n    11\timport { DEF
AULT_SUPPLY } from \'../../web/src/utils/journey-supply\'\n    12\t\n    13\tfu
nction makeRoute(opts: { edgeDays: number[]; totalKm: number }): JourneyRoute {
\n    14\t  const nodes = opts.edgeDays.map((_, i) => ({\n    15\t    id: `n${i
}`, name: `Node ${i}`, category: \'civilization\', x: i * 100, y: 0,\n    16\t 
}))\n    17\t  nodes.push({ id: `n${opts.edgeDays.length}`, name: `Node ${opts.
edgeDays.length}`, category: \'civilization\', x: opts.edgeDays.length * 100, y
: 0 })\n    18\t  const edges = opts.edgeDays.map((d, i) => ({\n    19\t    fro
m: nodes[i].id, to: nodes[i + 1].id,\n    20\t    distanceSvg: d * 100,\n    21
\t    type: \'trade_route\' as const,\n    22\t    name: `Leg ${i}`,\n    23\t 
  segmentDays: d,\n    24\t  }))\n    25\t  return {\n    26\t    nodes, edges,
\n    27\t    totalDistanceSvg: opts.edgeDays.reduce((s, d) => s + d * 100, 0),
\n    28\t    totalKm: opts.totalKm,\n    29\t    estimatedDays: opts.edgeDays.
reduce((s, d) => s + d, 0),\n    30\t    bottlenecks: [], seasonalWarnings: [],
\n    31\t  }\n    32\t}\n    33\t\n    34\tdescribe(\'policies: registry + det
erminism\', () => {\n    35\t  it(\'getPolicy returns each named policy\', () =
> {\n    36\t    expect(getPolicy(\'naive\')).toBe(naive)\n    37\t    expect(g
etPolicy(\'greedy-speed\')).toBe(greedySpeed)\n    38\t    expect(getPolicy(\'r
isk-averse\')).toBe(riskAverse)\n    39\t    expect(getPolicy(\'human-like\')).
toBe(humanLike)\n    40\t    expect(getPolicy(\'adaptive\')).toBe(adaptive)\n  
 41\t  })\n    42\t\n    43\t  it(\'each policy is deterministic — same state p
roduces same action\', () => {\n    44\t    const route = makeRoute({ edgeDays:
[2, 2, 1], totalKm: 125 })\n    45\t    const stateA = initJourneyState({ route
, season: \'summer\', mode: \'direct\', supply: DEFAULT_SUPPLY })\n    46\t    
const stateB = initJourneyState({ route, season: \'summer\', mode: \'direct\', 
supply: DEFAULT_SUPPLY })\n    47\t    for (const p of [naive, greedySpeed, ris
kAverse, humanLike, adaptive]) {\n    48\t      expect(p(stateA)).toEqual(p(sta
teB))\n    49\t    }\n    50\t  })\n    51\t})\n    52\t\n    53\tdescribe(\'po
licies: naive\', () => {\n    54\t  it(\'always returns {kind:"continue"}\', ()
=> {\n    55\t    const route = makeRoute({ edgeDays: [1, 1, 1], totalKm: 75 })
\n    56\t    const state = initJourneyState({ route, season: \'spring\', mode:
\'direct\' })\n    57\t    expect(naive(state)).toEqual({ kind: \'continue\' })
\n    58\t  })\n    59\t})\n    60\t\n    61\tdescribe(\'policies: greedy-speed
\', () => {\n    62\t  it(\'force-marches when supplies are abundant relative t
o distance\', () => {\n    63\t    const route = makeRoute({ edgeDays: [1, 1], 
totalKm: 50 }) /* 2-day route */\n    64\t    const state = initJourneyState({\
n    65\t      route, season: \'spring\', mode: \'direct\',\n    66\t      supp
ly: { ...DEFAULT_SUPPLY, rationsPerPerson: 30, waterPerPerson: 30 }, /* lots of
supply */\n    67\t    })\n    68\t    expect(greedySpeed(state)).toEqual({ kin
d: \'force-march\' })\n    69\t  })\n    70\t\n    71\t  it(\'rations when supp
lies tight vs. distance\', () => {\n    72\t    const route = makeRoute({ edgeD
ays: Array(20).fill(1), totalKm: 500 }) /* 20-day route */\n    73\t    const s
tate = initJourneyState({\n    74\t      route, season: \'summer\', mode: \'dir
ect\',\n    75\t      supply: { ...DEFAULT_SUPPLY, rationsPerPerson: 7, waterPe
rPerson: 3 }, /* below need */\n    76\t    })\n    77\t    expect(greedySpeed(
state)).toEqual({ kind: \'ration\' })\n    78\t  })\n    79\t})\n    80\t\n    
81\tdescribe(\'policies: risk-averse\', () => {\n    82\t  it(\'turns back when
both supplies near zero and route far from end\', () => {\n    83\t    const ro
ute = makeRoute({ edgeDays: Array(15).fill(1), totalKm: 300 }) /* 15-day route,
lots remaining */\n    84\t    let state = initJourneyState({ route, season: \'
summer\', mode: \'direct\', supply: DEFAULT_SUPPLY })\n    85\t    /* Force the
state into a critical-supply scenario. */\n    86\t    state = { ...state, rati
onsLeft: 1, waterLeft: 1 }\n    87\t    expect(riskAverse(state)).toEqual({ kin
d: \'turn-back\' })\n    88\t  })\n    89\t\n    90\t  it(\'rations on low supp
lies (no critical, no severe weather)\', () => {\n    91\t    const route = mak
eRoute({ edgeDays: Array(10).fill(1), totalKm: 250 })\n    92\t    let state = 
initJourneyState({ route, season: \'spring\', mode: \'direct\', supply: DEFAULT
_SUPPLY })\n    93\t    /* Low water (≤3) but not critical and route still has 
many days. */\n    94\t    state = { ...state, waterLeft: 2.5, rationsLeft: 7 }
\n    95\t    const action = riskAverse(state)\n    96\t    /* Could be \'rest\
' if weather sample says severe; if \'ration\' we know\n    97\t     * the supp
ly path was hit. Accept either as valid risk-averse output;\n    98\t     * the
important assertion is "not continue". */\n    99\t    expect([\'ration\', \'re
st\']).toContain(action.kind)\n   100\t  })\n   101\t\n   102\t  it(\'continues
when supplies are healthy and weather sample mild\', () => {\n   103\t    /* Bu
ild many states and confirm at least one picks \'continue\'. With a\n   104\t  
  * 10-day route, full supplies, and mild season, the policy should not\n   105
\t     * always rest or ration. */\n   106\t    const route = makeRoute({ edgeD
ays: Array(10).fill(1), totalKm: 200 })\n   107\t    const state = initJourneyS
tate({\n   108\t      route, season: \'spring\', mode: \'direct\',\n   109\t   
  supply: { ...DEFAULT_SUPPLY, rationsPerPerson: 30, waterPerPerson: 30 },\n   
110\t    })\n   111\t    /* Probe several day positions; at least one should be
\'continue\'. */\n   112\t    const actions = [0, 1, 2, 3, 4].map(d => riskAver
se({ ...state, dayNum: d }).kind)\n   113\t    expect(actions).toContain(\'cont
inue\')\n   114\t  })\n   115\t})\n   116\t\n   117\tdescribe(\'policies: human
-like\', () => {\n   118\t  it(\'turns back in early half when route is long an
d both supplies far short\', () => {\n   119\t    const route = makeRoute({ edg
eDays: Array(20).fill(1), totalKm: 500 }) /* 20-day route */\n   120\t    let s
tate = initJourneyState({\n   121\t      route, season: \'summer\', mode: \'dir
ect\',\n   122\t      supply: { ...DEFAULT_SUPPLY, rationsPerPerson: 3, waterPe
rPerson: 2 }, /* dead-on-arrival */\n   123\t    })\n   124\t    /* halfway-gua
rd requires dayNum >= 1 (no day-0 turn-back without\n   125\t     * any observe
d travel). dayNum=1 of a 20-day route is well in the early half. */\n   126\t  
 state = { ...state, dayNum: 1 }\n   127\t    expect(humanLike(state)).toEqual(
{ kind: \'turn-back\' })\n   128\t  })\n   129\t\n   130\t  it(\'force-marches 
in the last two days when supplies allow\', () => {\n   131\t    const route = 
makeRoute({ edgeDays: Array(5).fill(1), totalKm: 125 }) /* 5-day route */\n   1
32\t    let state = initJourneyState({\n   133\t      route, season: \'spring\'
, mode: \'direct\',\n   134\t      supply: { ...DEFAULT_SUPPLY, rationsPerPerso
n: 30, waterPerPerson: 30 },\n   135\t    })\n   136\t    /* Advance to day 4 (
one day before arrival; 1 day to go ≤ 2). */\n   137\t    state = { ...state, d
ayNum: 4 }\n   138\t    expect(humanLike(state)).toEqual({ kind: \'force-march\
' })\n   139\t  })\n   140\t\n   141\t  it(\'continues when route is comfortabl
y within supplies (no other trigger)\', () => {\n   142\t    const route = make
Route({ edgeDays: Array(5).fill(1), totalKm: 125 })\n   143\t    const state = 
initJourneyState({\n   144\t      route, season: \'spring\', mode: \'direct\',\
n   145\t      supply: { ...DEFAULT_SUPPLY, rationsPerPerson: 30, waterPerPerso
n: 30 },\n   146\t    })\n   147\t    /* Day 1 of a 5-day route with abundant s
upply → continue. */\n   148\t    expect(humanLike(state).kind).toBe(\'continue
\')\n   149\t  })\n   150\t\n   151\t  it(\'does NOT turn back when a mid-route
oasis rescues low water\', () => {\n   152\t    /* 10-day route on a single tra
de-route polyline; mark node 2 as \'oasis\'\n   153\t     * and provide resuppl
yTierFor so the engine populates resupplyByDay. */\n   154\t    const route = m
akeRoute({ edgeDays: Array(10).fill(1), totalKm: 250 })\n   155\t    route.node
s[2] = { ...route.nodes[2], category: \'oasis\' }\n   156\t    let state = init
JourneyState({\n   157\t      route, season: \'spring\', mode: \'direct\',\n   
158\t      supply: { ...DEFAULT_SUPPLY, rationsPerPerson: 12, waterPerPerson: 2
}, /* low water, plenty rations */\n   159\t      resupplyTierFor: (cat) => cat
=== \'oasis\' ? \'water\' : \'none\',\n   160\t    })\n   161\t    state = { ..
.state, dayNum: 1 } /* past halfway-guard floor; still in early half */\n   162
\t    /* Pre-fix (naive scalar): water dies in ~2 days vs 9 to go → turn-back.\
n   163\t     * Post-fix (resupply-aware): the day-2 oasis restores water to st
artingWater,\n   164\t     * so the run survives → policy must not turn back. *
/\n   165\t    expect(humanLike(state).kind).not.toBe(\'turn-back\')\n   166\t 
})\n   167\t\n   168\t  it(\'does NOT turn back past halfway even with critical
shortage (sunk-cost guard)\', () => {\n   169\t    /* 10-day route, past midpoi
nt, both supplies near zero. Pre-change would\n   170\t     * turn back; new lo
gic keeps going (or rations) because returning costs\n   171\t     * the same s
upplies as pressing on. */\n   172\t    const route = makeRoute({ edgeDays: Arr
ay(10).fill(1), totalKm: 250 })\n   173\t    let state = initJourneyState({\n  
174\t      route, season: \'summer\', mode: \'direct\',\n   175\t      supply: 
{ ...DEFAULT_SUPPLY, rationsPerPerson: 8, waterPerPerson: 8 },\n   176\t    })\
n   177\t    state = { ...state, dayNum: 6, rationsLeft: 1, waterLeft: 1 }\n   
178\t    expect(humanLike(state).kind).not.toBe(\'turn-back\')\n   179\t  })\n 
 180\t})\n   181\t\n   182\tdescribe(\'policies: adaptive\', () => {\n   183\t 
/* A minimal Graph stub — the policy only checks non-nullness of state.graph\n 
 184\t   * and state.endId. The engine never reaches into them from the policy 
path\n   185\t   * (it only does so during nextDay({kind:\'reroute\',...}), whi
ch we don\'t call\n   186\t   * here — we only assert what the policy returns).
*/\n   187\t  const STUB_GRAPH = { nodes: new Map(), adj: new Map() }\n   188\t
\n   189\t  it(\'triggers reroute when both supplies forecast shortfall early-m
id journey with graph available\', () => {\n   190\t    const route = makeRoute
({ edgeDays: Array(20).fill(1), totalKm: 500 })\n   191\t    let state = initJo
urneyState({\n   192\t      route, season: \'summer\', mode: \'direct\',\n   19
3\t      supply: { ...DEFAULT_SUPPLY, rationsPerPerson: 3, waterPerPerson: 2 },
\n   194\t    })\n   195\t    state = { ...state, dayNum: 1, graph: STUB_GRAPH,
endId: \'n20\' }\n   196\t    expect(adaptive(state)).toEqual({ kind: \'reroute
\', mode: \'fastest\' })\n   197\t  })\n   198\t\n   199\t  it(\'does NOT rerou
te when graph is missing (UI-shape state); delegates to humanLike\', () => {\n 
 200\t    const route = makeRoute({ edgeDays: Array(20).fill(1), totalKm: 500 }
)\n   201\t    let state = initJourneyState({\n   202\t      route, season: \'s
ummer\', mode: \'direct\',\n   203\t      supply: { ...DEFAULT_SUPPLY, rationsP
erPerson: 3, waterPerPerson: 2 },\n   204\t    })\n   205\t    state = { ...sta
te, dayNum: 1 }\n   206\t    expect(adaptive(state).kind).not.toBe(\'reroute\')
\n   207\t    expect(adaptive(state)).toEqual(humanLike(state))\n   208\t  })\n
  209\t\n   210\t  it(\'does NOT reroute on day 0 (no observed travel yet)\', (
) => {\n   211\t    const route = makeRoute({ edgeDays: Array(20).fill(1), tota
lKm: 500 })\n   212\t    const state = initJourneyState({\n   213\t      route,
season: \'summer\', mode: \'direct\',\n   214\t      supply: { ...DEFAULT_SUPPL
Y, rationsPerPerson: 3, waterPerPerson: 2 },\n   215\t    })\n   216\t    /* da
yNum=0 is the initial state — no day has been observed.\n   217\t     * Adaptiv
e defers to humanLike, whose own halfwayGuard also blocks\n   218\t     * turn-
back on dayNum=0, so the action will be \'ration\' (or whatever\n   219\t     *
humanLike picks for fresh-start tight supplies). */\n   220\t    const stateWit
hGraph = { ...state, graph: STUB_GRAPH, endId: \'n20\' }\n   221\t    expect(ad
aptive(stateWithGraph).kind).not.toBe(\'reroute\')\n   222\t    expect(adaptive
(stateWithGraph)).toEqual(humanLike(stateWithGraph))\n   223\t  })\n   224\t\n 
 225\t  it(\'does NOT reroute past midpoint (runway guard)\', () => {\n   226\t
   const route = makeRoute({ edgeDays: Array(10).fill(1), totalKm: 250 })\n   2
27\t    let state = initJourneyState({\n   228\t      route, season: \'summer\'
, mode: \'direct\',\n   229\t      supply: { ...DEFAULT_SUPPLY, rationsPerPerso
n: 8, waterPerPerson: 8 },\n   230\t    })\n   231\t    state = {\n   232\t    
 ...state,\n   233\t      dayNum: 7, /* past midpoint of 10-day route */\n   23
4\t      rationsLeft: 1, waterLeft: 1,\n   235\t      graph: STUB_GRAPH, endId:
\'n10\',\n   236\t    }\n   237\t    expect(adaptive(state).kind).not.toBe(\'re
route\')\n   238\t    expect(adaptive(state)).toEqual(humanLike(state))\n   239
\t  })\n   240\t\n   241\t  it(\'does NOT reroute when already on fastest mode 
(no useful target)\', () => {\n   242\t    const route = makeRoute({ edgeDays: 
Array(20).fill(1), totalKm: 500 })\n   243\t    let state = initJourneyState({\
n   244\t      route, season: \'summer\', mode: \'fastest\',\n   245\t      sup
ply: { ...DEFAULT_SUPPLY, rationsPerPerson: 3, waterPerPerson: 2 },\n   246\t  
 })\n   247\t    state = { ...state, dayNum: 1, graph: STUB_GRAPH, endId: \'n20
\' }\n   248\t    expect(adaptive(state).kind).not.toBe(\'reroute\')\n   249\t 
  expect(adaptive(state)).toEqual(humanLike(state))\n   250\t  })\n   251\t\n  
252\t  it(\'does NOT reroute twice (dayOffset > 0 latch)\', () => {\n   253\t  
 const route = makeRoute({ edgeDays: Array(20).fill(1), totalKm: 500 })\n   254
\t    let state = initJourneyState({\n   255\t      route, season: \'summer\', 
mode: \'direct\',\n   256\t      supply: { ...DEFAULT_SUPPLY, rationsPerPerson:
3, waterPerPerson: 2 },\n   257\t    })\n   258\t    state = {\n   259\t      .
..state,\n   260\t      dayNum: 2,\n   261\t      dayOffset: 1, /* simulate tha
t a reroute already happened this run */\n   262\t      graph: STUB_GRAPH, endI
d: \'n20\',\n   263\t    }\n   264\t    expect(adaptive(state).kind).not.toBe(\
'reroute\')\n   265\t    expect(adaptive(state)).toEqual(humanLike(state))\n   
266\t  })\n   267\t\n   268\t  it(\'does NOT reroute when only one supply forec
asts shortfall\', () => {\n   269\t    /* Abundant rations, very tight water → 
only water predicts shortfall.\n   270\t     * Adaptive\'s predicate requires B
OTH — falls through to humanLike (which\n   271\t     * will ration since !supp
lySurvives but rations.shortfall===null suppresses\n   272\t     * the turn-bac
k). */\n   273\t    const route = makeRoute({ edgeDays: Array(15).fill(1), tota
lKm: 375 })\n   274\t    let state = initJourneyState({\n   275\t      route, s
eason: \'spring\', mode: \'direct\',\n   276\t      supply: { ...DEFAULT_SUPPLY
, rationsPerPerson: 30, waterPerPerson: 3 },\n   277\t    })\n   278\t    state
= { ...state, dayNum: 1, graph: STUB_GRAPH, endId: \'n15\' }\n   279\t    expec
t(adaptive(state).kind).not.toBe(\'reroute\')\n   280\t    expect(adaptive(stat
e)).toEqual(humanLike(state))\n   281\t  })\n   282\t})\n',
        message='282 lines read from file starting from line 1. End of file rea
ched.',
        display=[],
        extras=None
    )
)
ToolCallPart(
    arguments_part='orchestrate\\\\wt\\\\passage-playtester\\\\scripts\\\\sim\\
\\sim-batch.test.ts", "n_lines": 100}'
)
StatusUpdate(
    context_usage=0.2782325744628906,
    token_usage=TokenUsage(
        input_other=745,
        output=181,
        input_cache_read=72192,
        input_cache_creation=0
    ),
    message_id='chatcmpl-zVmWkm8Hv1tAPi9lJ3zfGIgR'
)
ToolResult(
    tool_call_id='tool_pEgWStlPzUWqyQRJv5FKLkZv',
    return_value=ToolOk(
        is_error=False,
        output='     1\t/**\n     2\t * sim-batch.test.ts — Phase 3b: CSV-shape
and action-mix contract for sim:batch.\n     3\t *\n     4\t * Doesn\'t run the
full grid (slow); exercises toRow / computeActionMix /\n     5\t * the two CSV 
column schemas directly. The "all 576 rows balanced"\n     6\t * integration ch
eck is performed manually via the npm script.\n     7\t */\n     8\t\n     9\ti
mport { describe, it, expect } from \'vitest\'\n    10\timport {\n    11\t  toR
ow,\n    12\t  computeActionMix,\n    13\t  LEGACY_COLUMNS,\n    14\t  POLICY_C
OLUMNS,\n    15\t  type GridPoint,\n    16\t} from \'./sim-batch\'\n    17\timp
ort type { Trace } from \'./run-journey\'\n    18\timport { POLICIES_LIST } fro
m \'./policies\'\n    19\t\n    20\tfunction makeGridPoint(): GridPoint {\n    
21\t  return {\n    22\t    inputs: {\n    23\t      from: \'ngaru_bon\',\n    
24\t      to: \'oravan\',\n    25\t      season: \'spring\',\n    26\t      mod
e: \'direct\',\n    27\t      party: { pace: \'normal\', mount: \'foot\', size:
\'medium\', forcedMarch: false },\n    28\t      supply: { rationsPerPerson: 12
, waterPerPerson: 6, encumbrance: \'normal\', packAnimals: \'none\' },\n    29\
t    },\n    30\t    supplyPreset: \'standard\',\n    31\t    partyPreset: \'st
andard\',\n    32\t  }\n    33\t}\n    34\t\n    35\tfunction makeTrace(opts: {
\n    36\t  actions?: Array<\'continue\' | \'rest\' | \'force-march\' | \'ratio
n\' | \'turn-back\'>\n    37\t  policy?: \'naive\' | \'greedy-speed\' | \'risk-
averse\' | \'human-like\'\n    38\t  finalExhaustion?: number\n    39\t  comple
ted?: boolean\n    40\t} = {}): Trace {\n    41\t  const actions = opts.actions
?? [\'continue\', \'continue\', \'continue\']\n    42\t  return {\n    43\t    
inputs: makeGridPoint().inputs,\n    44\t    route: { found: true, totalKm: 100
, estimatedDays: actions.length, bottlenecks: [], seasonalWarnings: [], pivotId
s: [], nodeIds: [\'ngaru_bon\', \'oravan\'], edgeCount: 1 },\n    45\t    days:
actions.map((a, i) => ({\n    46\t      dayNum: i + 1, kmCovered: 30, startLabe
l: \'\', campLabel: \'\', weather: \'\', notable: [],\n    47\t      encounters
: [], calendarEvents: [], rationsLeft: 12 - i, waterLeft: 6 - i,\n    48\t     
rationsBurnedToday: 1, waterBurnedToday: 1,\n    49\t      action: a, exhaustio
nLevel: i === actions.length - 1 ? opts.finalExhaustion ?? 0 : undefined,\n    
50\t    })),\n    51\t    summary: {\n    52\t      daysCount: actions.length,\
n    53\t      completed: opts.completed ?? false,\n    54\t      finishedReaso
n: opts.completed ? \'arrived\' : \'water-out\',\n    55\t      encountersTotal
: 0, encountersByType: {}, encountersBySeverity: {},\n    56\t      calendarEve
ntsTotal: 0,\n    57\t      rationsLowDay: null, waterLowDay: null, rationsOutD
ay: null, waterOutDay: actions.length,\n    58\t      finalRationsLeft: 0, fina
lWaterLeft: 0,\n    59\t      civStopsOnRoute: 0, resupplyStopsOnRoute: 0, maxR
esupplyGapKm: 0,\n    60\t      ...(opts.policy ? { policy: opts.policy } : {})
,\n    61\t    },\n    62\t  }\n    63\t}\n    64\t\n    65\tdescribe(\'sim-bat
ch: column schemas\', () => {\n    66\t  it(\'LEGACY_COLUMNS has no policy or a
ction_* columns\', () => {\n    67\t    expect(LEGACY_COLUMNS).not.toContain(\'
policy\')\n    68\t    expect(LEGACY_COLUMNS).not.toContain(\'action_continue\'
)\n    69\t    expect(LEGACY_COLUMNS).not.toContain(\'exhaustion_final\')\n    
70\t  })\n    71\t\n    72\t  it(\'POLICY_COLUMNS includes policy + all 6 actio
n_* + exhaustion_final\', () => {\n    73\t    expect(POLICY_COLUMNS).toContain
(\'policy\')\n    74\t    expect(POLICY_COLUMNS).toContain(\'action_continue\')
\n    75\t    expect(POLICY_COLUMNS).toContain(\'action_rest\')\n    76\t    ex
pect(POLICY_COLUMNS).toContain(\'action_force_march\')\n    77\t    expect(POLI
CY_COLUMNS).toContain(\'action_ration\')\n    78\t    expect(POLICY_COLUMNS).to
Contain(\'action_turn_back\')\n    79\t    expect(POLICY_COLUMNS).toContain(\'a
ction_reroute\')\n    80\t    expect(POLICY_COLUMNS).toContain(\'exhaustion_fin
al\')\n    81\t  })\n    82\t\n    83\t  it(\'POLICY_COLUMNS is a superset of L
EGACY_COLUMNS\', () => {\n    84\t    for (const col of LEGACY_COLUMNS) {\n    
85\t      expect(POLICY_COLUMNS).toContain(col)\n    86\t    }\n    87\t  })\n 
  88\t\n    89\t  it(\'both schemas include the Phase 4 resupply-instrumentatio
n columns\', () => {\n    90\t    expect(LEGACY_COLUMNS).toContain(\'civ_stops_
on_route\')\n    91\t    expect(LEGACY_COLUMNS).toContain(\'resupply_stops_on_r
oute\')\n    92\t    expect(LEGACY_COLUMNS).toContain(\'max_resupply_gap_km\')\
n    93\t    expect(POLICY_COLUMNS).toContain(\'civ_stops_on_route\')\n    94\t
   expect(POLICY_COLUMNS).toContain(\'resupply_stops_on_route\')\n    95\t    e
xpect(POLICY_COLUMNS).toContain(\'max_resupply_gap_km\')\n    96\t  })\n    97\
t\n    98\t  it(\'both schemas include the Phase 4 dynamic resupply-fires colum
ns\', () => {\n    99\t    expect(LEGACY_COLUMNS).toContain(\'resupply_fires_fu
ll_count\')\n   100\t    expect(LEGACY_COLUMNS).toContain(\'resupply_fires_wate
r_count\')\n',
        message='100 lines read from file starting from line 1.',
        display=[],
        extras=None
    )
)
StepBegin(n=5)
ThinkPart(
    type='think',
    think="Now I have enough to start implementation. Let me set up a todo list
and begin writing the files. The key deliverables:\n\n1. `scripts/sim/passage-r
un.ts` - core runner, fork logic, metric helpers\n2. `scripts/sim/passage-polic
ies.ts` - choice + base policy registry\n3. `scripts/sim/sim-passage-report.ts`
- batch report CLI\n4. `scripts/sim/passage-playthrough.ts` - generalize existi
ng\n5. `scripts/sim/passage-run.test.ts` - tests\n6. `web/package.json` - add s
cripts\n\nLet me start by writing passage-run.ts since it's the foundation.",
    encrypted=None
)
ToolCall(
    type='function',
    id='tool_v1FPBF7DRoBjlabqaMU0sn6X',
    function=FunctionBody(
        name='SetTodoList',
        arguments='{"todos": [{"title": "Implement passage-run.ts core runner +
fork logic", "status": "in_progress"}, {"title": "Implement passage-policies.ts
registry", "status": "pending"}, {"title": "Implement sim-passage-report.ts bat
ch evaluator", "status": "pending"}, {"title": "Generalize passage-playthrough.
ts", "status": "pending"}, {"title": "Implement passage-run.test.ts tests", "st
atus": "pending"}, {"title": "Add package.json scripts", "status": "pending"}, 
{"title": "Run tests + report CLI acceptance", "status": "pending"}]}'
    ),
    extras=None
)
ToolResult(
    tool_call_id='tool_v1FPBF7DRoBjlabqaMU0sn6X',
    return_value=ToolReturnValue(
        is_error=False,
        output='',
        message='Todo list updated',
        display=[
            TodoDisplayBlock(
                type='todo',
                items=[
                    TodoDisplayItem(
                        title='Implement passage-run.ts core runner + fork logi
c',
                        status='in_progress'
                    ),
                    TodoDisplayItem(
                        title='Implement passage-policies.ts registry',
                        status='pending'
                    ),
                    TodoDisplayItem(
                        title='Implement sim-passage-report.ts batch evaluator'
,
                        status='pending'
                    ),
                    TodoDisplayItem(
                        title='Generalize passage-playthrough.ts',
                        status='pending'
                    ),
                    TodoDisplayItem(
                        title='Implement passage-run.test.ts tests',
                        status='pending'
                    ),
                    TodoDisplayItem(
                        title='Add package.json scripts',
                        status='pending'
                    ),
                    TodoDisplayItem(
                        title='Run tests + report CLI acceptance',
                        status='pending'
                    )
                ]
            )
        ],
        extras=None
    )
)
StatusUpdate(
    context_usage=0.3030891418457031,
    token_usage=TokenUsage(
        input_other=6749,
        output=275,
        input_cache_read=72704,
        input_cache_creation=0
    ),
    message_id='chatcmpl-hs4eRlTbNOrB4L1BDtCHVmTj'
)
StepBegin(n=6)
ThinkPart(
    type='think',
    think='Let me write passage-run.ts. Need to be careful about:\n- Importing 
from web/src/utils/... using relative paths from scripts/sim\n- Type definition
s for ChoicePolicy, BasePolicy, ResolvedChoice, BranchOutcome, Instance\n- make
PassageOpts reusing findRouteWithFallback and getResupplyTier\n- playPassage lo
op with safety cap snapshot before loop\n- forkInstance: from pendingState, for
each choice index call passageChoose(pendingState, i), then continue each to te
rminal via playPassage\n- walkWithForks: walk baseline once, at each pending re
cord instance + forkInstance results, then resolve with baseline choice policy 
and continue\n- signatureKeysInState: keys in SIGNATURE_CHOICES bucketed in enc
ountersByDay\n- countSignatureFiresPerCrossing: count per key\n\nImportant: no 
cloning. passageChoose mutates? Looking at passageChoose, it creates new journe
y object via spreads, new log, etc. The input state itself is not mutated. But 
the function returns a new object. The "same ref no-op" check works because if 
state.pending is null or outcome not in-progress, it returns state.\n\nBut wait
, in forkInstance we call passageChoose(pendingState, i) multiple times. Since 
passageChoose is pure and doesn\'t mutate input, this should be safe. The deter
minism test will verify.\n\nFor playPassage, I need to decide the return shape.
Spec says `{ state, choices: ResolvedChoice[] }`. But note P17: "If genuinely u
nused by a caller, omit it rather than carry dead shape." The report uses `Inst
ance.baselineChosen` which is from walkWithForks, not directly from playPassage
. The playthrough uses its own tracking. But the spec explicitly says playPassa
ge returns `{ state, choices: ResolvedChoice[] }`. I\'ll include it.\n\nThe saf
ety cap: snapshot `(state.journey.totalDays + 1) * 3` before loop. In playPassa
ge, the state could be a pending state where journey.totalDays is from the orig
inal route. The cap is the backstop.\n\nTerminal outcome check: `state.outcome 
!== \'in-progress\'`. Also same-ref no-op: `const before = state; state = passa
geAct(state, ...); if (state === before) break`.\n\nIn walkWithForks, I need to
capture the pending state, call forkInstance, then resolve with baseline choice
. Note that forkInstance receives the pending state and calls passageChoose on 
it for each branch - but since we don\'t clone, forkInstance calling passageCho
ose on the same pending state multiple times is OK because each call is pure. H
owever, walkWithForks itself then calls passageChoose(pendingState, baselineCho
sen) to continue - this is also fine because it doesn\'t mutate pendingState.\n
\nWait, but passageChoose returns a NEW state. So pendingState remains unchange
d. Good.\n\nLet me also think about `ResolvedChoice`: { key, day, chosenIndex, 
offered }. day should be currentDay = journey.dayNum + extraDays? Or the engine
day when pending fired? The pending encounter is set on a continue action for d
ayNum+1. At the time pending is set, state.journey.dayNum is the last completed
day, and the pending encounter will occur on dayNum+1. The "day" in ResolvedCho
ice should probably be the player-facing day when the choice was offered: state
.journey.dayNum + state.extraDays + 1? Or just currentDay? Let me use the playe
r-facing day at the moment of choice: `state.journey.dayNum + state.extraDays` 
since pending is set before advancing. Actually when pending is set, the party 
hasn\'t started that day yet. The playthrough shows `day ${state.journey.dayNum
+ state.extraDays + 1}`. I\'ll use `state.journey.dayNum + state.extraDays + 1`
to match the playthrough display, or maybe just use currentDay (which is dayNum
+ extraDays). The spec just says `day: number`. I\'ll use the pending encounter
\'s engine day: `state.journey.dayNum + 1`? Hmm.\n\nActually for Instance.day i
t says `day: number` without specifying. Looking at the playthrough, it display
s "day N" where N = journey.dayNum + extraDays + 1 when pending is set. But for
the report, what matters is identifying the instance. I\'ll use `state.journey.
dayNum + state.extraDays + 1` as the player-facing day label.\n\nActually, re-r
eading the spec: "ResolvedChoice = { key: string; day: number; chosenIndex: num
ber; offered: number }". The day is probably the day the choice was presented. 
I\'ll define it as `state.journey.dayNum + state.extraDays + 1` to match the pl
aythrough\'s "ENCOUNTER (day X)" label. But it doesn\'t matter much as long as 
it\'s consistent.\n\nFor BranchOutcome.totalDays: The spec says `totalDays`. Sh
ould this be the final journey.totalDays (original route length) or the actual 
player-facing days elapsed to outcome? I think it should be the actual days ela
psed = finalState.journey.dayNum + finalState.extraDays. I\'ll use that.\n\nFor
BranchOutcome.finalRations/finalWater: from final state journey.rationsLeft/wat
erLeft.\n\nFor BranchOutcome.outcome: final state.outcome (arrived/aborted/peri
shed).\n\nFor BranchOutcome.label/risk: from the chosen choice.\n\nNow metric h
elpers need to be unit-testable. The spec says: "Metric calc on a synthetic ins
tance: construct a tiny set of BranchOutcome[] and assert the dominance / diffe
rentiation / impact computations are correct (pure functions — extract them so 
they\'re unit-testable without running journeys)."\n\nSo I should export:\n- co
mputeDominance(branches): returns { dominantIndex: number | null, dominatedSet:
Set<number>, perBranchBestAxisCount? }\n- computeImpact(branches): number of di
stinct outcomes\n- computeDifferentiation(branches): { waterRange, rationsRange
}\n\nAnd possibly aggregation functions for per-key tables.\n\nLet me design:\n
- For one instance (array of BranchOutcome[]), compute:\n  - dominant branch: b
ranch i dominates if for all j, branches[i].outcome arrived >= branches[j].outc
ome arrived, finalWater >=, finalRations >=. Actually "arrived" is 1/0. So bran
ch i dominates if it is ≥ every other on ALL of {arrived(1/0), finalWater, fina
lRations}.\n  - dead branch: best-on-no-axis in ≥80% of instances. Actually the
spec says per-key: "A branch that is best-on-no-axis in ≥80% → flag DEAD CHOICE
. Report the per-branch dominance frequency." Hmm "best-on-no-axis" means the b
ranch never has the max value on any axis across the instances. Let me re-read.
\n\n"Dominance (per key): for each instance, a branch dominates if it is ≥ ever
y other branch on ALL of {arrived(1/0), finalWater, finalRations}. If the same 
branch index dominates in ≥ 80% of K\'s instances → flag DOMINANT CHOICE (fun-k
iller). A branch that is best-on-no-axis in ≥80% → flag DEAD CHOICE. Report the
per-branch dominance frequency."\n\nSo per instance:\n- For each branch, check 
if it dominates.\n- Also for each branch, check which axes it is best on.\n\nPe
r key aggregation:\n- dominanceFrequency: for each branch index, count of insta
nces where it dominated / total instances.\n- If any branch\'s dominance freque
ncy >= 0.8 → flag DOMINANT CHOICE.\n- deadChoice: for each branch index, count 
of instances where it is best-on-no-axis / total instances >= 0.8 → flag DEAD C
HOICE.\n\n"best-on-no-axis" in an instance: a branch is best on no axis if it i
s not the unique max (or not max?) on arrived, finalWater, or finalRations. Act
ually if it\'s tied for max, is it "best"? I\'ll interpret "best" as strictly m
ax to be safe, or at least tied for max. Hmm. Let me use "is strictly greater t
han all others on at least one axis" as best-on-an-axis. If best-on-no-axis mea
ns it never strictly maxes any axis. Actually to avoid flagging ties as dead, I
\'ll consider "best" as "max (allowing ties)". If a branch ties for max on any 
axis, it\'s not best-on-no-axis. This is more conservative.\n\nWait, if a branc
h is always strictly worse on all axes, it\'s dead. If it sometimes ties, it\'s
not dead. Using max with ties is right.\n\nFor dominance, "≥ every other" inclu
des ties, so a branch that ties on all axes with another would both dominate. T
hat\'s fine.\n\nDifferentiation per key: median across instances of (max-min) f
inalWater and finalRations across branches.\n\nOutcome-impact per key: fraction
of instances whose branches yield ≥2 distinct outcomes.\n\nFor per-key branch t
ables:\n- Across all instances of key K, per branch index/label: completion %, 
median finalWater, median finalRations, median totalDays, ending distribution c
ounts.\n\nFor repetition:\n- count fires per key per crossing from initial enco
untersByDay.\n- distribution of fires-per-key-per-crossing (maybe as text/table
).\n- rate of crossings where any key fires ≥2×.\n\nFor severe-beat coverage:\n
- over all encounters generated in batch (walk encountersByDay of each crossing
\'s initial state), count moderate+severe whose key is NOT in SIGNATURE_CHOICES
vs those that are.\n- list top 10 non-interactive moderate+severe beats by freq
uency (group by narrative), tie-break alphabetical.\n\nFor death-march rate:\n-
per (supply preset × mode), fraction of crossings that reach terminal aborted/p
erished with zero signature choices.\n\nOK, this is a lot but manageable. Let m
e write it carefully.\n\nOne issue: in passage-run.ts, `PassageState` has `pend
ing: PendingEncounter | null`. When we call signatureKeysInState, we read `stat
e.journey.encountersByDay` which is a Map. We need to iterate it.\n\nFor makePa
ssageOpts: it returns `JourneyStateOpts | null`. The spec says "reuse findRoute
WithFallback from journey-graph + getResupplyTier from run-journey.ts". Note th
at makePassageOpts takes `graph, from, to, season, mode, supply, party`. It sho
uld use findRouteWithFallback to get route. If no route, return null. Return op
ts including graph, endId, resupplyTierFor.\n\nSupply presets: standard = {rati
onsPerPerson:12, waterPerPerson:6, encumbrance:\'normal\', packAnimals:\'none\'
}, caravan = {rationsPerPerson:12, waterPerPerson:6, encumbrance:\'normal\', pa
ckAnimals:\'caravan\'}.\n\nParty: for the report grid, what party? The spec doe
sn\'t explicitly specify, but passage-playthrough uses foot/normal/medium. The 
report grid is "all ordered civ-pairs × 4 seasons × modes [\'direct\',\'cheapes
t\'] × supply presets {standard, caravan}". No party mentioned. I\'ll use the s
ame PARTY as playthrough: { pace: \'normal\', mount: \'foot\', size: \'medium\'
, forcedMarch: false }.\n\nThe report grid uses modes [\'direct\',\'cheapest\']
only, not fastest/safest.\n\nAll ordered civ-pairs: 6 civs × 5 others = 30 pair
s. × 4 seasons × 2 modes × 2 supplies = 480 crossings. With --limit 200 default
.\n\nWait, the spec says default --limit 200. But also says "Default = the FULL
grid (no cap)" in clarifications P30. Let me re-read: "CLI: --seasons / --modes
take comma-separated lists that FILTER the grid... Default = the FULL grid (no 
cap); --limit N is the opt-in fast path". But earlier in deliverables: "CLI fla
gs: --limit N (cap crossings, default 200 — and log()/stderr the cap so dropped
coverage is never silent)".\n\nP30 clarifies: Default = FULL grid (no cap). So 
--limit default should be...? The earlier spec says default 200, but P30 says d
efault full grid. P30 overrides. So default should be no cap, and --limit is op
t-in. But the deliverable section says default 200. The clarification P30 says 
"Default = the FULL grid (no cap)". This is a contradiction. P30 explicitly say
s it overrides anything vaguer above. So I\'ll implement default as no cap (und
efined / Infinity), and --limit sets a cap. But then the acceptance criterion 2
says `npm run sim:passage -- --limit 60` exits 0. That\'s fine. Also criterion 
7: "Any silent coverage cap (the --limit) is logged to stderr with the dropped 
count." So if --limit is provided and truncates, log it. If no --limit, full gr
id.\n\nBut wait, the deliverable says "--limit N (cap crossings, default 200". 
Since P30 overrides, I\'ll make default no cap. However, running the full grid 
might be slow. The acceptance criterion 2 uses --limit 60, so default no cap is
fine. But the spec says "Default = the FULL grid (no cap); --limit N is the opt
-in fast path". I\'ll follow that.\n\nActually, re-reading P30 more carefully: 
it says "Default = the FULL grid (no cap); --limit N is the opt-in fast path an
d, when it truncates, must stderr-log \'capped: ran N of M crossings\'." So yes
, default is full grid.\n\nBut the original deliverables section says default 2
00. The clarification says it overrides. So I\'ll implement default no cap. But
should I maybe set a very high default or just no cap? The phrasing "no cap" su
ggests undefined. But to avoid runaway, I\'ll cap at the grid size anyway. If -
-limit is not specified, we run all grid cells. Log nothing about cap unless --
limit truncates.\n\nHmm, but acceptance criterion 2 says "run the report accept
ance with the FULL grid (or a limit large enough that it is non-empty)". So usi
ng --limit 60 is acceptable. But criterion 2 specifically says `npm run sim:pas
sage -- --limit 60`. OK.\n\nNow, the death-march grid is per (supply preset × m
ode). Denominator = ALL crossings in that group that produced a route. Numerato
r = terminal perished/aborted AND zero signature choices.\n\nFor the per-key br
anch table, I need to gather all BranchOutcome across all instances of key K. F
or each branch index, compute stats. Use median function.\n\nFor markdown table
safety: replace | with \\| and collapse newlines to spaces.\n\nLet me write pas
sage-run.ts now. I\'ll write it in one go since it\'s large.',
    encrypted=None
)
ToolCall(
    type='function',
    id='tool_0L4nLmBk2RtwurrufUj1kQwl',
    function=FunctionBody(
        name='WriteFile',
        arguments='{"path": "C:\\\\Users\\\\perry\\\\DevProjects\\\\veydria-car
tography\\\\.orchestrate\\\\wt\\\\passage-playtester\\\\scripts\\\\sim\\\\passa
ge-run.ts", "content": "/**\\n * passage-run.ts — Shared Passage-mode harness c
ode path.\\n *\\n * Mirrors `run-journey.ts`: pure utilities for playing a Pass
age-mode crossing\\n * with pluggable base + choice policies, plus the counterf
actual fork machinery\\n * used by the batch report to measure choice quality.\
\n *\\n * Design constraints (non-negotiable):\\n *  - No cloning of JourneySta
te / PassageState. The engine functions are pure on\\n *    their inputs, so we
fork by calling them repeatedly from the same state.\\n *  - Engine + passage.t
s stay byte-for-byte untouched. This file is additive only.\\n */\\n\\nimport {
fileURLToPath } from \'node:url\'\\nimport { dirname, resolve, isAbsolute } fro
m \'node:path\'\\n\\nimport {\\n  findRouteWithFallback,\\n  type PartyConfig,\
\n  type Season,\\n  type RouteMode,\\n  type JourneyRoute,\\n} from \'../../we
b/src/utils/journey-graph\'\\nimport {\\n  type JourneyState,\\n  type JourneyS
tateOpts,\\n  type Action,\\n} from \'../../web/src/utils/journey-days\'\\nimpo
rt {\\n  initPassage,\\n  passageAct,\\n  passageChoose,\\n  SIGNATURE_CHOICES,
\\n  type PassageState,\\n  type PendingEncounter,\\n  type EncounterChoice,\\n
 type PassageOutcome,\\n} from \'../../web/src/utils/passage\'\\nimport type { 
Encounter } from \'../../web/src/utils/encounters\'\\nimport { buildGraphFromGe
ojson, getResupplyTier, type Graph } from \'./run-journey\'\\n\\nexport type Gr
aph = Graph\\nexport { getResupplyTier }\\n\\nexport function repoRoot(): strin
g {\\n  const here = dirname(fileURLToPath(import.meta.url))\\n  return resolve
(here, \'../..\')\\n}\\n\\nexport function resolveRepoRel(p: string): string {\
\n  return isAbsolute(p) ? p : resolve(repoRoot(), p)\\n}\\n\\n/* ─── Public ty
pes ─── */\\n\\nexport type ChoicePolicy = (pending: PendingEncounter, journey:
JourneyState) => number\\nexport type BasePolicy = (state: PassageState) => Act
ion\\n\\nexport interface ResolvedChoice {\\n  key: string\\n  day: number\\n  
chosenIndex: number\\n  offered: number\\n}\\n\\nexport interface BranchOutcome
{\\n  index: number\\n  label: string\\n  risk: \'none\' | \'minor\' | \'grave\
'\\n  outcome: PassageOutcome\\n  finalRations: number\\n  finalWater: number\\
n  totalDays: number\\n}\\n\\nexport interface Instance {\\n  key: string\\n  d
ay: number\\n  offered: number\\n  branches: BranchOutcome[]\\n  baselineChosen
: number\\n}\\n\\n/* ─── Supply / party presets ─── */\\n\\nexport const PASSAG
E_PARTY: PartyConfig = {\\n  pace: \'normal\',\\n  mount: \'foot\',\\n  size: \
'medium\',\\n  forcedMarch: false,\\n}\\n\\nexport const STANDARD_SUPPLY = {\\n
 rationsPerPerson: 12,\\n  waterPerPerson: 6,\\n  encumbrance: \'normal\' as co
nst,\\n  packAnimals: \'none\' as const,\\n}\\n\\nexport const CARAVAN_SUPPLY =
{\\n  rationsPerPerson: 12,\\n  waterPerPerson: 6,\\n  encumbrance: \'normal\' 
as const,\\n  packAnimals: \'caravan\' as const,\\n}\\n\\nexport const SUPPLY_P
RESETS: Record<string, typeof STANDARD_SUPPLY> = {\\n  standard: STANDARD_SUPPL
Y,\\n  caravan: CARAVAN_SUPPLY,\\n}\\n\\nexport const CIVS = [\'ngaru_bon\', \'
irrah\', \'kheshkai\', \'qollari\', \'ndjadi\', \'oravan\']\\nexport const SEAS
ONS: Season[] = [\'spring\', \'summer\', \'autumn\', \'winter\']\\n\\n/* ─── Bu
ild opts / init ─── */\\n\\nexport function makePassageOpts(\\n  graph: Graph,\
\n  from: string,\\n  to: string,\\n  season: Season,\\n  mode: RouteMode,\\n  
supply = STANDARD_SUPPLY,\\n  party = PASSAGE_PARTY,\\n): JourneyStateOpts | nu
ll {\\n  const { route } = findRouteWithFallback(graph, from, to, season, mode,
party)\\n  if (!route) return null\\n  return {\\n    route,\\n    season,\\n  
 mode,\\n    edgeBiomes: undefined,\\n    departureDayOfYear: undefined,\\n    
party,\\n    supply,\\n    graph,\\n    endId: to,\\n    resupplyTierFor: getRe
supplyTier,\\n  }\\n}\\n\\nexport function initPassageFrom(graph: Graph, opts: 
Omit<JourneyStateOpts, \'route\' | \'graph\' | \'endId\' | \'resupplyTierFor\'>
& { from: string; to: string }): PassageState | null {\\n  const full = makePas
sageOpts(\\n    graph,\\n    opts.from,\\n    opts.to,\\n    opts.season as Sea
son,\\n    opts.mode as RouteMode,\\n    opts.supply,\\n    opts.party,\\n  )\\
n  if (!full) return null\\n  return initPassage(full)\\n}\\n\\n/* ─── Signatur
e helpers ─── */\\n\\nexport function signatureKeysInState(state: PassageState)
: string[] {\\n  const keys = new Set<string>()\\n  for (const encs of state.jo
urney.encountersByDay.values()) {\\n    for (const enc of encs) {\\n      if (e
nc.key && SIGNATURE_CHOICES[enc.key]) keys.add(enc.key)\\n    }\\n  }\\n  retur
n [...keys]\\n}\\n\\nexport function countSignatureFiresPerCrossing(state: Pass
ageState): Map<string, number> {\\n  const counts = new Map<string, number>()\\
n  for (const encs of state.journey.encountersByDay.values()) {\\n    for (cons
t enc of encs) {\\n      if (enc.key && SIGNATURE_CHOICES[enc.key]) {\\n       
counts.set(enc.key, (counts.get(enc.key) ?? 0) + 1)\\n      }\\n    }\\n  }\\n 
return counts\\n}\\n\\nexport function allInitialEncounters(state: PassageState
): Encounter[] {\\n  const out: Encounter[] = []\\n  const days = [...state.jou
rney.encountersByDay.keys()].sort((a, b) => a - b)\\n  for (const d of days) {\
\n    out.push(...(state.journey.encountersByDay.get(d) ?? []))\\n  }\\n  retur
n out\\n}\\n\\n/* ─── Play loop ─── */\\n\\nfunction currentDayLabel(state: Pas
sageState): number {\\n  return state.journey.dayNum + state.extraDays\\n}\\n\\
nexport function playPassage(\\n  state0: PassageState,\\n  basePolicy: BasePol
icy,\\n  choicePolicy: ChoicePolicy,\\n): { state: PassageState; choices: Resol
vedChoice[] } {\\n  let state = state0\\n  const choices: ResolvedChoice[] = []
\\n  const cap = (state.journey.totalDays + 1) * 3\\n  let safety = cap\\n  whi
le (state.outcome === \'in-progress\' && safety-- > 0) {\\n    if (state.pendin
g) {\\n      const idx = choicePolicy(state.pending, state.journey)\\n      cho
ices.push({\\n        key: state.pending.encounter.key ?? \'unknown\',\\n      
 day: currentDayLabel(state) + 1,\\n        chosenIndex: idx,\\n        offered
: state.pending.choices.length,\\n      })\\n      state = passageChoose(state,
idx)\\n      continue\\n    }\\n    const before = state\\n    const action = b
asePolicy(state)\\n    state = passageAct(state, action)\\n    if (state === be
fore) break\\n  }\\n  return { state, choices }\\n}\\n\\n/* ─── Counterfactual 
fork ─── */\\n\\nexport function forkInstance(\\n  pendingState: PassageState,\
\n  downstreamBase: BasePolicy,\\n  downstreamChoice: ChoicePolicy,\\n): Branch
Outcome[] {\\n  if (!pendingState.pending) return []\\n  const choices = pendin
gState.pending.choices\\n  const key = pendingState.pending.encounter.key ?? \'
unknown\'\\n  const day = currentDayLabel(pendingState) + 1\\n  return choices.
map((choice, index) => {\\n    let branch = passageChoose(pendingState, index)\
\n    const result = playPassage(branch, downstreamBase, downstreamChoice)\\n  
 const final = result.state\\n    return {\\n      index,\\n      label: choice
.label,\\n      risk: choice.outcome.risk ?? \'none\',\\n      outcome: final.o
utcome,\\n      finalRations: final.journey.rationsLeft,\\n      finalWater: fi
nal.journey.waterLeft,\\n      totalDays: final.journey.dayNum + final.extraDay
s,\\n    }\\n  })\\n}\\n\\n/* ─── Walk with forks ─── */\\n\\nexport function w
alkWithForks(\\n  state0: PassageState,\\n  baselineBase: BasePolicy,\\n  basel
ineChoice: ChoicePolicy,\\n  downstreamBase: BasePolicy,\\n  downstreamChoice: 
ChoicePolicy,\\n): { finalState: PassageState; instances: Instance[] } {\\n  co
nst instances: Instance[] = []\\n  let state = state0\\n  const cap = (state.jo
urney.totalDays + 1) * 3\\n  let safety = cap\\n  while (state.outcome === \'in
-progress\' && safety-- > 0) {\\n    if (state.pending) {\\n      const branche
s = forkInstance(state, downstreamBase, downstreamChoice)\\n      const baselin
eChosen = baselineChoice(state.pending, state.journey)\\n      instances.push({
\\n        key: state.pending.encounter.key ?? \'unknown\',\\n        day: curr
entDayLabel(state) + 1,\\n        offered: state.pending.choices.length,\\n    
   branches,\\n        baselineChosen,\\n      })\\n      state = passageChoose
(state, baselineChosen)\\n      continue\\n    }\\n    const before = state\\n 
  const action = baselineBase(state)\\n    state = passageAct(state, action)\\n
   if (state === before) break\\n  }\\n  return { finalState: state, instances 
}\\n}\\n\\n/* ─── Metric helpers (pure, unit-testable) ─── */\\n\\nexport funct
ion median(xs: number[]): number {\\n  if (xs.length === 0) return 0\\n  const 
s = [...xs].sort((a, b) => a - b)\\n  const mid = Math.floor(s.length / 2)\\n  
return s.length % 2 === 0 ? (s[mid - 1] + s[mid]) / 2 : s[mid]\\n}\\n\\nfunctio
n arrivedValue(outcome: PassageOutcome): number {\\n  return outcome === \'arri
ved\' ? 1 : 0\\n}\\n\\nexport interface InstanceDominance {\\n  /** Index of a 
branch that dominates (≥ all others on arrived/water/rations), or null. */\\n  
dominantIndex: number | null\\n  /** Set of branch indices that are best on at 
least one axis (arrived/water/rations). */\\n  bestOnAnyAxis: Set<number>\\n}\\
n\\nexport function computeInstanceDominance(branches: BranchOutcome[]): Instan
ceDominance {\\n  let dominantIndex: number | null = null\\n  const bestOnAnyAx
is = new Set<number>()\\n  for (let i = 0; i < branches.length; i++) {\\n    co
nst bi = branches[i]\\n    let dominates = true\\n    for (let j = 0; j < branc
hes.length; j++) {\\n      if (i === j) continue\\n      const bj = branches[j]
\\n      if (\\n        arrivedValue(bi.outcome) < arrivedValue(bj.outcome) ||\
\n        bi.finalWater < bj.finalWater ||\\n        bi.finalRations < bj.final
Rations\\n      ) {\\n        dominates = false\\n        break\\n      }\\n   
}\\n    if (dominates) {\\n      // If multiple branches tie on all axes, repor
t the first (lowest index).\\n      if (dominantIndex === null) dominantIndex =
i\\n    }\\n    const bestArrived = branches.every(\\n      b => arrivedValue(b
i.outcome) >= arrivedValue(b.outcome),\\n    )\\n    const bestWater = branches
.every(b => bi.finalWater >= b.finalWater)\\n    const bestRations = branches.e
very(b => bi.finalRations >= b.finalRations)\\n    if (bestArrived || bestWater
|| bestRations) bestOnAnyAxis.add(i)\\n  }\\n  return { dominantIndex, bestOnAn
yAxis }\\n}\\n\\nexport function countDistinctOutcomes(branches: BranchOutcome[
]): number {\\n  return new Set(branches.map(b => b.outcome)).size\\n}\\n\\nexp
ort interface Differentiation {\\n  waterRange: number\\n  rationsRange: number
\\n}\\n\\nexport function computeDifferentiation(branches: BranchOutcome[]): Di
fferentiation {\\n  const waters = branches.map(b => b.finalWater)\\n  const ra
tions = branches.map(b => b.finalRations)\\n  return {\\n    waterRange: Math.m
ax(...waters) - Math.min(...waters),\\n    rationsRange: Math.max(...rations) -
Math.min(...rations),\\n  }\\n}\\n\\nexport interface PerKeyAggregates {\\n  ke
y: string\\n  instances: number\\n  /** Per branch index: stats + ending counts
. */\\n  branchStats: Map<\\n    number,\\n    {\\n      label: string\\n      
risk: \'none\' | \'minor\' | \'grave\'\\n      completed: number\\n      finalW
aters: number[]\\n      finalRations: number[]\\n      totalDays: number[]\\n  
   outcomes: Map<PassageOutcome, number>\\n    }\\n  >\\n  dominanceFrequency: 
Map<number, number>\\n  deadFrequency: Map<number, number>\\n  outcomeImpactFra
ction: number\\n  medianWaterDiff: number\\n  medianRationsDiff: number\\n}\\n\
\nexport function aggregatePerKey(instances: Instance[]): Map<string, PerKeyAgg
regates> {\\n  const byKey = new Map<string, PerKeyAggregates>()\\n  for (const
inst of instances) {\\n    let agg = byKey.get(inst.key)\\n    if (!agg) {\\n  
   agg = {\\n        key: inst.key,\\n        instances: 0,\\n        branchSta
ts: new Map(),\\n        dominanceFrequency: new Map(),\\n        deadFrequency
: new Map(),\\n        outcomeImpactFraction: 0,\\n        medianWaterDiff: 0,\
\n        medianRationsDiff: 0,\\n      }\\n      byKey.set(inst.key, agg)\\n  
 }\\n    agg.instances++\\n    const { dominantIndex, bestOnAnyAxis } = compute
InstanceDominance(inst.branches)\\n    if (dominantIndex !== null) {\\n      ag
g.dominanceFrequency.set(\\n        dominantIndex,\\n        (agg.dominanceFreq
uency.get(dominantIndex) ?? 0) + 1,\\n      )\\n    }\\n    for (let i = 0; i <
inst.branches.length; i++) {\\n      const b = inst.branches[i]\\n      let sta
ts = agg.branchStats.get(i)\\n      if (!stats) {\\n        stats = {\\n       
  label: b.label,\\n          risk: b.risk,\\n          completed: 0,\\n       
  finalWaters: [],\\n          finalRations: [],\\n          totalDays: [],\\n 
        outcomes: new Map(),\\n        }\\n        agg.branchStats.set(i, stats
)\\n      }\\n      if (b.outcome === \'arrived\') stats.completed++\\n      st
ats.finalWaters.push(b.finalWater)\\n      stats.finalRations.push(b.finalRatio
ns)\\n      stats.totalDays.push(b.totalDays)\\n      stats.outcomes.set(b.outc
ome, (stats.outcomes.get(b.outcome) ?? 0) + 1)\\n      if (!bestOnAnyAxis.has(i
)) {\\n        agg.deadFrequency.set(i, (agg.deadFrequency.get(i) ?? 0) + 1)\\n
     }\\n    }\\n    if (countDistinctOutcomes(inst.branches) >= 2) {\\n      a
gg.outcomeImpactFraction += 1\\n    }\\n    const diff = computeDifferentiation
(inst.branches)\\n    // We\'ll recompute medians later from collected diffs; s
tore temporarily in completed/totalDays arrays is awkward,\\n    // so collect 
diffs in a separate pass below.\\n  }\\n  for (const agg of byKey.values()) {\\
n    agg.outcomeImpactFraction = agg.instances === 0 ? 0 : agg.outcomeImpactFra
ction / agg.instances\\n  }\\n  return byKey\\n}\\n\\nexport function finalizeP
erKeyDifferentials(byKey: Map<string, PerKeyAggregates>): void {\\n  for (const
agg of byKey.values()) {\\n    const waterDiffs: number[] = []\\n    const rati
onsDiffs: number[] = []\\n    // We need per-instance diffs, but aggregatePerKe
y didn\'t keep them. Recompute from branch stats is impossible without instance
list.\\n    // To keep the API clean, consumers should pass instances to comput
ePerKeyMetrics instead. See computePerKeyMetrics below.\\n    void waterDiffs\\
n    void rationsDiffs\\n  }\\n}\\n\\nexport function computePerKeyMetrics(inst
ances: Instance[]): Map<string, PerKeyAggregates> {\\n  const byKey = new Map<s
tring, PerKeyAggregates>()\\n  const waterDiffsByKey = new Map<string, number[]
>()\\n  const rationsDiffsByKey = new Map<string, number[]>()\\n  for (const in
st of instances) {\\n    let agg = byKey.get(inst.key)\\n    if (!agg) {\\n    
 agg = {\\n        key: inst.key,\\n        instances: 0,\\n        branchStats
: new Map(),\\n        dominanceFrequency: new Map(),\\n        deadFrequency: 
new Map(),\\n        outcomeImpactFraction: 0,\\n        medianWaterDiff: 0,\\n
       medianRationsDiff: 0,\\n      }\\n      byKey.set(inst.key, agg)\\n     
waterDiffsByKey.set(inst.key, [])\\n      rationsDiffsByKey.set(inst.key, [])\\
n    }\\n    agg.instances++\\n    const { dominantIndex, bestOnAnyAxis } = com
puteInstanceDominance(inst.branches)\\n    if (dominantIndex !== null) {\\n    
 agg.dominanceFrequency.set(\\n        dominantIndex,\\n        (agg.dominanceF
requency.get(dominantIndex) ?? 0) + 1,\\n      )\\n    }\\n    for (let i = 0; 
i < inst.branches.length; i++) {\\n      const b = inst.branches[i]\\n      let
stats = agg.branchStats.get(i)\\n      if (!stats) {\\n        stats = {\\n    
     label: b.label,\\n          risk: b.risk,\\n          completed: 0,\\n    
     finalWaters: [],\\n          finalRations: [],\\n          totalDays: [],\
\n          outcomes: new Map(),\\n        }\\n        agg.branchStats.set(i, s
tats)\\n      }\\n      if (b.outcome === \'arrived\') stats.completed++\\n    
 stats.finalWaters.push(b.finalWater)\\n      stats.finalRations.push(b.finalRa
tions)\\n      stats.totalDays.push(b.totalDays)\\n      stats.outcomes.set(b.o
utcome, (stats.outcomes.get(b.outcome) ?? 0) + 1)\\n      if (!bestOnAnyAxis.ha
s(i)) {\\n        agg.deadFrequency.set(i, (agg.deadFrequency.get(i) ?? 0) + 1)
\\n      }\\n    }\\n    if (countDistinctOutcomes(inst.branches) >= 2) {\\n   
  agg.outcomeImpactFraction += 1\\n    }\\n    const diff = computeDifferentiat
ion(inst.branches)\\n    waterDiffsByKey.get(inst.key)!.push(diff.waterRange)\\
n    rationsDiffsByKey.get(inst.key)!.push(diff.rationsRange)\\n  }\\n  for (co
nst agg of byKey.values()) {\\n    agg.outcomeImpactFraction = agg.instances ==
= 0 ? 0 : agg.outcomeImpactFraction / agg.instances\\n    agg.medianWaterDiff =
median(waterDiffsByKey.get(agg.key) ?? [])\\n    agg.medianRationsDiff = median
(rationsDiffsByKey.get(agg.key) ?? [])\\n  }\\n  return byKey\\n}\\n\\n/* ─── G
raph loader convenience ─── */\\n\\nexport function loadGraph(): Graph {\\n  re
turn buildGraphFromGeojson()\\n}\\n"}'
    ),
    extras=None
)
StatusUpdate(
    context_usage=0.3042411804199219,
    token_usage=TokenUsage(
        input_other=395,
        output=7804,
        input_cache_read=79360,
        input_cache_creation=0
    ),
    message_id='chatcmpl-aIsd4OkgPT6KOoMd3iDz8DE3'
)
ToolResult(
    tool_call_id='tool_0L4nLmBk2RtwurrufUj1kQwl',
    return_value=ToolReturnValue(
        is_error=False,
        output='',
        message='File successfully overwritten. Current size: 16379 bytes.',
        display=[
            DiffDisplayBlock(
                type='diff',
                path='C:\\Users\\perry\\DevProjects\\veydria-cartography\\.orch
estrate\\wt\\passage-playtester\\scripts\\sim\\passage-run.ts',
                old_text='',
                new_text="/**\n * passage-run.ts — Shared Passage-mode harness 
code path.\n *\n * Mirrors `run-journey.ts`: pure utilities for playing a Passa
ge-mode crossing\n * with pluggable base + choice policies, plus the counterfac
tual fork machinery\n * used by the batch report to measure choice quality.\n *
\n * Design constraints (non-negotiable):\n *  - No cloning of JourneyState / P
assageState. The engine functions are pure on\n *    their inputs, so we fork b
y calling them repeatedly from the same state.\n *  - Engine + passage.ts stay 
byte-for-byte untouched. This file is additive only.\n */\n\nimport { fileURLTo
Path } from 'node:url'\nimport { dirname, resolve, isAbsolute } from 'node:path
'\n\nimport {\n  findRouteWithFallback,\n  type PartyConfig,\n  type Season,\n 
type RouteMode,\n  type JourneyRoute,\n} from '../../web/src/utils/journey-grap
h'\nimport {\n  type JourneyState,\n  type JourneyStateOpts,\n  type Action,\n}
from '../../web/src/utils/journey-days'\nimport {\n  initPassage,\n  passageAct
,\n  passageChoose,\n  SIGNATURE_CHOICES,\n  type PassageState,\n  type Pending
Encounter,\n  type EncounterChoice,\n  type PassageOutcome,\n} from '../../web/
src/utils/passage'\nimport type { Encounter } from '../../web/src/utils/encount
ers'\nimport { buildGraphFromGeojson, getResupplyTier, type Graph } from './run
-journey'\n\nexport type Graph = Graph\nexport { getResupplyTier }\n\nexport fu
nction repoRoot(): string {\n  const here = dirname(fileURLToPath(import.meta.u
rl))\n  return resolve(here, '../..')\n}\n\nexport function resolveRepoRel(p: s
tring): string {\n  return isAbsolute(p) ? p : resolve(repoRoot(), p)\n}\n\n/* 
─── Public types ─── */\n\nexport type ChoicePolicy = (pending: PendingEncounte
r, journey: JourneyState) => number\nexport type BasePolicy = (state: PassageSt
ate) => Action\n\nexport interface ResolvedChoice {\n  key: string\n  day: numb
er\n  chosenIndex: number\n  offered: number\n}\n\nexport interface BranchOutco
me {\n  index: number\n  label: string\n  risk: 'none' | 'minor' | 'grave'\n  o
utcome: PassageOutcome\n  finalRations: number\n  finalWater: number\n  totalDa
ys: number\n}\n\nexport interface Instance {\n  key: string\n  day: number\n  o
ffered: number\n  branches: BranchOutcome[]\n  baselineChosen: number\n}\n\n/* 
─── Supply / party presets ─── */\n\nexport const PASSAGE_PARTY: PartyConfig = 
{\n  pace: 'normal',\n  mount: 'foot',\n  size: 'medium',\n  forcedMarch: false
,\n}\n\nexport const STANDARD_SUPPLY = {\n  rationsPerPerson: 12,\n  waterPerPe
rson: 6,\n  encumbrance: 'normal' as const,\n  packAnimals: 'none' as const,\n}
\n\nexport const CARAVAN_SUPPLY = {\n  rationsPerPerson: 12,\n  waterPerPerson:
6,\n  encumbrance: 'normal' as const,\n  packAnimals: 'caravan' as const,\n}\n\
nexport const SUPPLY_PRESETS: Record<string, typeof STANDARD_SUPPLY> = {\n  sta
ndard: STANDARD_SUPPLY,\n  caravan: CARAVAN_SUPPLY,\n}\n\nexport const CIVS = [
'ngaru_bon', 'irrah', 'kheshkai', 'qollari', 'ndjadi', 'oravan']\nexport const 
SEASONS: Season[] = ['spring', 'summer', 'autumn', 'winter']\n\n/* ─── Build op
ts / init ─── */\n\nexport function makePassageOpts(\n  graph: Graph,\n  from: 
string,\n  to: string,\n  season: Season,\n  mode: RouteMode,\n  supply = STAND
ARD_SUPPLY,\n  party = PASSAGE_PARTY,\n): JourneyStateOpts | null {\n  const { 
route } = findRouteWithFallback(graph, from, to, season, mode, party)\n  if (!r
oute) return null\n  return {\n    route,\n    season,\n    mode,\n    edgeBiom
es: undefined,\n    departureDayOfYear: undefined,\n    party,\n    supply,\n  
 graph,\n    endId: to,\n    resupplyTierFor: getResupplyTier,\n  }\n}\n\nexpor
t function initPassageFrom(graph: Graph, opts: Omit<JourneyStateOpts, 'route' |
'graph' | 'endId' | 'resupplyTierFor'> & { from: string; to: string }): Passage
State | null {\n  const full = makePassageOpts(\n    graph,\n    opts.from,\n  
 opts.to,\n    opts.season as Season,\n    opts.mode as RouteMode,\n    opts.su
pply,\n    opts.party,\n  )\n  if (!full) return null\n  return initPassage(ful
l)\n}\n\n/* ─── Signature helpers ─── */\n\nexport function signatureKeysInStat
e(state: PassageState): string[] {\n  const keys = new Set<string>()\n  for (co
nst encs of state.journey.encountersByDay.values()) {\n    for (const enc of en
cs) {\n      if (enc.key && SIGNATURE_CHOICES[enc.key]) keys.add(enc.key)\n    
}\n  }\n  return [...keys]\n}\n\nexport function countSignatureFiresPerCrossing
(state: PassageState): Map<string, number> {\n  const counts = new Map<string, 
number>()\n  for (const encs of state.journey.encountersByDay.values()) {\n    
for (const enc of encs) {\n      if (enc.key && SIGNATURE_CHOICES[enc.key]) {\n
       counts.set(enc.key, (counts.get(enc.key) ?? 0) + 1)\n      }\n    }\n  }
\n  return counts\n}\n\nexport function allInitialEncounters(state: PassageStat
e): Encounter[] {\n  const out: Encounter[] = []\n  const days = [...state.jour
ney.encountersByDay.keys()].sort((a, b) => a - b)\n  for (const d of days) {\n 
  out.push(...(state.journey.encountersByDay.get(d) ?? []))\n  }\n  return out\
n}\n\n/* ─── Play loop ─── */\n\nfunction currentDayLabel(state: PassageState):
number {\n  return state.journey.dayNum + state.extraDays\n}\n\nexport function
playPassage(\n  state0: PassageState,\n  basePolicy: BasePolicy,\n  choicePolic
y: ChoicePolicy,\n): { state: PassageState; choices: ResolvedChoice[] } {\n  le
t state = state0\n  const choices: ResolvedChoice[] = []\n  const cap = (state.
journey.totalDays + 1) * 3\n  let safety = cap\n  while (state.outcome === 'in-
progress' && safety-- > 0) {\n    if (state.pending) {\n      const idx = choic
ePolicy(state.pending, state.journey)\n      choices.push({\n        key: state
.pending.encounter.key ?? 'unknown',\n        day: currentDayLabel(state) + 1,\
n        chosenIndex: idx,\n        offered: state.pending.choices.length,\n   
  })\n      state = passageChoose(state, idx)\n      continue\n    }\n    const
before = state\n    const action = basePolicy(state)\n    state = passageAct(st
ate, action)\n    if (state === before) break\n  }\n  return { state, choices }
\n}\n\n/* ─── Counterfactual fork ─── */\n\nexport function forkInstance(\n  pe
ndingState: PassageState,\n  downstreamBase: BasePolicy,\n  downstreamChoice: C
hoicePolicy,\n): BranchOutcome[] {\n  if (!pendingState.pending) return []\n  c
onst choices = pendingState.pending.choices\n  const key = pendingState.pending
.encounter.key ?? 'unknown'\n  const day = currentDayLabel(pendingState) + 1\n 
return choices.map((choice, index) => {\n    let branch = passageChoose(pending
State, index)\n    const result = playPassage(branch, downstreamBase, downstrea
mChoice)\n    const final = result.state\n    return {\n      index,\n      lab
el: choice.label,\n      risk: choice.outcome.risk ?? 'none',\n      outcome: f
inal.outcome,\n      finalRations: final.journey.rationsLeft,\n      finalWater
: final.journey.waterLeft,\n      totalDays: final.journey.dayNum + final.extra
Days,\n    }\n  })\n}\n\n/* ─── Walk with forks ─── */\n\nexport function walkW
ithForks(\n  state0: PassageState,\n  baselineBase: BasePolicy,\n  baselineChoi
ce: ChoicePolicy,\n  downstreamBase: BasePolicy,\n  downstreamChoice: ChoicePol
icy,\n): { finalState: PassageState; instances: Instance[] } {\n  const instanc
es: Instance[] = []\n  let state = state0\n  const cap = (state.journey.totalDa
ys + 1) * 3\n  let safety = cap\n  while (state.outcome === 'in-progress' && sa
fety-- > 0) {\n    if (state.pending) {\n      const branches = forkInstance(st
ate, downstreamBase, downstreamChoice)\n      const baselineChosen = baselineCh
oice(state.pending, state.journey)\n      instances.push({\n        key: state.
pending.encounter.key ?? 'unknown',\n        day: currentDayLabel(state) + 1,\n
       offered: state.pending.choices.length,\n        branches,\n        basel
ineChosen,\n      })\n      state = passageChoose(state, baselineChosen)\n     
continue\n    }\n    const before = state\n    const action = baselineBase(stat
e)\n    state = passageAct(state, action)\n    if (state === before) break\n  }
\n  return { finalState: state, instances }\n}\n\n/* ─── Metric helpers (pure, 
unit-testable) ─── */\n\nexport function median(xs: number[]): number {\n  if (
xs.length === 0) return 0\n  const s = [...xs].sort((a, b) => a - b)\n  const m
id = Math.floor(s.length / 2)\n  return s.length % 2 === 0 ? (s[mid - 1] + s[mi
d]) / 2 : s[mid]\n}\n\nfunction arrivedValue(outcome: PassageOutcome): number {
\n  return outcome === 'arrived' ? 1 : 0\n}\n\nexport interface InstanceDominan
ce {\n  /** Index of a branch that dominates (≥ all others on arrived/water/rat
ions), or null. */\n  dominantIndex: number | null\n  /** Set of branch indices
that are best on at least one axis (arrived/water/rations). */\n  bestOnAnyAxis
: Set<number>\n}\n\nexport function computeInstanceDominance(branches: BranchOu
tcome[]): InstanceDominance {\n  let dominantIndex: number | null = null\n  con
st bestOnAnyAxis = new Set<number>()\n  for (let i = 0; i < branches.length; i+
+) {\n    const bi = branches[i]\n    let dominates = true\n    for (let j = 0;
j < branches.length; j++) {\n      if (i === j) continue\n      const bj = bran
ches[j]\n      if (\n        arrivedValue(bi.outcome) < arrivedValue(bj.outcome
) ||\n        bi.finalWater < bj.finalWater ||\n        bi.finalRations < bj.fi
nalRations\n      ) {\n        dominates = false\n        break\n      }\n    }
\n    if (dominates) {\n      // If multiple branches tie on all axes, report t
he first (lowest index).\n      if (dominantIndex === null) dominantIndex = i\n
   }\n    const bestArrived = branches.every(\n      b => arrivedValue(bi.outco
me) >= arrivedValue(b.outcome),\n    )\n    const bestWater = branches.every(b 
=> bi.finalWater >= b.finalWater)\n    const bestRations = branches.every(b => 
bi.finalRations >= b.finalRations)\n    if (bestArrived || bestWater || bestRat
ions) bestOnAnyAxis.add(i)\n  }\n  return { dominantIndex, bestOnAnyAxis }\n}\n
\nexport function countDistinctOutcomes(branches: BranchOutcome[]): number {\n 
return new Set(branches.map(b => b.outcome)).size\n}\n\nexport interface Differ
entiation {\n  waterRange: number\n  rationsRange: number\n}\n\nexport function
computeDifferentiation(branches: BranchOutcome[]): Differentiation {\n  const w
aters = branches.map(b => b.finalWater)\n  const rations = branches.map(b => b.
finalRations)\n  return {\n    waterRange: Math.max(...waters) - Math.min(...wa
ters),\n    rationsRange: Math.max(...rations) - Math.min(...rations),\n  }\n}\
n\nexport interface PerKeyAggregates {\n  key: string\n  instances: number\n  /
** Per branch index: stats + ending counts. */\n  branchStats: Map<\n    number
,\n    {\n      label: string\n      risk: 'none' | 'minor' | 'grave'\n      co
mpleted: number\n      finalWaters: number[]\n      finalRations: number[]\n   
  totalDays: number[]\n      outcomes: Map<PassageOutcome, number>\n    }\n  >\
n  dominanceFrequency: Map<number, number>\n  deadFrequency: Map<number, number
>\n  outcomeImpactFraction: number\n  medianWaterDiff: number\n  medianRationsD
iff: number\n}\n\nexport function aggregatePerKey(instances: Instance[]): Map<s
tring, PerKeyAggregates> {\n  const byKey = new Map<string, PerKeyAggregates>()
\n  for (const inst of instances) {\n    let agg = byKey.get(inst.key)\n    if 
(!agg) {\n      agg = {\n        key: inst.key,\n        instances: 0,\n       
branchStats: new Map(),\n        dominanceFrequency: new Map(),\n        deadFr
equency: new Map(),\n        outcomeImpactFraction: 0,\n        medianWaterDiff
: 0,\n        medianRationsDiff: 0,\n      }\n      byKey.set(inst.key, agg)\n 
  }\n    agg.instances++\n    const { dominantIndex, bestOnAnyAxis } = computeI
nstanceDominance(inst.branches)\n    if (dominantIndex !== null) {\n      agg.d
ominanceFrequency.set(\n        dominantIndex,\n        (agg.dominanceFrequency
.get(dominantIndex) ?? 0) + 1,\n      )\n    }\n    for (let i = 0; i < inst.br
anches.length; i++) {\n      const b = inst.branches[i]\n      let stats = agg.
branchStats.get(i)\n      if (!stats) {\n        stats = {\n          label: b.
label,\n          risk: b.risk,\n          completed: 0,\n          finalWaters
: [],\n          finalRations: [],\n          totalDays: [],\n          outcome
s: new Map(),\n        }\n        agg.branchStats.set(i, stats)\n      }\n     
if (b.outcome === 'arrived') stats.completed++\n      stats.finalWaters.push(b.
finalWater)\n      stats.finalRations.push(b.finalRations)\n      stats.totalDa
ys.push(b.totalDays)\n      stats.outcomes.set(b.outcome, (stats.outcomes.get(b
.outcome) ?? 0) + 1)\n      if (!bestOnAnyAxis.has(i)) {\n        agg.deadFrequ
ency.set(i, (agg.deadFrequency.get(i) ?? 0) + 1)\n      }\n    }\n    if (count
DistinctOutcomes(inst.branches) >= 2) {\n      agg.outcomeImpactFraction += 1\n
   }\n    const diff = computeDifferentiation(inst.branches)\n    // We'll reco
mpute medians later from collected diffs; store temporarily in completed/totalD
ays arrays is awkward,\n    // so collect diffs in a separate pass below.\n  }\
n  for (const agg of byKey.values()) {\n    agg.outcomeImpactFraction = agg.ins
tances === 0 ? 0 : agg.outcomeImpactFraction / agg.instances\n  }\n  return byK
ey\n}\n\nexport function finalizePerKeyDifferentials(byKey: Map<string, PerKeyA
ggregates>): void {\n  for (const agg of byKey.values()) {\n    const waterDiff
s: number[] = []\n    const rationsDiffs: number[] = []\n    // We need per-ins
tance diffs, but aggregatePerKey didn't keep them. Recompute from branch stats 
is impossible without instance list.\n    // To keep the API clean, consumers s
hould pass instances to computePerKeyMetrics instead. See computePerKeyMetrics 
below.\n    void waterDiffs\n    void rationsDiffs\n  }\n}\n\nexport function c
omputePerKeyMetrics(instances: Instance[]): Map<string, PerKeyAggregates> {\n  
const byKey = new Map<string, PerKeyAggregates>()\n  const waterDiffsByKey = ne
w Map<string, number[]>()\n  const rationsDiffsByKey = new Map<string, number[]
>()\n  for (const inst of instances) {\n    let agg = byKey.get(inst.key)\n    
if (!agg) {\n      agg = {\n        key: inst.key,\n        instances: 0,\n    
   branchStats: new Map(),\n        dominanceFrequency: new Map(),\n        dea
dFrequency: new Map(),\n        outcomeImpactFraction: 0,\n        medianWaterD
iff: 0,\n        medianRationsDiff: 0,\n      }\n      byKey.set(inst.key, agg)
\n      waterDiffsByKey.set(inst.key, [])\n      rationsDiffsByKey.set(inst.key
, [])\n    }\n    agg.instances++\n    const { dominantIndex, bestOnAnyAxis } =
computeInstanceDominance(inst.branches)\n    if (dominantIndex !== null) {\n   
  agg.dominanceFrequency.set(\n        dominantIndex,\n        (agg.dominanceFr
equency.get(dominantIndex) ?? 0) + 1,\n      )\n    }\n    for (let i = 0; i < 
inst.branches.length; i++) {\n      const b = inst.branches[i]\n      let stats
= agg.branchStats.get(i)\n      if (!stats) {\n        stats = {\n          lab
el: b.label,\n          risk: b.risk,\n          completed: 0,\n          final
Waters: [],\n          finalRations: [],\n          totalDays: [],\n          o
utcomes: new Map(),\n        }\n        agg.branchStats.set(i, stats)\n      }\
n      if (b.outcome === 'arrived') stats.completed++\n      stats.finalWaters.
push(b.finalWater)\n      stats.finalRations.push(b.finalRations)\n      stats.
totalDays.push(b.totalDays)\n      stats.outcomes.set(b.outcome, (stats.outcome
s.get(b.outcome) ?? 0) + 1)\n      if (!bestOnAnyAxis.has(i)) {\n        agg.de
adFrequency.set(i, (agg.deadFrequency.get(i) ?? 0) + 1)\n      }\n    }\n    if
(countDistinctOutcomes(inst.branches) >= 2) {\n      agg.outcomeImpactFraction 
+= 1\n    }\n    const diff = computeDifferentiation(inst.branches)\n    waterD
iffsByKey.get(inst.key)!.push(diff.waterRange)\n    rationsDiffsByKey.get(inst.
key)!.push(diff.rationsRange)\n  }\n  for (const agg of byKey.values()) {\n    
agg.outcomeImpactFraction = agg.instances === 0 ? 0 : agg.outcomeImpactFraction
/ agg.instances\n    agg.medianWaterDiff = median(waterDiffsByKey.get(agg.key) 
?? [])\n    agg.medianRationsDiff = median(rationsDiffsByKey.get(agg.key) ?? []
)\n  }\n  return byKey\n}\n\n/* ─── Graph loader convenience ─── */\n\nexport f
unction loadGraph(): Graph {\n  return buildGraphFromGeojson()\n}"
            )
        ],
        extras=None
    )
)
StepBegin(n=7)
ThinkPart(
    type='think',
    think='Now write passage-policies.ts. Need:\n- Choice policies: first, caut
ious, aggressive, spendy\n- Base policies: survive, headlong\n- getChoicePolicy
(name), getBasePolicy(name)\n- weightedHit helper\n\nCareful with tie-breaks pe
r clarifications:\n- weightedHit(c) = (-(rationsDelta ?? 0)) + 1.5*(-(waterDelt
a ?? 0))\n- aggressive: min daysDelta; tie-break min weightedHit; final tie-bre
ak lowest index\n- spendy: among options with daysDelta falsy/0 pick min weight
edHit; if none have 0 days, fall back to min daysDelta\n- cautious: avoid grave
; else min weightedHit + 0.5*daysDelta; lowest index on tie\n\nAlso base polici
es:\n- survive: ration when waterLeft <= 2 || rationsLeft <= 2, else continue. 
Never turn back.\n- headlong: always continue.\n\nNote base policy receives Pas
sageState, not JourneyState. So `state.journey.waterLeft` etc.\n\nImplement.',
    encrypted=None
)
ToolCall(
    type='function',
    id='tool_9J5gPYDVcZjmIZFEaHMjTQJZ',
    function=FunctionBody(
        name='WriteFile',
        arguments='{"path": "C:\\\\Users\\\\perry\\\\DevProjects\\\\veydria-car
tography\\\\.orchestrate\\\\wt\\\\passage-playtester\\\\scripts\\\\sim\\\\passa
ge-policies.ts", "content": "/**\\n * passage-policies.ts — Choice + base polic
ies for Passage-mode sim harness.\\n *\\n * Pure functions only. The downstream
fork policy is fixed at\\n * (base = survive, choice = cautious) so counterfact
ual continuations are\\n * comparable across branches of the same signature ins
tance.\\n */\\n\\nimport type { JourneyState, Action } from \'../../web/src/uti
ls/journey-days\'\\nimport type { PendingEncounter, EncounterChoice, PassageSta
te } from \'../../web/src/utils/passage\'\\nimport type { ChoicePolicy, BasePol
icy } from \'./passage-run\'\\n\\n/* ─── Choice-policy cost terms ─── */\\n\\ne
xport function weightedHit(c: EncounterChoice): number {\\n  const o = c.outcom
e\\n  return -(o.rationsDelta ?? 0) + 1.5 * -(o.waterDelta ?? 0)\\n}\\n\\nexpor
t function cautious(pending: PendingEncounter, _journey: JourneyState): number 
{\\n  const choices = pending.choices\\n  const score = (c: EncounterChoice) =>
{\\n    const o = c.outcome\\n    const gravePenalty = o.risk === \'grave\' ? 1
000 : 0\\n    return weightedHit(c) + 0.5 * (o.daysDelta ?? 0) + gravePenalty\\
n  }\\n  let best = 0\\n  for (let i = 1; i < choices.length; i++) {\\n    if (
score(choices[i]) < score(choices[best])) best = i\\n  }\\n  return best\\n}\\n
\\nexport function first(_pending: PendingEncounter, _journey: JourneyState): n
umber {\\n  return 0\\n}\\n\\nexport function aggressive(pending: PendingEncoun
ter, _journey: JourneyState): number {\\n  const choices = pending.choices\\n  
let best = 0\\n  for (let i = 1; i < choices.length; i++) {\\n    const bi = ch
oices[i].outcome.daysDelta ?? 0\\n    const bb = choices[best].outcome.daysDelt
a ?? 0\\n    if (bi < bb) {\\n      best = i\\n    } else if (bi === bb) {\\n  
   if (weightedHit(choices[i]) < weightedHit(choices[best])) best = i\\n    }\\
n  }\\n  return best\\n}\\n\\nexport function spendy(pending: PendingEncounter,
_journey: JourneyState): number {\\n  const choices = pending.choices\\n  const
zeroDayIndices: number[] = []\\n  for (let i = 0; i < choices.length; i++) {\\n
   if (!choices[i].outcome.daysDelta) zeroDayIndices.push(i)\\n  }\\n  if (zero
DayIndices.length > 0) {\\n    let best = zeroDayIndices[0]\\n    for (let i = 
1; i < zeroDayIndices.length; i++) {\\n      const idx = zeroDayIndices[i]\\n  
   if (weightedHit(choices[idx]) < weightedHit(choices[best])) best = idx\\n   
}\\n    return best\\n  }\\n  // No zero-day option: fall back to minimizing da
ysDelta.\\n  let best = 0\\n  for (let i = 1; i < choices.length; i++) {\\n    
if ((choices[i].outcome.daysDelta ?? 0) < (choices[best].outcome.daysDelta ?? 0
)) best = i\\n  }\\n  return best\\n}\\n\\nexport const CHOICE_POLICIES: Record
<string, ChoicePolicy> = {\\n  first,\\n  cautious,\\n  aggressive,\\n  spendy,
\\n}\\n\\nexport const CHOICE_POLICY_NAMES = Object.keys(CHOICE_POLICIES)\\n\\n
export function getChoicePolicy(name: string): ChoicePolicy {\\n  const p = CHO
ICE_POLICIES[name]\\n  if (!p) throw new Error(`Unknown choice policy: ${name}`
)\\n  return p\\n}\\n\\n/* ─── Base policies ─── */\\n\\nexport const survive: 
BasePolicy = (state: PassageState): Action => {\\n  if (state.journey.waterLeft
<= 2 || state.journey.rationsLeft <= 2) {\\n    return { kind: \'ration\' }\\n 
}\\n  return { kind: \'continue\' }\\n}\\n\\nexport const headlong: BasePolicy 
= (_state: PassageState): Action => {\\n  return { kind: \'continue\' }\\n}\\n\
\nexport const BASE_POLICIES: Record<string, BasePolicy> = {\\n  survive,\\n  h
eadlong,\\n}\\n\\nexport const BASE_POLICY_NAMES = Object.keys(BASE_POLICIES)\\
n\\nexport function getBasePolicy(name: string): BasePolicy {\\n  const p = BAS
E_POLICIES[name]\\n  if (!p) throw new Error(`Unknown base policy: ${name}`)\\n
 return p\\n}\\n\\n/** Fixed downstream policy for counterfactual continuations
. */\\nexport const DOWNSTREAM_BASE: BasePolicy = survive\\nexport const DOWNST
REAM_CHOICE: ChoicePolicy = cautious\\n"}'
    ),
    extras=None
)
StatusUpdate(
    context_usage=0.3341407775878906,
    token_usage=TokenUsage(
        input_other=1833,
        output=1375,
        input_cache_read=85760,
        input_cache_creation=0
    ),
    message_id='chatcmpl-86yr494OvjyardNuKjObR0AJ'
)
ToolResult(
    tool_call_id='tool_9J5gPYDVcZjmIZFEaHMjTQJZ',
    return_value=ToolReturnValue(
        is_error=False,
        output='',
        message='File successfully overwritten. Current size: 3786 bytes.',
        display=[
            DiffDisplayBlock(
                type='diff',
                path='C:\\Users\\perry\\DevProjects\\veydria-cartography\\.orch
estrate\\wt\\passage-playtester\\scripts\\sim\\passage-policies.ts',
                old_text='',
                new_text="/**\n * passage-policies.ts — Choice + base policies 
for Passage-mode sim harness.\n *\n * Pure functions only. The downstream fork 
policy is fixed at\n * (base = survive, choice = cautious) so counterfactual co
ntinuations are\n * comparable across branches of the same signature instance.\
n */\n\nimport type { JourneyState, Action } from '../../web/src/utils/journey-
days'\nimport type { PendingEncounter, EncounterChoice, PassageState } from '..
/../web/src/utils/passage'\nimport type { ChoicePolicy, BasePolicy } from './pa
ssage-run'\n\n/* ─── Choice-policy cost terms ─── */\n\nexport function weighte
dHit(c: EncounterChoice): number {\n  const o = c.outcome\n  return -(o.rations
Delta ?? 0) + 1.5 * -(o.waterDelta ?? 0)\n}\n\nexport function cautious(pending
: PendingEncounter, _journey: JourneyState): number {\n  const choices = pendin
g.choices\n  const score = (c: EncounterChoice) => {\n    const o = c.outcome\n
   const gravePenalty = o.risk === 'grave' ? 1000 : 0\n    return weightedHit(c
) + 0.5 * (o.daysDelta ?? 0) + gravePenalty\n  }\n  let best = 0\n  for (let i 
= 1; i < choices.length; i++) {\n    if (score(choices[i]) < score(choices[best
])) best = i\n  }\n  return best\n}\n\nexport function first(_pending: PendingE
ncounter, _journey: JourneyState): number {\n  return 0\n}\n\nexport function a
ggressive(pending: PendingEncounter, _journey: JourneyState): number {\n  const
choices = pending.choices\n  let best = 0\n  for (let i = 1; i < choices.length
; i++) {\n    const bi = choices[i].outcome.daysDelta ?? 0\n    const bb = choi
ces[best].outcome.daysDelta ?? 0\n    if (bi < bb) {\n      best = i\n    } els
e if (bi === bb) {\n      if (weightedHit(choices[i]) < weightedHit(choices[bes
t])) best = i\n    }\n  }\n  return best\n}\n\nexport function spendy(pending: 
PendingEncounter, _journey: JourneyState): number {\n  const choices = pending.
choices\n  const zeroDayIndices: number[] = []\n  for (let i = 0; i < choices.l
ength; i++) {\n    if (!choices[i].outcome.daysDelta) zeroDayIndices.push(i)\n 
}\n  if (zeroDayIndices.length > 0) {\n    let best = zeroDayIndices[0]\n    fo
r (let i = 1; i < zeroDayIndices.length; i++) {\n      const idx = zeroDayIndic
es[i]\n      if (weightedHit(choices[idx]) < weightedHit(choices[best])) best =
idx\n    }\n    return best\n  }\n  // No zero-day option: fall back to minimiz
ing daysDelta.\n  let best = 0\n  for (let i = 1; i < choices.length; i++) {\n 
  if ((choices[i].outcome.daysDelta ?? 0) < (choices[best].outcome.daysDelta ??
0)) best = i\n  }\n  return best\n}\n\nexport const CHOICE_POLICIES: Record<str
ing, ChoicePolicy> = {\n  first,\n  cautious,\n  aggressive,\n  spendy,\n}\n\ne
xport const CHOICE_POLICY_NAMES = Object.keys(CHOICE_POLICIES)\n\nexport functi
on getChoicePolicy(name: string): ChoicePolicy {\n  const p = CHOICE_POLICIES[n
ame]\n  if (!p) throw new Error(`Unknown choice policy: ${name}`)\n  return p\n
}\n\n/* ─── Base policies ─── */\n\nexport const survive: BasePolicy = (state: 
PassageState): Action => {\n  if (state.journey.waterLeft <= 2 || state.journey
.rationsLeft <= 2) {\n    return { kind: 'ration' }\n  }\n  return { kind: 'con
tinue' }\n}\n\nexport const headlong: BasePolicy = (_state: PassageState): Acti
on => {\n  return { kind: 'continue' }\n}\n\nexport const BASE_POLICIES: Record
<string, BasePolicy> = {\n  survive,\n  headlong,\n}\n\nexport const BASE_POLIC
Y_NAMES = Object.keys(BASE_POLICIES)\n\nexport function getBasePolicy(name: str
ing): BasePolicy {\n  const p = BASE_POLICIES[name]\n  if (!p) throw new Error(
`Unknown base policy: ${name}`)\n  return p\n}\n\n/** Fixed downstream policy f
or counterfactual continuations. */\nexport const DOWNSTREAM_BASE: BasePolicy =
survive\nexport const DOWNSTREAM_CHOICE: ChoicePolicy = cautious"
            )
        ],
        extras=None
    )
)
StepBegin(n=8)
ThinkPart(
    type='think',
    think="Now write sim-passage-report.ts. This is the big one. Need to:\n\n1.
Parse CLI args: --limit, --seasons, --modes, --out\n2. Build grid: all ordered 
civ-pairs × seasons × modes × supply presets\n3. For each crossing, make opts, 
init passage, walkWithForks with baseline (survive,cautious), downstream (survi
ve,cautious)\n4. Collect instances, initial encounters for severe-beat coverage
, death-march info, repetition info\n5. Generate markdown report with all secti
ons\n6. Log cap info to stderr if --limit truncates\n\nNeed to be careful with 
types. The report should use functions from passage-run and passage-policies.\n
\nGrid: modes default ['direct','cheapest']. Seasons default all 4. Supplies st
andard + caravan.\n\nFor each grid cell, track:\n- from, to, season, mode, supp
lyPreset\n- route found? if not, skip (count nowhere)\n- instances[]\n- termina
l outcome\n- zero choices?\n- initial signature fires map\n- initial encounters
list\n\nThen aggregate.\n\nSevere-beat coverage: collect all encounters from in
itial state. Count signature vs non-signature moderate+severe. Top 10 non-inter
active by narrative frequency, tie-break alphabetical.\n\nDeath-march: group by
supplyPreset × mode. Denominator = crossings with route found in group. Numerat
or = terminal outcome perished/aborted AND instances.length === 0.\n\nPer-key b
ranch table: use computePerKeyMetrics. For each key in SIGNATURE_CHOICES, outpu
t table with branch index/label, completion %, median finalWater, median finalR
ations, median totalDays, ending counts.\n\nDominance flags: from PerKeyAggrega
tes.dominanceFrequency and deadFrequency. If any branch freq / instances >= 0.8
flag dominant. If any branch dead freq / instances >= 0.8 flag dead. Report per
-branch dominance frequency.\n\nOutcome-impact: per key fraction from PerKeyAgg
regates.outcomeImpactFraction.\n\nDifferentiation: medianWaterDiff, medianRatio
nsDiff.\n\nRepetition: collect per-crossing signature fire counts. Distribution
of fires-per-key-per-crossing. Rate of crossings with any same-key >= 2.\n\nNee
d to handle markdown safety: cellMd helper replaces | with \\| and newlines wit
h spaces.\n\nAlso note P23: markdown safety in any table cell.\n\nP27: report m
ust state baseline + downstream both use (survive, cautious).\n\nOutput path de
fault: repoRoot/output/sim/passage-report.md.\n\nAlso acceptance criterion 2: r
eport must contain ≥1 instance in bandits table and non-empty severe-beat list.
We don't need to enforce this in code; the test/grid will show it. But we can e
nsure the report always has these sections.\n\nLet me write the report.",
    encrypted=None
)
ToolCall(
    type='function',
    id='tool_UG4NgeAep2Dou7dIC6F7IGzQ',
    function=FunctionBody(
        name='WriteFile',
        arguments='{"path": "C:\\\\Users\\\\perry\\\\DevProjects\\\\veydria-car
tography\\\\.orchestrate\\\\wt\\\\passage-playtester\\\\scripts\\\\sim\\\\sim-p
assage-report.ts", "content": "/**\\n * sim-passage-report.ts — Batch evaluator
for the Passage choice layer.\\n *\\n * Plays the choice layer at scale, forks 
every signature instance, and reports\\n * whether choices matter (differentiat
ed, non-dominant, outcome-impactful) and\\n * whether the crossing is balanced 
(death-march rate, severe-beat coverage,\\n * repetition). Output: output/sim/p
assage-report.md.\\n *\\n * Usage:\\n *   cd web\\n *   npm run sim:passage -- 
--limit 60\\n *   npm run sim:passage -- --seasons spring,summer --modes direct
--out ./report.md\\n */\\n\\nimport { writeFileSync, existsSync, mkdirSync } fr
om \'node:fs\'\\n\\nimport { SIGNATURE_CHOICES } from \'../../web/src/utils/pas
sage\'\\nimport { resolveRepoRel, type Instance, type BranchOutcome } from \'./
passage-run\'\\nimport {\\n  CIVS,\\n  SEASONS,\\n  SUPPLY_PRESETS,\\n  makePas
sageOpts,\\n  initPassage,\\n  walkWithForks,\\n  countSignatureFiresPerCrossin
g,\\n  allInitialEncounters,\\n  computePerKeyMetrics,\\n  median,\\n  loadGrap
h,\\n} from \'./passage-run\'\\nimport {\\n  survive,\\n  cautious,\\n  DOWNSTR
EAM_BASE,\\n  DOWNSTREAM_CHOICE,\\n} from \'./passage-policies\'\\nimport type 
{ Season, RouteMode } from \'../../web/src/utils/journey-graph\'\\nimport type 
{ Encounter } from \'../../web/src/utils/encounters\'\\n\\n/* ─── CLI ─── */\\n
\\ninterface CliArgs {\\n  limit: number | undefined\\n  seasons: Season[]\\n  
modes: RouteMode[]\\n  outPath: string\\n}\\n\\nfunction parseListArg(raw: stri
ng | undefined): string[] | undefined {\\n  if (!raw) return undefined\\n  retu
rn raw.split(\',\').map(s => s.trim()).filter(Boolean)\\n}\\n\\nfunction parseA
rgs(argv: string[]): CliArgs {\\n  const get = (k: string): string | undefined 
=> {\\n    const i = argv.indexOf(`--${k}`)\\n    return i >= 0 && i + 1 < argv
.length ? argv[i + 1] : undefined\\n  }\\n  const has = (k: string): boolean =>
argv.includes(`--${k}`)\\n\\n  const seasonsRaw = parseListArg(get(\'seasons\')
)\\n  const modesRaw = parseListArg(get(\'modes\'))\\n  const limitRaw = get(\'
limit\')\\n\\n  return {\\n    limit: limitRaw !== undefined ? Number(limitRaw)
: undefined,\\n    seasons: (seasonsRaw ?? SEASONS).filter((s): s is Season =>\
\n      SEASONS.includes(s as Season),\\n    ),\\n    modes: (modesRaw ?? [\'di
rect\', \'cheapest\']).filter((m): m is RouteMode =>\\n      [\'direct\', \'che
apest\', \'fastest\', \'safest\'].includes(m as string),\\n    ),\\n    outPath
: resolveRepoRel(get(\'out\') ?? \'output/sim/passage-report.md\'),\\n  }\\n}\\
n\\n/* ─── Formatting ─── */\\n\\nfunction cellMd(s: string): string {\\n  retu
rn s.replace(/\\\\|/g, \'\\\\\\\\|\').replace(/\\\\n/g, \' \')\\n}\\n\\nfunctio
n pct(num: number, denom: number): string {\\n  if (denom === 0) return \'–\'\\
n  return `${((num / denom) * 100).toFixed(1)}%`\\n}\\n\\nfunction table(header
s: string[], rows: string[][]): string {\\n  const sep = headers.map(() => \'--
-\').join(\' | \')\\n  return `| ${headers.join(\' | \')} |\\\\n| ${sep} |\\\\n
${rows.map(r => `| ${r.map(cellMd).join(\' | \')} |`).join(\'\\\\n\')}\\\\n`\\n
}\\n\\n/* ─── Grid construction ─── */\\n\\ninterface GridCell {\\n  from: stri
ng\\n  to: string\\n  season: Season\\n  mode: RouteMode\\n  supplyPreset: stri
ng\\n}\\n\\nfunction buildGrid(args: CliArgs): GridCell[] {\\n  const grid: Gri
dCell[] = []\\n  for (const from of CIVS) {\\n    for (const to of CIVS) {\\n  
   if (from === to) continue\\n      for (const season of args.seasons) {\\n   
    for (const mode of args.modes) {\\n          for (const supplyPreset of Obj
ect.keys(SUPPLY_PRESETS)) {\\n            grid.push({ from, to, season, mode, s
upplyPreset })\\n          }\\n        }\\n      }\\n    }\\n  }\\n  return gri
d\\n}\\n\\n/* ─── Per-crossing result ─── */\\n\\ninterface CrossingResult {\\n
 cell: GridCell\\n  routeFound: boolean\\n  outcome: \'arrived\' | \'aborted\' 
| \'perished\' | \'unknown\'\\n  instances: Instance[]\\n  signatureFires: Map<
string, number>\\n  initialEncounters: Encounter[]\\n}\\n\\nfunction runCrossin
g(cell: GridCell, graph: ReturnType<typeof loadGraph>): CrossingResult {\\n  co
nst supply = SUPPLY_PRESETS[cell.supplyPreset]\\n  const opts = makePassageOpts
(\\n    graph,\\n    cell.from,\\n    cell.to,\\n    cell.season,\\n    cell.mo
de,\\n    supply,\\n  )\\n  if (!opts) {\\n    return {\\n      cell,\\n      r
outeFound: false,\\n      outcome: \'unknown\',\\n      instances: [],\\n      
signatureFires: new Map(),\\n      initialEncounters: [],\\n    }\\n  }\\n  con
st state0 = initPassage(opts)\\n  const { finalState, instances } = walkWithFor
ks(\\n    state0,\\n    survive,\\n    cautious,\\n    DOWNSTREAM_BASE,\\n    D
OWNSTREAM_CHOICE,\\n  )\\n  return {\\n    cell,\\n    routeFound: true,\\n    
outcome: finalState.outcome === \'in-progress\' ? \'unknown\' : finalState.outc
ome,\\n    instances,\\n    signatureFires: countSignatureFiresPerCrossing(stat
e0),\\n    initialEncounters: allInitialEncounters(state0),\\n  }\\n}\\n\\n/* ─
── Report sections ─── */\\n\\nfunction sectionPerKeyTables(allInstances: Insta
nce[]): string {\\n  if (allInstances.length === 0) {\\n    return \'## Per-sig
nature-key branch tables\\\\n\\\\n_(no signature instances in this batch)_\\\\n
\'\\n  }\\n  const metrics = computePerKeyMetrics(allInstances)\\n  const secti
ons: string[] = [\'## Per-signature-key branch tables\\\\n\']\\n  const outcome
Order = [\'arrived\', \'aborted\', \'perished\'] as const\\n  for (const key of
Object.keys(SIGNATURE_CHOICES)) {\\n    const agg = metrics.get(key)\\n    if (
!agg || agg.instances === 0) {\\n      sections.push(`### ${key}\\\\n\\\\n_N in
stances = 0_\\\\n`)\\n      continue\\n    }\\n    const headers = [\\n      \'
index\',\\n      \'label\',\\n      \'risk\',\\n      \'completion\',\\n      \
'med water\',\\n      \'med rations\',\\n      \'med days\',\\n      \'arrived\
',\\n      \'aborted\',\\n      \'perished\',\\n    ]\\n    const rows: string[
][] = []\\n    const sortedIndices = [...agg.branchStats.keys()].sort((a, b) =>
a - b)\\n    for (const idx of sortedIndices) {\\n      const stats = agg.branc
hStats.get(idx)!\\n      const outcomes = stats.outcomes\\n      rows.push([\\n
       String(idx),\\n        stats.label,\\n        stats.risk,\\n        pct(
stats.completed, agg.instances),\\n        median(stats.finalWaters).toFixed(1)
,\\n        median(stats.finalRations).toFixed(1),\\n        median(stats.total
Days).toFixed(1),\\n        String(outcomes.get(\'arrived\') ?? 0),\\n        S
tring(outcomes.get(\'aborted\') ?? 0),\\n        String(outcomes.get(\'perished
\') ?? 0),\\n      ])\\n    }\\n    sections.push(`### ${key} (${agg.instances}
instances)\\\\n`)\\n    sections.push(table(headers, rows))\\n  }\\n  return se
ctions.join(\'\\\\n\')\\n}\\n\\nfunction sectionDominance(allInstances: Instanc
e[]): string {\\n  if (allInstances.length === 0) {\\n    return \'## Dominance
/ dead-choice flags\\\\n\\\\n_(no signature instances)_\\\\n\'\\n  }\\n  const 
metrics = computePerKeyMetrics(allInstances)\\n  const lines: string[] = [\'## 
Dominance / dead-choice flags\\\\n\']\\n  for (const key of Object.keys(SIGNATU
RE_CHOICES)) {\\n    const agg = metrics.get(key)\\n    if (!agg || agg.instanc
es === 0) continue\\n    lines.push(`### ${key}`)\\n    const rows: string[][] 
= []\\n    const sortedIndices = [...agg.branchStats.keys()].sort((a, b) => a -
b)\\n    let hasDominant = false\\n    let hasDead = false\\n    for (const idx
of sortedIndices) {\\n      const stats = agg.branchStats.get(idx)!\\n      con
st domCount = agg.dominanceFrequency.get(idx) ?? 0\\n      const deadCount = ag
g.deadFrequency.get(idx) ?? 0\\n      const domPct = (domCount / agg.instances)
* 100\\n      const deadPct = (deadCount / agg.instances) * 100\\n      if (dom
Pct >= 80) hasDominant = true\\n      if (deadPct >= 80) hasDead = true\\n     
rows.push([\\n        String(idx),\\n        stats.label,\\n        `${domCount
}/${agg.instances} (${domPct.toFixed(0)}%)`,\\n        `${deadCount}/${agg.inst
ances} (${deadPct.toFixed(0)}%)`,\\n      ])\\n    }\\n    rows.push([]) // pla
ceholder; we\'ll append flag row separately\\n    const flagNotes: string[] = [
]\\n    if (hasDominant) flagNotes.push(\'**DOMINANT CHOICE (fun-killer)**\')\\
n    if (hasDead) flagNotes.push(\'**DEAD CHOICE**\')\\n    if (flagNotes.lengt
h === 0) flagNotes.push(\'_no dominance / dead flags_\')\\n    rows[rows.length
- 1] = [\'flags\', flagNotes.join(\' · \'), \'\', \'\']\\n    lines.push(table(
[\'index\', \'label\', \'dominance freq\', \'dead freq\'], rows))\\n  }\\n  ret
urn lines.join(\'\\\\n\')\\n}\\n\\nfunction sectionOutcomeImpact(allInstances: 
Instance[]): string {\\n  if (allInstances.length === 0) {\\n    return \'## Ou
tcome impact\\\\n\\\\n_(no signature instances)_\\\\n\'\\n  }\\n  const metrics
= computePerKeyMetrics(allInstances)\\n  const rows: string[][] = []\\n  for (c
onst key of Object.keys(SIGNATURE_CHOICES)) {\\n    const agg = metrics.get(key
)\\n    if (!agg || agg.instances === 0) {\\n      rows.push([key, \'0\', \'0%\
', \'n/a\'])\\n      continue\\n    }\\n    const frac = agg.outcomeImpactFract
ion\\n    const note = frac < 0.1 ? \'choices rarely change the ending here (of
ten slack supply)\' : \'\'\\n    rows.push([\\n      key,\\n      String(agg.in
stances),\\n      `${(frac * 100).toFixed(1)}%`,\\n      note,\\n    ])\\n  }\\
n  return [\\n    \'## Outcome impact\\\\n\',\\n    \'Fraction of instances who
se branches yield two or more distinct terminal outcomes.\',\\n    table([\'key
\', \'instances\', \'impact %\', \'note\'], rows),\\n  ].join(\'\\\\n\')\\n}\\n
\\nfunction sectionDifferentiation(allInstances: Instance[]): string {\\n  if (
allInstances.length === 0) {\\n    return \'## Differentiation\\\\n\\\\n_(no si
gnature instances)_\\\\n\'\\n  }\\n  const metrics = computePerKeyMetrics(allIn
stances)\\n  const rows: string[][] = []\\n  for (const key of Object.keys(SIGN
ATURE_CHOICES)) {\\n    const agg = metrics.get(key)\\n    if (!agg || agg.inst
ances === 0) {\\n      rows.push([key, \'0\', \'0\', \'0\', \'n/a\'])\\n      c
ontinue\\n    }\\n    const note =\\n      agg.medianWaterDiff < 0.5 && agg.med
ianRationsDiff < 0.5\\n        ? \'undifferentiated\'\\n        : \'\'\\n    ro
ws.push([\\n      key,\\n      String(agg.instances),\\n      agg.medianWaterDi
ff.toFixed(1),\\n      agg.medianRationsDiff.toFixed(1),\\n      note,\\n    ])
\\n  }\\n  return [\\n    \'## Differentiation\\\\n\',\\n    \'Median across in
stances of (max − min) final water / final rations among the branches.\',\\n   
table([\'key\', \'instances\', \'med water range\', \'med rations range\', \'no
te\'], rows),\\n  ].join(\'\\\\n\')\\n}\\n\\nfunction sectionRepetition(results
: CrossingResult[]): string {\\n  const withRoute = results.filter(r => r.route
Found)\\n  const keyTotals = new Map<string, number>()\\n  const keyDistributio
n = new Map<string, Map<number, number>>()\\n  let anyRepeatCrossings = 0\\n  f
or (const r of withRoute) {\\n    let hasRepeat = false\\n    for (const [key, 
count] of r.signatureFires) {\\n      keyTotals.set(key, (keyTotals.get(key) ??
0) + count)\\n      let dist = keyDistribution.get(key)\\n      if (!dist) {\\n
       dist = new Map()\\n        keyDistribution.set(key, dist)\\n      }\\n  
   dist.set(count, (dist.get(count) ?? 0) + 1)\\n      if (count >= 2) hasRepea
t = true\\n    }\\n    if (hasRepeat) anyRepeatCrossings++\\n  }\\n\\n  const r
ows: string[][] = []\\n  for (const key of Object.keys(SIGNATURE_CHOICES)) {\\n
   const total = keyTotals.get(key) ?? 0\\n    const dist = keyDistribution.get
(key) ?? new Map()\\n    const distParts: string[] = []\\n    for (const [count
, n] of [...dist.entries()].sort((a, b) => a[0] - b[0])) {\\n      distParts.pu
sh(`${count}×:${n}`)\\n    }\\n    rows.push([key, String(total), distParts.joi
n(\' \') || \'0\'])\\n  }\\n\\n  return [\\n    \'## Repetition\\\\n\',\\n    `
Signature fires are counted from each crossing\'s initial encounter schedule (s
upply-independent). ` +\\n      `Crossings with any same-key repeat: ${anyRepea
tCrossings}/${withRoute.length} ` +\\n      `(${pct(anyRepeatCrossings, withRou
te.length)}).\\\\n`,\\n    table([\'key\', \'total fires\', \'fires-per-crossin
g distribution\'], rows),\\n  ].join(\'\\\\n\')\\n}\\n\\nfunction sectionSevere
BeatCoverage(results: CrossingResult[]): string {\\n  const signatureKeys = new
Set(Object.keys(SIGNATURE_CHOICES))\\n  const nonInteractive: Encounter[] = []\
\n  const interactive: Encounter[] = []\\n  for (const r of results) {\\n    if
(!r.routeFound) continue\\n    for (const enc of r.initialEncounters) {\\n     
if (enc.severity !== \'moderate\' && enc.severity !== \'severe\') continue\\n  
   if (enc.key && signatureKeys.has(enc.key)) {\\n        interactive.push(enc)
\\n      } else {\\n        nonInteractive.push(enc)\\n      }\\n    }\\n  }\\n
\\n  const freq = new Map<string, number>()\\n  for (const enc of nonInteractiv
e) {\\n    freq.set(enc.narrative, (freq.get(enc.narrative) ?? 0) + 1)\\n  }\\n
 const top = [...freq.entries()]\\n    .sort((a, b) => {\\n      if (b[1] !== a
[1]) return b[1] - a[1]\\n      return a[0].localeCompare(b[0])\\n    })\\n    
.slice(0, 10)\\n\\n  return [\\n    \'## Severe-beat coverage\\\\n\',\\n    `Mo
derate+severe encounters generated: ${interactive.length} interactive (signatur
e) · ` +\\n      `${nonInteractive.length} non-interactive (flavor-only).\\\\n`
,\\n    \'### Top non-interactive moderate / severe beats\\\\n\',\\n    top.len
gth === 0\\n      ? \'_(none)_\\\\n\'\\n      : table(\\n          [\'count\', 
\'narrative\'],\\n          top.map(([narrative, count]) => [String(count), nar
rative]),\\n        ),\\n  ].join(\'\\\\n\')\\n}\\n\\nfunction sectionDeathMarc
h(results: CrossingResult[]): string {\\n  const groupKeys = new Set<string>()\
\n  for (const r of results) {\\n    if (!r.routeFound) continue\\n    groupKey
s.add(`${r.cell.supplyPreset}|${r.cell.mode}`)\\n  }\\n  const sortedGroups = [
...groupKeys].sort()\\n  const rows: string[][] = []\\n  for (const g of sorted
Groups) {\\n    const [supplyPreset, mode] = g.split(\'|\')\\n    const group =
results.filter(\\n      r => r.routeFound && r.cell.supplyPreset === supplyPres
et && r.cell.mode === mode,\\n    )\\n    const denominator = group.length\\n  
 const numerator = group.filter(\\n      r => (r.outcome === \'perished\' || r.
outcome === \'aborted\') && r.instances.length === 0,\\n    ).length\\n    rows
.push([supplyPreset, mode, String(denominator), String(numerator), pct(numerato
r, denominator)])\\n  }\\n  return [\\n    \'## Death-march rate\\\\n\',\\n    
\'Per (supply preset × mode): fraction of crossings that terminated perished/ab
orted \' +\\n      \'without ever presenting a signature choice. Denominator = 
crossings that produced a route.\\\\n\',\\n    table([\'supply\', \'mode\', \'c
rossings\', \'death-marches\', \'rate\'], rows),\\n  ].join(\'\\\\n\')\\n}\\n\\
n/* ─── Main ─── */\\n\\nfunction main(): void {\\n  const args = parseArgs(pro
cess.argv.slice(2))\\n  const graph = loadGraph()\\n  const grid = buildGrid(ar
gs)\\n  const total = grid.length\\n  const limit = args.limit\\n  const toRun 
= limit !== undefined && limit < grid.length ? grid.slice(0, limit) : grid\\n\\
n  if (limit !== undefined && limit < grid.length) {\\n    process.stderr.write
(`capped: ran ${toRun.length} of ${total} crossings\\\\n`)\\n  }\\n\\n  const r
esults: CrossingResult[] = []\\n  for (const cell of toRun) {\\n    results.pus
h(runCrossing(cell, graph))\\n  }\\n\\n  const allInstances: Instance[] = []\\n
 for (const r of results) allInstances.push(...r.instances)\\n\\n  const sectio
ns: string[] = []\\n  sections.push(\'# Passage choice-layer playtest report\\\
\n\')\\n  sections.push(`Generated: ${new Date().toISOString()}`)\\n  sections.
push(`Grid: ${toRun.length} crossings run ` +\\n    `(supply presets: ${Object.
keys(SUPPLY_PRESETS).join(\', \')}; modes: ${args.modes.join(\', \')}; seasons:
${args.seasons.join(\', \')})`)\\n  sections.push(`Baseline policy: base=surviv
e, choice=cautious. ` +\\n    `Fork downstream policy: base=survive, choice=cau
tious. ` +\\n    `This measures choice quality **under that policy**, not under
all policies.\\\\n`)\\n  sections.push(sectionPerKeyTables(allInstances))\\n  s
ections.push(sectionDominance(allInstances))\\n  sections.push(sectionOutcomeIm
pact(allInstances))\\n  sections.push(sectionDifferentiation(allInstances))\\n 
sections.push(sectionRepetition(results))\\n  sections.push(sectionSevereBeatCo
verage(results))\\n  sections.push(sectionDeathMarch(results))\\n\\n  const md 
= sections.join(\'\\\\n\\\\n\') + \'\\\\n\'\\n  const outDir = resolveRepoRel(a
rgs.outPath).split(\'\\\\\\\\\').slice(0, -1).join(\'\\\\\\\\\')\\n  if (!exist
sSync(outDir)) mkdirSync(outDir, { recursive: true })\\n  writeFileSync(resolve
RepoRel(args.outPath), md, \'utf-8\')\\n  process.stderr.write(`wrote ${resolve
RepoRel(args.outPath)}\\\\n`)\\n}\\n\\n/* Gate auto-run so tests can import wit
hout invoking main(). */\\nif (!process.env.VITEST) main()\\n"}'
    ),
    extras=None
)
StatusUpdate(
    context_usage=0.33951568603515625,
    token_usage=TokenUsage(
        input_other=1450,
        output=5330,
        input_cache_read=87552,
        input_cache_creation=0
    ),
    message_id='chatcmpl-V9Paa4xZs1khIOMPhsjLkhpl'
)
ToolResult(
    tool_call_id='tool_UG4NgeAep2Dou7dIC6F7IGzQ',
    return_value=ToolReturnValue(
        is_error=False,
        output='',
        message='File successfully overwritten. Current size: 16152 bytes.',
        display=[
            DiffDisplayBlock(
                type='diff',
                path='C:\\Users\\perry\\DevProjects\\veydria-cartography\\.orch
estrate\\wt\\passage-playtester\\scripts\\sim\\sim-passage-report.ts',
                old_text='',
                new_text="/**\n * sim-passage-report.ts — Batch evaluator for t
he Passage choice layer.\n *\n * Plays the choice layer at scale, forks every s
ignature instance, and reports\n * whether choices matter (differentiated, non-
dominant, outcome-impactful) and\n * whether the crossing is balanced (death-ma
rch rate, severe-beat coverage,\n * repetition). Output: output/sim/passage-rep
ort.md.\n *\n * Usage:\n *   cd web\n *   npm run sim:passage -- --limit 60\n *
  npm run sim:passage -- --seasons spring,summer --modes direct --out ./report.
md\n */\n\nimport { writeFileSync, existsSync, mkdirSync } from 'node:fs'\n\nim
port { SIGNATURE_CHOICES } from '../../web/src/utils/passage'\nimport { resolve
RepoRel, type Instance, type BranchOutcome } from './passage-run'\nimport {\n  
CIVS,\n  SEASONS,\n  SUPPLY_PRESETS,\n  makePassageOpts,\n  initPassage,\n  wal
kWithForks,\n  countSignatureFiresPerCrossing,\n  allInitialEncounters,\n  comp
utePerKeyMetrics,\n  median,\n  loadGraph,\n} from './passage-run'\nimport {\n 
survive,\n  cautious,\n  DOWNSTREAM_BASE,\n  DOWNSTREAM_CHOICE,\n} from './pass
age-policies'\nimport type { Season, RouteMode } from '../../web/src/utils/jour
ney-graph'\nimport type { Encounter } from '../../web/src/utils/encounters'\n\n
/* ─── CLI ─── */\n\ninterface CliArgs {\n  limit: number | undefined\n  season
s: Season[]\n  modes: RouteMode[]\n  outPath: string\n}\n\nfunction parseListAr
g(raw: string | undefined): string[] | undefined {\n  if (!raw) return undefine
d\n  return raw.split(',').map(s => s.trim()).filter(Boolean)\n}\n\nfunction pa
rseArgs(argv: string[]): CliArgs {\n  const get = (k: string): string | undefin
ed => {\n    const i = argv.indexOf(`--${k}`)\n    return i >= 0 && i + 1 < arg
v.length ? argv[i + 1] : undefined\n  }\n  const has = (k: string): boolean => 
argv.includes(`--${k}`)\n\n  const seasonsRaw = parseListArg(get('seasons'))\n 
const modesRaw = parseListArg(get('modes'))\n  const limitRaw = get('limit')\n\
n  return {\n    limit: limitRaw !== undefined ? Number(limitRaw) : undefined,\
n    seasons: (seasonsRaw ?? SEASONS).filter((s): s is Season =>\n      SEASONS
.includes(s as Season),\n    ),\n    modes: (modesRaw ?? ['direct', 'cheapest']
).filter((m): m is RouteMode =>\n      ['direct', 'cheapest', 'fastest', 'safes
t'].includes(m as string),\n    ),\n    outPath: resolveRepoRel(get('out') ?? '
output/sim/passage-report.md'),\n  }\n}\n\n/* ─── Formatting ─── */\n\nfunction
cellMd(s: string): string {\n  return s.replace(/\\|/g, '\\\\|').replace(/\\n/g
, ' ')\n}\n\nfunction pct(num: number, denom: number): string {\n  if (denom ==
= 0) return '–'\n  return `${((num / denom) * 100).toFixed(1)}%`\n}\n\nfunction
table(headers: string[], rows: string[][]): string {\n  const sep = headers.map
(() => '---').join(' | ')\n  return `| ${headers.join(' | ')} |\\n| ${sep} |\\n
${rows.map(r => `| ${r.map(cellMd).join(' | ')} |`).join('\\n')}\\n`\n}\n\n/* ─
── Grid construction ─── */\n\ninterface GridCell {\n  from: string\n  to: stri
ng\n  season: Season\n  mode: RouteMode\n  supplyPreset: string\n}\n\nfunction 
buildGrid(args: CliArgs): GridCell[] {\n  const grid: GridCell[] = []\n  for (c
onst from of CIVS) {\n    for (const to of CIVS) {\n      if (from === to) cont
inue\n      for (const season of args.seasons) {\n        for (const mode of ar
gs.modes) {\n          for (const supplyPreset of Object.keys(SUPPLY_PRESETS)) 
{\n            grid.push({ from, to, season, mode, supplyPreset })\n          }
\n        }\n      }\n    }\n  }\n  return grid\n}\n\n/* ─── Per-crossing resul
t ─── */\n\ninterface CrossingResult {\n  cell: GridCell\n  routeFound: boolean
\n  outcome: 'arrived' | 'aborted' | 'perished' | 'unknown'\n  instances: Insta
nce[]\n  signatureFires: Map<string, number>\n  initialEncounters: Encounter[]\
n}\n\nfunction runCrossing(cell: GridCell, graph: ReturnType<typeof loadGraph>)
: CrossingResult {\n  const supply = SUPPLY_PRESETS[cell.supplyPreset]\n  const
opts = makePassageOpts(\n    graph,\n    cell.from,\n    cell.to,\n    cell.sea
son,\n    cell.mode,\n    supply,\n  )\n  if (!opts) {\n    return {\n      cel
l,\n      routeFound: false,\n      outcome: 'unknown',\n      instances: [],\n
     signatureFires: new Map(),\n      initialEncounters: [],\n    }\n  }\n  co
nst state0 = initPassage(opts)\n  const { finalState, instances } = walkWithFor
ks(\n    state0,\n    survive,\n    cautious,\n    DOWNSTREAM_BASE,\n    DOWNST
REAM_CHOICE,\n  )\n  return {\n    cell,\n    routeFound: true,\n    outcome: f
inalState.outcome === 'in-progress' ? 'unknown' : finalState.outcome,\n    inst
ances,\n    signatureFires: countSignatureFiresPerCrossing(state0),\n    initia
lEncounters: allInitialEncounters(state0),\n  }\n}\n\n/* ─── Report sections ──
─ */\n\nfunction sectionPerKeyTables(allInstances: Instance[]): string {\n  if 
(allInstances.length === 0) {\n    return '## Per-signature-key branch tables\\
n\\n_(no signature instances in this batch)_\\n'\n  }\n  const metrics = comput
ePerKeyMetrics(allInstances)\n  const sections: string[] = ['## Per-signature-k
ey branch tables\\n']\n  const outcomeOrder = ['arrived', 'aborted', 'perished'
] as const\n  for (const key of Object.keys(SIGNATURE_CHOICES)) {\n    const ag
g = metrics.get(key)\n    if (!agg || agg.instances === 0) {\n      sections.pu
sh(`### ${key}\\n\\n_N instances = 0_\\n`)\n      continue\n    }\n    const he
aders = [\n      'index',\n      'label',\n      'risk',\n      'completion',\n
     'med water',\n      'med rations',\n      'med days',\n      'arrived',\n 
    'aborted',\n      'perished',\n    ]\n    const rows: string[][] = []\n    
const sortedIndices = [...agg.branchStats.keys()].sort((a, b) => a - b)\n    fo
r (const idx of sortedIndices) {\n      const stats = agg.branchStats.get(idx)!
\n      const outcomes = stats.outcomes\n      rows.push([\n        String(idx)
,\n        stats.label,\n        stats.risk,\n        pct(stats.completed, agg.
instances),\n        median(stats.finalWaters).toFixed(1),\n        median(stat
s.finalRations).toFixed(1),\n        median(stats.totalDays).toFixed(1),\n     
  String(outcomes.get('arrived') ?? 0),\n        String(outcomes.get('aborted')
?? 0),\n        String(outcomes.get('perished') ?? 0),\n      ])\n    }\n    se
ctions.push(`### ${key} (${agg.instances} instances)\\n`)\n    sections.push(ta
ble(headers, rows))\n  }\n  return sections.join('\\n')\n}\n\nfunction sectionD
ominance(allInstances: Instance[]): string {\n  if (allInstances.length === 0) 
{\n    return '## Dominance / dead-choice flags\\n\\n_(no signature instances)_
\\n'\n  }\n  const metrics = computePerKeyMetrics(allInstances)\n  const lines:
string[] = ['## Dominance / dead-choice flags\\n']\n  for (const key of Object.
keys(SIGNATURE_CHOICES)) {\n    const agg = metrics.get(key)\n    if (!agg || a
gg.instances === 0) continue\n    lines.push(`### ${key}`)\n    const rows: str
ing[][] = []\n    const sortedIndices = [...agg.branchStats.keys()].sort((a, b)
=> a - b)\n    let hasDominant = false\n    let hasDead = false\n    for (const
idx of sortedIndices) {\n      const stats = agg.branchStats.get(idx)!\n      c
onst domCount = agg.dominanceFrequency.get(idx) ?? 0\n      const deadCount = a
gg.deadFrequency.get(idx) ?? 0\n      const domPct = (domCount / agg.instances)
* 100\n      const deadPct = (deadCount / agg.instances) * 100\n      if (domPc
t >= 80) hasDominant = true\n      if (deadPct >= 80) hasDead = true\n      row
s.push([\n        String(idx),\n        stats.label,\n        `${domCount}/${ag
g.instances} (${domPct.toFixed(0)}%)`,\n        `${deadCount}/${agg.instances} 
(${deadPct.toFixed(0)}%)`,\n      ])\n    }\n    rows.push([]) // placeholder; 
we'll append flag row separately\n    const flagNotes: string[] = []\n    if (h
asDominant) flagNotes.push('**DOMINANT CHOICE (fun-killer)**')\n    if (hasDead
) flagNotes.push('**DEAD CHOICE**')\n    if (flagNotes.length === 0) flagNotes.
push('_no dominance / dead flags_')\n    rows[rows.length - 1] = ['flags', flag
Notes.join(' · '), '', '']\n    lines.push(table(['index', 'label', 'dominance 
freq', 'dead freq'], rows))\n  }\n  return lines.join('\\n')\n}\n\nfunction sec
tionOutcomeImpact(allInstances: Instance[]): string {\n  if (allInstances.lengt
h === 0) {\n    return '## Outcome impact\\n\\n_(no signature instances)_\\n'\n
 }\n  const metrics = computePerKeyMetrics(allInstances)\n  const rows: string[
][] = []\n  for (const key of Object.keys(SIGNATURE_CHOICES)) {\n    const agg 
= metrics.get(key)\n    if (!agg || agg.instances === 0) {\n      rows.push([ke
y, '0', '0%', 'n/a'])\n      continue\n    }\n    const frac = agg.outcomeImpac
tFraction\n    const note = frac < 0.1 ? 'choices rarely change the ending here
(often slack supply)' : ''\n    rows.push([\n      key,\n      String(agg.insta
nces),\n      `${(frac * 100).toFixed(1)}%`,\n      note,\n    ])\n  }\n  retur
n [\n    '## Outcome impact\\n',\n    'Fraction of instances whose branches yie
ld two or more distinct terminal outcomes.',\n    table(['key', 'instances', 'i
mpact %', 'note'], rows),\n  ].join('\\n')\n}\n\nfunction sectionDifferentiatio
n(allInstances: Instance[]): string {\n  if (allInstances.length === 0) {\n    
return '## Differentiation\\n\\n_(no signature instances)_\\n'\n  }\n  const me
trics = computePerKeyMetrics(allInstances)\n  const rows: string[][] = []\n  fo
r (const key of Object.keys(SIGNATURE_CHOICES)) {\n    const agg = metrics.get(
key)\n    if (!agg || agg.instances === 0) {\n      rows.push([key, '0', '0', '
0', 'n/a'])\n      continue\n    }\n    const note =\n      agg.medianWaterDiff
< 0.5 && agg.medianRationsDiff < 0.5\n        ? 'undifferentiated'\n        : '
'\n    rows.push([\n      key,\n      String(agg.instances),\n      agg.medianW
aterDiff.toFixed(1),\n      agg.medianRationsDiff.toFixed(1),\n      note,\n   
])\n  }\n  return [\n    '## Differentiation\\n',\n    'Median across instances
of (max − min) final water / final rations among the branches.',\n    table(['k
ey', 'instances', 'med water range', 'med rations range', 'note'], rows),\n  ].
join('\\n')\n}\n\nfunction sectionRepetition(results: CrossingResult[]): string
{\n  const withRoute = results.filter(r => r.routeFound)\n  const keyTotals = n
ew Map<string, number>()\n  const keyDistribution = new Map<string, Map<number,
number>>()\n  let anyRepeatCrossings = 0\n  for (const r of withRoute) {\n    l
et hasRepeat = false\n    for (const [key, count] of r.signatureFires) {\n     
keyTotals.set(key, (keyTotals.get(key) ?? 0) + count)\n      let dist = keyDist
ribution.get(key)\n      if (!dist) {\n        dist = new Map()\n        keyDis
tribution.set(key, dist)\n      }\n      dist.set(count, (dist.get(count) ?? 0)
+ 1)\n      if (count >= 2) hasRepeat = true\n    }\n    if (hasRepeat) anyRepe
atCrossings++\n  }\n\n  const rows: string[][] = []\n  for (const key of Object
.keys(SIGNATURE_CHOICES)) {\n    const total = keyTotals.get(key) ?? 0\n    con
st dist = keyDistribution.get(key) ?? new Map()\n    const distParts: string[] 
= []\n    for (const [count, n] of [...dist.entries()].sort((a, b) => a[0] - b[
0])) {\n      distParts.push(`${count}×:${n}`)\n    }\n    rows.push([key, Stri
ng(total), distParts.join(' ') || '0'])\n  }\n\n  return [\n    '## Repetition\
\n',\n    `Signature fires are counted from each crossing's initial encounter s
chedule (supply-independent). ` +\n      `Crossings with any same-key repeat: $
{anyRepeatCrossings}/${withRoute.length} ` +\n      `(${pct(anyRepeatCrossings,
withRoute.length)}).\\n`,\n    table(['key', 'total fires', 'fires-per-crossing
distribution'], rows),\n  ].join('\\n')\n}\n\nfunction sectionSevereBeatCoverag
e(results: CrossingResult[]): string {\n  const signatureKeys = new Set(Object.
keys(SIGNATURE_CHOICES))\n  const nonInteractive: Encounter[] = []\n  const int
eractive: Encounter[] = []\n  for (const r of results) {\n    if (!r.routeFound
) continue\n    for (const enc of r.initialEncounters) {\n      if (enc.severit
y !== 'moderate' && enc.severity !== 'severe') continue\n      if (enc.key && s
ignatureKeys.has(enc.key)) {\n        interactive.push(enc)\n      } else {\n  
     nonInteractive.push(enc)\n      }\n    }\n  }\n\n  const freq = new Map<st
ring, number>()\n  for (const enc of nonInteractive) {\n    freq.set(enc.narrat
ive, (freq.get(enc.narrative) ?? 0) + 1)\n  }\n  const top = [...freq.entries()
]\n    .sort((a, b) => {\n      if (b[1] !== a[1]) return b[1] - a[1]\n      re
turn a[0].localeCompare(b[0])\n    })\n    .slice(0, 10)\n\n  return [\n    '##
Severe-beat coverage\\n',\n    `Moderate+severe encounters generated: ${interac
tive.length} interactive (signature) · ` +\n      `${nonInteractive.length} non
-interactive (flavor-only).\\n`,\n    '### Top non-interactive moderate / sever
e beats\\n',\n    top.length === 0\n      ? '_(none)_\\n'\n      : table(\n    
     ['count', 'narrative'],\n          top.map(([narrative, count]) => [String
(count), narrative]),\n        ),\n  ].join('\\n')\n}\n\nfunction sectionDeathM
arch(results: CrossingResult[]): string {\n  const groupKeys = new Set<string>(
)\n  for (const r of results) {\n    if (!r.routeFound) continue\n    groupKeys
.add(`${r.cell.supplyPreset}|${r.cell.mode}`)\n  }\n  const sortedGroups = [...
groupKeys].sort()\n  const rows: string[][] = []\n  for (const g of sortedGroup
s) {\n    const [supplyPreset, mode] = g.split('|')\n    const group = results.
filter(\n      r => r.routeFound && r.cell.supplyPreset === supplyPreset && r.c
ell.mode === mode,\n    )\n    const denominator = group.length\n    const nume
rator = group.filter(\n      r => (r.outcome === 'perished' || r.outcome === 'a
borted') && r.instances.length === 0,\n    ).length\n    rows.push([supplyPrese
t, mode, String(denominator), String(numerator), pct(numerator, denominator)])\
n  }\n  return [\n    '## Death-march rate\\n',\n    'Per (supply preset × mode
): fraction of crossings that terminated perished/aborted ' +\n      'without e
ver presenting a signature choice. Denominator = crossings that produced a rout
e.\\n',\n    table(['supply', 'mode', 'crossings', 'death-marches', 'rate'], ro
ws),\n  ].join('\\n')\n}\n\n/* ─── Main ─── */\n\nfunction main(): void {\n  co
nst args = parseArgs(process.argv.slice(2))\n  const graph = loadGraph()\n  con
st grid = buildGrid(args)\n  const total = grid.length\n  const limit = args.li
mit\n  const toRun = limit !== undefined && limit < grid.length ? grid.slice(0,
limit) : grid\n\n  if (limit !== undefined && limit < grid.length) {\n    proce
ss.stderr.write(`capped: ran ${toRun.length} of ${total} crossings\\n`)\n  }\n\
n  const results: CrossingResult[] = []\n  for (const cell of toRun) {\n    res
ults.push(runCrossing(cell, graph))\n  }\n\n  const allInstances: Instance[] = 
[]\n  for (const r of results) allInstances.push(...r.instances)\n\n  const sec
tions: string[] = []\n  sections.push('# Passage choice-layer playtest report\\
n')\n  sections.push(`Generated: ${new Date().toISOString()}`)\n  sections.push
(`Grid: ${toRun.length} crossings run ` +\n    `(supply presets: ${Object.keys(
SUPPLY_PRESETS).join(', ')}; modes: ${args.modes.join(', ')}; seasons: ${args.s
easons.join(', ')})`)\n  sections.push(`Baseline policy: base=survive, choice=c
autious. ` +\n    `Fork downstream policy: base=survive, choice=cautious. ` +\n
   `This measures choice quality **under that policy**, not under all policies.
\\n`)\n  sections.push(sectionPerKeyTables(allInstances))\n  sections.push(sect
ionDominance(allInstances))\n  sections.push(sectionOutcomeImpact(allInstances)
)\n  sections.push(sectionDifferentiation(allInstances))\n  sections.push(secti
onRepetition(results))\n  sections.push(sectionSevereBeatCoverage(results))\n  
sections.push(sectionDeathMarch(results))\n\n  const md = sections.join('\\n\\n
') + '\\n'\n  const outDir = resolveRepoRel(args.outPath).split('\\\\').slice(0
, -1).join('\\\\')\n  if (!existsSync(outDir)) mkdirSync(outDir, { recursive: t
rue })\n  writeFileSync(resolveRepoRel(args.outPath), md, 'utf-8')\n  process.s
tderr.write(`wrote ${resolveRepoRel(args.outPath)}\\n`)\n}\n\n/* Gate auto-run 
so tests can import without invoking main(). */\nif (!process.env.VITEST) main(
)"
            )
        ],
        extras=None
    )
)
StepBegin(n=9)
ThinkPart(
    type='think',
    think="I noticed an issue with resolveRepoRel in sim-passage-report. The `o
utDir` extraction uses split('\\\\') which is fragile. Should use dirname from 
path. Let me fix that. Also I imported resolveRepoRel from passage-run but also
redefined? No I imported it. But for outDir I should use dirname. Let me fix.\n
\nAlso need to make sure loadGraph return type works. In passage-run.ts I expor
ted `export function loadGraph(): Graph { return buildGraphFromGeojson() }` but
`Graph` is `ReturnType<typeof buildGraph>` imported from run-journey. This migh
t create circular type reference? No, passage-run imports Graph type from run-j
ourney. It's fine.\n\nBut in sim-passage-report I used `graph: ReturnType<typeo
f loadGraph>` which is fine.\n\nLet me fix outDir extraction.",
    encrypted=None
)
ToolCall(
    type='function',
    id='tool_52b6m2vMsrf2nbHJwrJkmSf8',
    function=FunctionBody(
        name='StrReplaceFile',
        arguments='{"path": "C:\\\\Users\\\\perry\\\\DevProjects\\\\veydria-car
tography\\\\.orchestrate\\\\wt\\\\passage-playtester\\\\scripts\\\\sim\\\\sim-p
assage-report.ts", "edit": {"old": "import { writeFileSync, existsSync, mkdirSy
nc } from \'node:fs\'\\n", "new": "import { writeFileSync, existsSync, mkdirSyn
c } from \'node:fs\'\\nimport { dirname } from \'node:path\'\\n"}}'
    ),
    extras=None
)
StatusUpdate(
    context_usage=0.35997772216796875,
    token_usage=TokenUsage(
        input_other=3486,
        output=292,
        input_cache_read=90880,
        input_cache_creation=0
    ),
    message_id='chatcmpl-7qKI8xMq08DoQHrFk2hhWPVY'
)
ToolResult(
    tool_call_id='tool_52b6m2vMsrf2nbHJwrJkmSf8',
    return_value=ToolReturnValue(
        is_error=False,
        output='',
        message='File successfully edited. Applied 1 edit(s) with 1 total repla
cement(s).',
        display=[
            DiffDisplayBlock(
                type='diff',
                path='C:\\Users\\perry\\DevProjects\\veydria-cartography\\.orch
estrate\\wt\\passage-playtester\\scripts\\sim\\sim-passage-report.ts',
                old_text=" */\n\nimport { writeFileSync, existsSync, mkdirSync 
} from 'node:fs'\n\nimport { SIGNATURE_CHOICES } from '../../web/src/utils/pass
age'\nimport { resolveRepoRel, type Instance, type BranchOutcome } from './pass
age-run'",
                new_text=" */\n\nimport { writeFileSync, existsSync, mkdirSync 
} from 'node:fs'\nimport { dirname } from 'node:path'\n\nimport { SIGNATURE_CHO
ICES } from '../../web/src/utils/passage'\nimport { resolveRepoRel, type Instan
ce, type BranchOutcome } from './passage-run'"
            )
        ],
        extras=None
    )
)
StepBegin(n=10)
ThinkPart(
    type='think',
    think='Now replace the outDir extraction.',
    encrypted=None
)
ToolCall(
    type='function',
    id='tool_mr6inIMGGjwImxwTHDyxf5tZ',
    function=FunctionBody(
        name='StrReplaceFile',
        arguments='{"path": "C:\\\\Users\\\\perry\\\\DevProjects\\\\veydria-car
tography\\\\.orchestrate\\\\wt\\\\passage-playtester\\\\scripts\\\\sim\\\\sim-p
assage-report.ts", "edit": {"old": "  const md = sections.join(\'\\\\n\\\\n\') 
+ \'\\\\n\'\\n  const outDir = resolveRepoRel(args.outPath).split(\'\\\\\\\\\')
.slice(0, -1).join(\'\\\\\\\\\')\\n  if (!existsSync(outDir)) mkdirSync(outDir,
{ recursive: true })\\n  writeFileSync(resolveRepoRel(args.outPath), md, \'utf-
8\')\\n  process.stderr.write(`wrote ${resolveRepoRel(args.outPath)}\\\\n`)\\n"
, "new": "  const md = sections.join(\'\\\\n\\\\n\') + \'\\\\n\'\\n  const outP
athAbs = resolveRepoRel(args.outPath)\\n  const outDir = dirname(outPathAbs)\\n
 if (!existsSync(outDir)) mkdirSync(outDir, { recursive: true })\\n  writeFileS
ync(outPathAbs, md, \'utf-8\')\\n  process.stderr.write(`wrote ${outPathAbs}\\\
\n`)\\n"}}'
    ),
    extras=None
)
StatusUpdate(
    context_usage=0.36124420166015625,
    token_usage=TokenUsage(
        input_other=490,
        output=271,
        input_cache_read=94208,
        input_cache_creation=0
    ),
    message_id='chatcmpl-KAHYqS7xpCIP8f3dLOENZ2pN'
)
ToolResult(
    tool_call_id='tool_mr6inIMGGjwImxwTHDyxf5tZ',
    return_value=ToolReturnValue(
        is_error=False,
        output='',
        message='File successfully edited. Applied 1 edit(s) with 1 total repla
cement(s).',
        display=[
            DiffDisplayBlock(
                type='diff',
                path='C:\\Users\\perry\\DevProjects\\veydria-cartography\\.orch
estrate\\wt\\passage-playtester\\scripts\\sim\\sim-passage-report.ts',
                old_text="  sections.push(sectionDeathMarch(results))\n\n  cons
t md = sections.join('\\n\\n') + '\\n'\n  const outDir = resolveRepoRel(args.ou
tPath).split('\\\\').slice(0, -1).join('\\\\')\n  if (!existsSync(outDir)) mkdi
rSync(outDir, { recursive: true })\n  writeFileSync(resolveRepoRel(args.outPath
), md, 'utf-8')\n  process.stderr.write(`wrote ${resolveRepoRel(args.outPath)}\
\n`)\n}\n\n/* Gate auto-run so tests can import without invoking main(). */",
                new_text="  sections.push(sectionDeathMarch(results))\n\n  cons
t md = sections.join('\\n\\n') + '\\n'\n  const outPathAbs = resolveRepoRel(arg
s.outPath)\n  const outDir = dirname(outPathAbs)\n  if (!existsSync(outDir)) mk
dirSync(outDir, { recursive: true })\n  writeFileSync(outPathAbs, md, 'utf-8')\
n  process.stderr.write(`wrote ${outPathAbs}\\n`)\n}\n\n/* Gate auto-run so tes
ts can import without invoking main(). */"
            )
        ],
        extras=None
    )
)
StepBegin(n=11)
ThinkPart(
    type='think',
    think='Now update todo and generalize passage-playthrough.ts.',
    encrypted=None
)
ToolCall(
    type='function',
    id='tool_U1SImT0Z0ywZphrNGQVRehza',
    function=FunctionBody(
        name='SetTodoList',
        arguments='{"todos": [{"title": "Implement passage-run.ts core runner +
fork logic", "status": "done"}, {"title": "Implement passage-policies.ts regist
ry", "status": "done"}, {"title": "Implement sim-passage-report.ts batch evalua
tor", "status": "done"}, {"title": "Generalize passage-playthrough.ts", "status
": "in_progress"}, {"title": "Implement passage-run.test.ts tests", "status": "
pending"}, {"title": "Add package.json scripts", "status": "pending"}, {"title"
: "Run tests + report CLI acceptance", "status": "pending"}]}'
    ),
    extras=None
)
ToolResult(
    tool_call_id='tool_U1SImT0Z0ywZphrNGQVRehza',
    return_value=ToolReturnValue(
        is_error=False,
        output='',
        message='Todo list updated',
        display=[
            TodoDisplayBlock(
                type='todo',
                items=[
                    TodoDisplayItem(
                        title='Implement passage-run.ts core runner + fork logi
c',
                        status='done'
                    ),
                    TodoDisplayItem(
                        title='Implement passage-policies.ts registry',
                        status='done'
                    ),
                    TodoDisplayItem(
                        title='Implement sim-passage-report.ts batch evaluator'
,
                        status='done'
                    ),
                    TodoDisplayItem(
                        title='Generalize passage-playthrough.ts',
                        status='in_progress'
                    ),
                    TodoDisplayItem(
                        title='Implement passage-run.test.ts tests',
                        status='pending'
                    ),
                    TodoDisplayItem(
                        title='Add package.json scripts',
                        status='pending'
                    ),
                    TodoDisplayItem(
                        title='Run tests + report CLI acceptance',
                        status='pending'
                    )
                ]
            )
        ],
        extras=None
    )
)
StatusUpdate(
    context_usage=0.3624305725097656,
    token_usage=TokenUsage(
        input_other=545,
        output=152,
        input_cache_read=94464,
        input_cache_creation=0
    ),
    message_id='chatcmpl-QMey7y8fwxsSOrrG3a2yputk'
)
StepBegin(n=12)
ThinkPart(
    type='think',
    think='Now rewrite passage-playthrough.ts to:\n- Import from passage-run an
d passage-policies instead of reimplementing makeOpts/chooseCautious/chooseActi
on/playOut\n- Accept optional --from --to --season --mode CLI args\n- With no a
rgs, auto-pick a choice-rich arrived crossing (current behavior)\n- Keep readab
le story output, no em-dashes\n- Use playPassage from passage-run for the main 
run\n- Use cautious/survive from passage-policies\n\nNeed to handle the scan: i
terate civ pairs × seasons × modes (which modes? maybe direct/cheapest/fastest/
safest as current), find ones with signatures, play them, rank by arrived + cho
ices + distinct keys + shorter.\n\nIf CLI args provided, just play that single 
crossing.\n\nThe scan uses caravan supply to ensure survival. The single explic
it run should also use... what supply? The spec doesn\'t say. Use caravan (same
as auto-pick) so it reaches choices. Actually for the pinned regression Kheshka
i→Qollari spring direct standard supply death-march, that\'s in tests, not play
through. Playthrough should show choices. So use caravan supply.\n\nWait, the s
pec says for playthrough: "accept optional --from --to --season --mode; with no
args, auto-pick a choice-rich arrived crossing (current behavior)." It doesn\'t
specify supply. I\'ll keep caravan.\n\nLet me write it.',
    encrypted=None
)
ToolCall(
    type='function',
    id='tool_sGRgJvpmmofDDDRpM2J2Y4UZ',
    function=FunctionBody(
        name='WriteFile',
        arguments='{"path": "C:\\\\Users\\\\perry\\\\DevProjects\\\\veydria-car
tography\\\\.orchestrate\\\\wt\\\\passage-playtester\\\\scripts\\\\sim\\\\passa
ge-playthrough.ts", "content": "/**\\n * passage-playthrough.ts — Readable sing
le-run journal emitter for Passage mode.\\n *\\n * Accepts optional --from --to
--season --mode; with no args it scans for a\\n * choice-rich crossing that arr
ives and prints the journal. All choices are\\n * resolved by the cautious choi
ce policy + survive base policy.\\n *\\n * Run:\\n *   npm run sim:passage-play
\\n *   npm run sim:passage-play -- --from kheshkai --to irrah --season winter 
--mode direct\\n */\\n\\nimport { type Season, type RouteMode } from \'../../we
b/src/utils/journey-graph\'\\nimport { type PassageState } from \'../../web/src
/utils/passage\'\\nimport {\\n  CIVS,\\n  SEASONS,\\n  CARAVAN_SUPPLY,\\n  PASS
AGE_PARTY,\\n  makePassageOpts,\\n  initPassage,\\n  playPassage,\\n  signature
KeysInState,\\n  loadGraph,\\n} from \'./passage-run\'\\nimport { survive, caut
ious } from \'./passage-policies\'\\n\\nconst r1 = (n: number) => Math.round(n 
* 10) / 10\\n\\ninterface CliArgs {\\n  from?: string\\n  to?: string\\n  seaso
n?: Season\\n  mode?: RouteMode\\n}\\n\\nfunction parseArgs(argv: string[]): Cl
iArgs {\\n  const get = (k: string): string | undefined => {\\n    const i = ar
gv.indexOf(`--${k}`)\\n    return i >= 0 && i + 1 < argv.length ? argv[i + 1] :
undefined\\n  }\\n  return {\\n    from: get(\'from\'),\\n    to: get(\'to\'),\
\n    season: get(\'season\') as Season | undefined,\\n    mode: get(\'mode\') 
as RouteMode | undefined,\\n  }\\n}\\n\\nfunction fullySpecified(args: CliArgs)
: args is Required<CliArgs> {\\n  return args.from !== undefined && args.to !==
undefined && args.season !== undefined && args.mode !== undefined\\n}\\n\\nfunc
tion playOut(state0: PassageState): { state: PassageState; choicesMade: number 
} {\\n  const { state, choices } = playPassage(state0, survive, cautious)\\n  r
eturn { state, choicesMade: choices.length }\\n}\\n\\ntype Cand = {\\n  from: s
tring\\n  to: string\\n  season: Season\\n  mode: RouteMode\\n  keys: string[]\
\n  days: number\\n  choicesMade: number\\n  outcome: string\\n}\\n\\nfunction 
scan(graph: ReturnType<typeof loadGraph>): Cand | null {\\n  process.stderr.wri
te(\'Scanning crossings for a playable signature choice...\\\\n\')\\n  const se
asons = SEASONS\\n  const modes: RouteMode[] = [\'cheapest\', \'fastest\', \'sa
fest\', \'direct\']\\n  const rank = (c: Cand) =>\\n    (c.outcome === \'arrive
d\' ? 1000 : 0) +\\n    c.choicesMade * 100 +\\n    new Set(c.keys).size * 10 -
\\n    Math.min(c.days, 99) * 0.01\\n  let best: Cand | null = null\\n  for (co
nst from of CIVS) {\\n    for (const to of CIVS) {\\n      if (from === to) con
tinue\\n      for (const season of seasons) {\\n        for (const mode of mode
s) {\\n          const opts = makePassageOpts(graph, from, to, season, mode, CA
RAVAN_SUPPLY, PASSAGE_PARTY)\\n          if (!opts) continue\\n          const 
state0 = initPassage(opts)\\n          const keys = signatureKeysInState(state0
)\\n          if (keys.length === 0) continue\\n          const { state, choice
sMade } = playOut(state0)\\n          if (choicesMade === 0) continue\\n       
  const cand: Cand = {\\n            from,\\n            to,\\n            seas
on,\\n            mode,\\n            keys,\\n            days: state0.journey.
totalDays,\\n            choicesMade,\\n            outcome: state.outcome,\\n 
        }\\n          if (!best || rank(cand) > rank(best)) best = cand\\n     
  }\\n      }\\n    }\\n  }\\n  return best\\n}\\n\\nfunction printJournal(stat
e: PassageState, meta: { from: string; to: string; season: Season; mode: RouteM
ode; keys: string[] }) {\\n  const destName = state.journey.route.nodes[state.j
ourney.route.nodes.length - 1]?.name ?? meta.to\\n  const startName = state.jou
rney.route.nodes[0]?.name ?? meta.from\\n\\n  const L: string[] = []\\n  L.push
(\'═══════════════════════════════════════════════════════════════\')\\n  L.pus
h(`  A PASSAGE: ${startName} → ${destName}`)\\n  L.push(`  ${meta.season}, on f
oot, normal pace · provisions: 12 rations / 6 water`)\\n  L.push(`  ${r1(state.
journey.route.totalKm)} km · ~${state.journey.totalDays} days · signature beats
waiting: ${meta.keys.join(\', \')}`)\\n  L.push(\'═════════════════════════════
══════════════════════════════════\')\\n  L.push(\'\')\\n\\n  let plainBuf: Arr
ay<{ day: number; r: number; w: number }> = []\\n  const flushPlain = () => {\\
n    if (plainBuf.length === 0) return\\n    if (plainBuf.length <= 4) {\\n    
 for (const p of plainBuf) L.push(`  Day ${p.day}: the road. (rations ${r1(p.r)
} / water ${r1(p.w)})`)\\n    } else {\\n      const a = plainBuf[0], b = plain
Buf[plainBuf.length - 1]\\n      L.push(`  Days ${a.day}–${b.day}: steady road,
no incident. (rations ${r1(a.r)}→${r1(b.r)} / water ${r1(a.w)}→${r1(b.w)})`)\\n
   }\\n    plainBuf = []\\n  }\\n\\n  let printedUpTo = 0\\n  const emitNewEntr
ies = () => {\\n    for (let i = printedUpTo; i < state.log.length; i++) {\\n  
   const e = state.log[i]\\n      if (e.kind === \'day\') {\\n        const sig
= e.day.encounters\\n        const warn = e.supply.warning\\n        const inte
resting = sig.length > 0 || (warn && warn !== \'\')\\n        if (!interesting)
{\\n          plainBuf.push({ day: e.dayLabel, r: e.supply.rationsLeft, w: e.su
pply.waterLeft })\\n          continue\\n        }\\n        flushPlain()\\n   
    L.push(`  Day ${e.dayLabel}: ${e.day.campLabel}. ${e.day.weather}`)\\n     
  for (const enc of e.day.encounters) {\\n          if (enc.key && SIGNATURE_CH
OICES[enc.key]) continue // shown as a choice below\\n          L.push(`     · 
${enc.narrative}`)\\n        }\\n        if (warn && warn !== \'\') L.push(`   
 ⚠ ${warn}`)\\n        L.push(`     (rations ${r1(e.supply.rationsLeft)} / wate
r ${r1(e.supply.waterLeft)})`)\\n      } else if (e.kind === \'wait\') {\\n    
   flushPlain()\\n        L.push(`  Day ${e.dayLabel} — held: ${e.narrative} (r
ations ${r1(e.supply.rationsLeft)} / water ${r1(e.supply.waterLeft)})`)\\n     
} else if (e.kind === \'choice\') {\\n        flushPlain()\\n        L.push(`  
  ▸ CHOSE: \\"${e.label}\\" [${e.risk}]`)\\n        L.push(`       ${e.narrativ
e}`)\\n      } else if (e.kind === \'ending\') {\\n        flushPlain()\\n     
  L.push(\'\')\\n        L.push(`  ── ${e.outcome.toUpperCase()} (day ${e.dayLa
bel}) ──`)\\n        L.push(`  ${e.narrative}`)\\n      }\\n    }\\n    printed
UpTo = state.log.length\\n  }\\n\\n  // Replay the same state we already built 
while printing; the play is deterministic\\n  // and cheap, and this keeps the 
journal builder decoupled from playPassage internals.\\n  const safetyMax = (st
ate.journey.totalDays + 1) * 3\\n  let safety = safetyMax\\n  while (state.outc
ome === \'in-progress\' && safety-- > 0) {\\n    if (state.pending) {\\n      f
lushPlain()\\n      const enc = state.pending.encounter\\n      const choices =
state.pending.choices\\n      L.push(\'\')\\n      L.push(`  ⚑ ENCOUNTER (day $
{state.journey.dayNum + state.extraDays + 1}): ${enc.narrative}`)\\n      for (
let i = 0; i < choices.length; i++) {\\n        const o = choices[i].outcome\\n
       const cost: string[] = []\\n        if (o.rationsDelta) cost.push(`${o.r
ationsDelta} rations`)\\n        if (o.waterDelta) cost.push(`${o.waterDelta} w
ater`)\\n        if (o.daysDelta) cost.push(`+${o.daysDelta}d`)\\n        L.pus
h(`       [${i}] ${choices[i].label} (${cost.join(\', \') || \'no cost\'}) [${o
.risk ?? \'none\'}]`)\\n      }\\n      state = playPassage(state, survive, cau
tious).state\\n      emitNewEntries()\\n      continue\\n    }\\n    state = pl
ayPassage(state, survive, cautious).state\\n    emitNewEntries()\\n  }\\n  flus
hPlain()\\n\\n  L.push(\'\')\\n  L.push(`  Final ledger: ${r1(state.journey.rat
ionsLeft)} rations · ${r1(state.journey.waterLeft)} water · outcome: ${state.ou
tcome}`)\\n  L.push(\'═════════════════════════════════════════════════════════
══════\')\\n\\n  process.stdout.write(L.join(\'\\\\n\') + \'\\\\n\')\\n}\\n\\n/
/ Need SIGNATURE_CHOICES to filter signature beats in the day log.\\nimport { S
IGNATURE_CHOICES } from \'../../web/src/utils/passage\'\\n\\nfunction main() {\
\n  const args = parseArgs(process.argv.slice(2))\\n  const graph = loadGraph()
\\n\\n  let meta: { from: string; to: string; season: Season; mode: RouteMode; 
keys: string[] }\\n  if (fullySpecified(args)) {\\n    meta = { from: args.from
, to: args.to, season: args.season, mode: args.mode, keys: [] }\\n  } else {\\n
   const best = scan(graph)\\n    if (!best) {\\n      process.stderr.write(\'N
o crossing reached a signature choice.\\\\n\')\\n      return\\n    }\\n    pro
cess.stderr.write(`Selected: ${best.from} → ${best.to} (${best.season}, ${best.
mode}) · choices=${best.choicesMade} · outcome=${best.outcome}\\\\n`)\\n    met
a = best\\n  }\\n\\n  const opts = makePassageOpts(graph, meta.from, meta.to, m
eta.season, meta.mode, CARAVAN_SUPPLY, PASSAGE_PARTY)\\n  if (!opts) {\\n    pr
ocess.stderr.write(`No route found for ${meta.from} → ${meta.to}.\\\\n`)\\n    
return\\n  }\\n  meta.keys = signatureKeysInState(initPassage(opts))\\n  let st
ate = initPassage(opts)\\n  // Build the full journal by playing it once; print
Journal replays deterministically.\\n  state = playOut(state).state\\n  printJo
urnal(state, meta)\\n}\\n\\nmain()\\n"}'
    ),
    extras=None
)
StatusUpdate(
    context_usage=0.3631134033203125,
    token_usage=TokenUsage(
        input_other=212,
        output=2962,
        input_cache_read=94976,
        input_cache_creation=0
    ),
    message_id='chatcmpl-hspX6aczugHRHmLAh4ZdFWdq'
)
ToolResult(
    tool_call_id='tool_sGRgJvpmmofDDDRpM2J2Y4UZ',
    return_value=ToolReturnValue(
        is_error=False,
        output='',
        message='File successfully overwritten. Current size: 9276 bytes.',
        display=[
            DiffDisplayBlock(
                type='diff',
                path='C:\\Users\\perry\\DevProjects\\veydria-cartography\\.orch
estrate\\wt\\passage-playtester\\scripts\\sim\\passage-playthrough.ts',
                old_text='/**\n * passage-playthrough.ts — One-off: the AI play
s a single Passage-mode crossing\n * end to end and prints the journal as a rea
dable story.\n *\n * Unlike the sim harness (which plays the ENGINE and never t
ouches the choice\n * layer), this drives the real Passage seam — initPassage /
passageAct /\n * passageChoose — so the ford/bandits/fever branching choices ar
e actually\n * made. A first pass scans civ-pair x season crossings for one tha
t triggers a\n * signature encounter, then plays the best candidate with a simp
le "cautious\n * traveler" policy and prints every day, choice, wait, and the e
nding.\n *\n * Throwaway evaluation aid (not wired into CI). Run:\n *   npm run
-s sim:journey  # (for the engine trace)\n *   vite-node ../scripts/sim/passage
-playthrough.ts\n */\n\nimport { findRouteWithFallback, type PartyConfig, type 
Season, type RouteMode } from \'../../web/src/utils/journey-graph\'\nimport { t
ype Action } from \'../../web/src/utils/journey-days\'\nimport {\n  initPassage
,\n  passageAct,\n  passageChoose,\n  type PassageState,\n  type EncounterChoic
e,\n} from \'../../web/src/utils/passage\'\nimport { buildGraphFromGeojson, get
ResupplyTier, type Graph } from \'./run-journey\'\n\nconst CIVS = [\'ngaru_bon\
', \'irrah\', \'kheshkai\', \'qollari\', \'ndjadi\', \'oravan\']\nconst PARTY: 
PartyConfig = { pace: \'normal\', mount: \'foot\', size: \'medium\', forcedMarc
h: false }\n// Caravan supply (pack animals) — the most survivable preset, so a
run is likely\n// to live long enough to actually reach a signature choice.\nco
nst SUPPLY = { rationsPerPerson: 12, waterPerPerson: 6, encumbrance: \'normal\'
as const, packAnimals: \'caravan\' as const }\n\nfunction makeOpts(graph: Graph
, from: string, to: string, season: Season, mode: RouteMode) {\n  const { route
} = findRouteWithFallback(graph, from, to, season, mode, PARTY)\n  if (!route) 
return null\n  return {\n    route,\n    season,\n    mode,\n    edgeBiomes: un
defined,\n    departureDayOfYear: undefined,\n    party: PARTY,\n    supply: SU
PPLY,\n    graph,\n    endId: to,\n    resupplyTierFor: getResupplyTier,\n  }\n
}\n\n/** How many signature encounters are bucketed in this journey\'s days. */
\nfunction countSignatures(state: PassageState): { count: number; keys: string[
] } {\n  const keys: string[] = []\n  for (const encs of state.journey.encounte
rsByDay.values()) {\n    for (const e of encs) {\n      if (e.key && (e.key ===
\'ford\' || e.key === \'bandits\' || e.key === \'fever\')) keys.push(e.key)\n  
 }\n  }\n  return { count: keys.length, keys }\n}\n\n/** Cautious traveler: avo
id grave risk if possible, else minimize supply hit\n *  (water weighted heavie
r than rations; waiting a small soft cost). */\nfunction chooseCautious(choices
: EncounterChoice[]): number {\n  const score = (c: EncounterChoice) => {\n    
const o = c.outcome\n    const supplyHit = (o.rationsDelta ? -o.rationsDelta : 
0) + (o.waterDelta ? -o.waterDelta : 0) * 1.5\n    const dayCost = (o.daysDelta
?? 0) * 0.5\n    const gravePenalty = o.risk === \'grave\' ? 100 : 0\n    retur
n supplyHit + dayCost + gravePenalty\n  }\n  let best = 0\n  for (let i = 1; i 
< choices.length; i++) if (score(choices[i]) < score(choices[best])) best = i\n
 return best\n}\n\n/** Base day action: ration when supply gets tight (to survi
ve to the choices),\n *  otherwise press on. Never turn back — we want to see i
t through. */\nfunction chooseAction(state: PassageState): Action {\n  if (stat
e.journey.waterLeft <= 2 || state.journey.rationsLeft <= 2) return { kind: \'ra
tion\' }\n  return { kind: \'continue\' }\n}\n\nconst r1 = (n: number) => Math.
round(n * 10) / 10\n\n/** Play a crossing headlessly with the cautious policy. 
Returns the finished\n *  state plus how many signature choices were actually r
esolved. */\nfunction playOut(state0: PassageState): { state: PassageState; cho
icesMade: number } {\n  let state = state0\n  let choicesMade = 0\n  let safety
= (state.journey.totalDays + 1) * 3\n  while (state.outcome === \'in-progress\'
&& safety-- > 0) {\n    if (state.pending) {\n      state = passageChoose(state
, chooseCautious(state.pending.choices))\n      choicesMade++\n      continue\n
   }\n    const before = state\n    state = passageAct(state, chooseAction(stat
e))\n    if (state === before) break\n  }\n  return { state, choicesMade }\n}\n
\nfunction main() {\n  const graph = buildGraphFromGeojson()\n\n  // ── Scan fo
r a crossing that actually REACHES a signature choice (and ideally arrives) ──\
n  process.stderr.write(\'Scanning crossings for a playable signature choice...
\\n\')\n  type Cand = {\n    from: string; to: string; season: Season; mode: Ro
uteMode\n    keys: string[]; days: number; choicesMade: number; outcome: string
\n  }\n  let best: Cand | null = null\n  const seasons: Season[] = [\'spring\',
\'summer\', \'autumn\', \'winter\']\n  const modes: RouteMode[] = [\'cheapest\'
, \'fastest\', \'safest\', \'direct\']\n  const rank = (c: Cand) =>\n    (c.out
come === \'arrived\' ? 1000 : 0) +     // prefer crossings that arrive\n    c.c
hoicesMade * 100 +                      // then ones with more resolved choices
\n    new Set(c.keys).size * 10 -                // then more distinct signatur
e types\n    Math.min(c.days, 99) * 0.01                // mild readability nud
ge toward shorter\n  for (const from of CIVS) {\n    for (const to of CIVS) {\n
     if (from === to) continue\n      for (const season of seasons) {\n        
for (const mode of modes) {\n          const opts = makeOpts(graph, from, to, s
eason, mode)\n          if (!opts) continue\n          const state0 = initPassa
ge(opts)\n          const { count, keys } = countSignatures(state0)\n          
if (count === 0) continue\n          const { state, choicesMade } = playOut(sta
te0)\n          if (choicesMade === 0) continue // never actually reached a cho
ice\n          const cand: Cand = { from, to, season, mode, keys, days: state0.
journey.totalDays, choicesMade, outcome: state.outcome }\n          if (!best |
| rank(cand) > rank(best)) best = cand\n        }\n      }\n    }\n  }\n\n  if 
(!best) {\n    process.stderr.write(\'No crossing reached a signature choice.\\
n\')\n    return\n  }\n  process.stderr.write(`Selected: ${best.from} → ${best.
to} (${best.season}, ${best.mode}) · choices=${best.choicesMade} · outcome=${be
st.outcome}\\n`)\n\n  // ── Replay the chosen crossing, printing the journal ──
\n  const opts = makeOpts(graph, best.from, best.to, best.season, best.mode)!\n
 let state = initPassage(opts)\n  const destName = state.journey.route.nodes[st
ate.journey.route.nodes.length - 1]?.name ?? best.to\n  const startName = state
.journey.route.nodes[0]?.name ?? best.from\n\n  const L: string[] = []\n  L.pus
h(\'═══════════════════════════════════════════════════════════════\')\n  L.pus
h(`  A PASSAGE: ${startName} → ${destName}`)\n  L.push(`  ${best.season}, on fo
ot, normal pace · provisions: 12 rations / 6 water`)\n  L.push(`  ${r1(state.jo
urney.route.totalKm)} km · ~${state.journey.totalDays} days · signature beats w
aiting: ${best.keys.join(\', \')}`)\n  L.push(\'═══════════════════════════════
════════════════════════════════\')\n  L.push(\'\')\n\n  // Buffer of plain tra
vel days to collapse uneventful stretches.\n  let plainBuf: Array<{ day: number
; r: number; w: number }> = []\n  const flushPlain = () => {\n    if (plainBuf.
length === 0) return',
                new_text="/**\n * passage-playthrough.ts — Readable single-run 
journal emitter for Passage mode.\n *\n * Accepts optional --from --to --season
--mode; with no args it scans for a\n * choice-rich crossing that arrives and p
rints the journal. All choices are\n * resolved by the cautious choice policy +
survive base policy.\n *\n * Run:\n *   npm run sim:passage-play\n *   npm run 
sim:passage-play -- --from kheshkai --to irrah --season winter --mode direct\n 
*/\n\nimport { type Season, type RouteMode } from '../../web/src/utils/journey-
graph'\nimport { type PassageState } from '../../web/src/utils/passage'\nimport
{\n  CIVS,\n  SEASONS,\n  CARAVAN_SUPPLY,\n  PASSAGE_PARTY,\n  makePassageOpts,
\n  initPassage,\n  playPassage,\n  signatureKeysInState,\n  loadGraph,\n} from
'./passage-run'\nimport { survive, cautious } from './passage-policies'\n\ncons
t r1 = (n: number) => Math.round(n * 10) / 10\n\ninterface CliArgs {\n  from?: 
string\n  to?: string\n  season?: Season\n  mode?: RouteMode\n}\n\nfunction par
seArgs(argv: string[]): CliArgs {\n  const get = (k: string): string | undefine
d => {\n    const i = argv.indexOf(`--${k}`)\n    return i >= 0 && i + 1 < argv
.length ? argv[i + 1] : undefined\n  }\n  return {\n    from: get('from'),\n   
to: get('to'),\n    season: get('season') as Season | undefined,\n    mode: get
('mode') as RouteMode | undefined,\n  }\n}\n\nfunction fullySpecified(args: Cli
Args): args is Required<CliArgs> {\n  return args.from !== undefined && args.to
!== undefined && args.season !== undefined && args.mode !== undefined\n}\n\nfun
ction playOut(state0: PassageState): { state: PassageState; choicesMade: number
} {\n  const { state, choices } = playPassage(state0, survive, cautious)\n  ret
urn { state, choicesMade: choices.length }\n}\n\ntype Cand = {\n  from: string\
n  to: string\n  season: Season\n  mode: RouteMode\n  keys: string[]\n  days: n
umber\n  choicesMade: number\n  outcome: string\n}\n\nfunction scan(graph: Retu
rnType<typeof loadGraph>): Cand | null {\n  process.stderr.write('Scanning cros
sings for a playable signature choice...\\n')\n  const seasons = SEASONS\n  con
st modes: RouteMode[] = ['cheapest', 'fastest', 'safest', 'direct']\n  const ra
nk = (c: Cand) =>\n    (c.outcome === 'arrived' ? 1000 : 0) +\n    c.choicesMad
e * 100 +\n    new Set(c.keys).size * 10 -\n    Math.min(c.days, 99) * 0.01\n  
let best: Cand | null = null\n  for (const from of CIVS) {\n    for (const to o
f CIVS) {\n      if (from === to) continue\n      for (const season of seasons)
{\n        for (const mode of modes) {\n          const opts = makePassageOpts(
graph, from, to, season, mode, CARAVAN_SUPPLY, PASSAGE_PARTY)\n          if (!o
pts) continue\n          const state0 = initPassage(opts)\n          const keys
= signatureKeysInState(state0)\n          if (keys.length === 0) continue\n    
     const { state, choicesMade } = playOut(state0)\n          if (choicesMade 
=== 0) continue\n          const cand: Cand = {\n            from,\n           
to,\n            season,\n            mode,\n            keys,\n            day
s: state0.journey.totalDays,\n            choicesMade,\n            outcome: st
ate.outcome,\n          }\n          if (!best || rank(cand) > rank(best)) best
= cand\n        }\n      }\n    }\n  }\n  return best\n}\n\nfunction printJourn
al(state: PassageState, meta: { from: string; to: string; season: Season; mode:
RouteMode; keys: string[] }) {\n  const destName = state.journey.route.nodes[st
ate.journey.route.nodes.length - 1]?.name ?? meta.to\n  const startName = state
.journey.route.nodes[0]?.name ?? meta.from\n\n  const L: string[] = []\n  L.pus
h('═══════════════════════════════════════════════════════════════')\n  L.push(
`  A PASSAGE: ${startName} → ${destName}`)\n  L.push(`  ${meta.season}, on foot
, normal pace · provisions: 12 rations / 6 water`)\n  L.push(`  ${r1(state.jour
ney.route.totalKm)} km · ~${state.journey.totalDays} days · signature beats wai
ting: ${meta.keys.join(', ')}`)\n  L.push('════════════════════════════════════
═══════════════════════════')\n  L.push('')\n\n  let plainBuf: Array<{ day: num
ber; r: number; w: number }> = []\n  const flushPlain = () => {\n    if (plainB
uf.length === 0) return"
            ),
            DiffDisplayBlock(
                type='diff',
                path='C:\\Users\\perry\\DevProjects\\veydria-cartography\\.orch
estrate\\wt\\passage-playtester\\scripts\\sim\\passage-playthrough.ts',
                old_text="        flushPlain()\n        L.push(`  Day ${e.dayLa
bel}: ${e.day.campLabel}. ${e.day.weather}`)\n        for (const enc of e.day.e
ncounters) {\n          if (enc.key === 'ford' || enc.key === 'bandits' || enc.
key === 'fever') continue // shown as a choice below\n          L.push(`     · 
${enc.narrative}`)\n        }\n        if (warn && warn !== '') L.push(`     ⚠ 
${warn}`)",
                new_text="        flushPlain()\n        L.push(`  Day ${e.dayLa
bel}: ${e.day.campLabel}. ${e.day.weather}`)\n        for (const enc of e.day.e
ncounters) {\n          if (enc.key && SIGNATURE_CHOICES[enc.key]) continue // 
shown as a choice below\n          L.push(`     · ${enc.narrative}`)\n        }
\n        if (warn && warn !== '') L.push(`     ⚠ ${warn}`)"
            ),
            DiffDisplayBlock(
                type='diff',
                path='C:\\Users\\perry\\DevProjects\\veydria-cartography\\.orch
estrate\\wt\\passage-playtester\\scripts\\sim\\passage-playthrough.ts',
                old_text="    printedUpTo = state.log.length\n  }\n\n  const sa
fetyMax = (state.journey.totalDays + 1) * 3\n  let safety = safetyMax\n  while 
(state.outcome === 'in-progress' && safety-- > 0) {\n    if (state.pending) {\n
     // A signature encounter is on the table — show it, then choose.\n      fl
ushPlain()\n      const enc = state.pending.encounter\n      const choices = st
ate.pending.choices",
                new_text="    printedUpTo = state.log.length\n  }\n\n  // Repla
y the same state we already built while printing; the play is deterministic\n  
// and cheap, and this keeps the journal builder decoupled from playPassage int
ernals.\n  const safetyMax = (state.journey.totalDays + 1) * 3\n  let safety = 
safetyMax\n  while (state.outcome === 'in-progress' && safety-- > 0) {\n    if 
(state.pending) {\n      flushPlain()\n      const enc = state.pending.encounte
r\n      const choices = state.pending.choices"
            ),
            DiffDisplayBlock(
                type='diff',
                path='C:\\Users\\perry\\DevProjects\\veydria-cartography\\.orch
estrate\\wt\\passage-playtester\\scripts\\sim\\passage-playthrough.ts',
                old_text="        if (o.daysDelta) cost.push(`+${o.daysDelta}d`
)\n        L.push(`       [${i}] ${choices[i].label} (${cost.join(', ') || 'no 
cost'}) [${o.risk ?? 'none'}]`)\n      }\n      const pick = chooseCautious(cho
ices)\n      state = passageChoose(state, pick)\n      emitNewEntries()\n      
continue\n    }\n    const before = state\n    state = passageAct(state, choose
Action(state))\n    if (state === before) break // no-op (stuck)\n    emitNewEn
tries()\n  }\n  flushPlain()",
                new_text="        if (o.daysDelta) cost.push(`+${o.daysDelta}d`
)\n        L.push(`       [${i}] ${choices[i].label} (${cost.join(', ') || 'no 
cost'}) [${o.risk ?? 'none'}]`)\n      }\n      state = playPassage(state, surv
ive, cautious).state\n      emitNewEntries()\n      continue\n    }\n    state 
= playPassage(state, survive, cautious).state\n    emitNewEntries()\n  }\n  flu
shPlain()"
            ),
            DiffDisplayBlock(
                type='diff',
                path='C:\\Users\\perry\\DevProjects\\veydria-cartography\\.orch
estrate\\wt\\passage-playtester\\scripts\\sim\\passage-playthrough.ts',
                old_text="  process.stdout.write(L.join('\\n') + '\\n')\n}\n\nm
ain()",
                new_text="  process.stdout.write(L.join('\\n') + '\\n')\n}\n\n/
/ Need SIGNATURE_CHOICES to filter signature beats in the day log.\nimport { SI
GNATURE_CHOICES } from '../../web/src/utils/passage'\n\nfunction main() {\n  co
nst args = parseArgs(process.argv.slice(2))\n  const graph = loadGraph()\n\n  l
et meta: { from: string; to: string; season: Season; mode: RouteMode; keys: str
ing[] }\n  if (fullySpecified(args)) {\n    meta = { from: args.from, to: args.
to, season: args.season, mode: args.mode, keys: [] }\n  } else {\n    const bes
t = scan(graph)\n    if (!best) {\n      process.stderr.write('No crossing reac
hed a signature choice.\\n')\n      return\n    }\n    process.stderr.write(`Se
lected: ${best.from} → ${best.to} (${best.season}, ${best.mode}) · choices=${be
st.choicesMade} · outcome=${best.outcome}\\n`)\n    meta = best\n  }\n\n  const
opts = makePassageOpts(graph, meta.from, meta.to, meta.season, meta.mode, CARAV
AN_SUPPLY, PASSAGE_PARTY)\n  if (!opts) {\n    process.stderr.write(`No route f
ound for ${meta.from} → ${meta.to}.\\n`)\n    return\n  }\n  meta.keys = signat
ureKeysInState(initPassage(opts))\n  let state = initPassage(opts)\n  // Build 
the full journal by playing it once; printJournal replays deterministically.\n 
state = playOut(state).state\n  printJournal(state, meta)\n}\n\nmain()"
            )
        ],
        extras=None
    )
)
StepBegin(n=13)
ThinkPart(
    type='think',
    think="I have a problem in passage-playthrough.ts: I import SIGNATURE_CHOIC
ES after using it in printJournal. The `import { SIGNATURE_CHOICES }` is placed
after the function definition. In ESM, imports are hoisted, but TypeScript migh
t complain about ordering or it might be fine. Better to move it to the top. Al
so `SIGNATURE_CHOICES` is referenced inside printJournal which is defined befor
e the import. Because ESM hoists, it works at runtime, but TS may flag it. Let 
me move the import to the top and remove the lateI see a problem in passage-pla
ythrough: I import SIGNATURE_CHOICES at the bottom after using it in printJourn
al. The import should be at top. Also, `printJournal` modifies `state` while pr
inting but the `state` passed in is already terminal from `playOut`. Wait, I ca
ll `playOut(state)` first which plays to terminal, then pass that terminal stat
e to printJournal. But printJournal has its own loop that expects `state.outcom
e === 'in-progress'` to work. That's wrong - if state is already terminal, the 
loop won't run.\n\nI need to restructure: either:\n1. Don't pre-play; just pass
initial state to printJournal and let it play and print simultaneously.\n2. Or 
pre-play to get meta (choicesMade/outcome) for scan, then re-init and let print
Journal play.\n\nActually the original did: scan played crossings to find best,
then re-init and played while printing. So I should do the same. In main:\n- If
scan, get best, then re-init opts for best and printJournal plays it.\n- If exp
licit args, init and printJournal plays it.\n\nprintJournal should receive init
ial state and play it while printing. So remove the pre-play in main. But I nee
d to know keys - signatureKeysInState can be computed from initial state.\n\nAl
so fix import order.\n\nLet me rewrite main and printJournal signature. Actuall
y printJournal currently expects to play state. It uses `state` variable and mu
tates it. That's fine. But the state passed should be initial.\n\nAlso I should
remove the `state = playOut(state).state` line in main. And compute keys from i
nitial state.\n\nAlso, the import `import { SIGNATURE_CHOICES } from '../../web
/src/utils/passage'` should be at top. Let me rewrite the file cleanly.",
    encrypted=None
)
ToolCall(
    type='function',
    id='tool_bUrDAFxkwarTfvjkbrVzcdnT',
    function=FunctionBody(
        name='WriteFile',
        arguments='{"path": "C:\\\\Users\\\\perry\\\\DevProjects\\\\veydria-car
tography\\\\.orchestrate\\\\wt\\\\passage-playtester\\\\scripts\\\\sim\\\\passa
ge-playthrough.ts", "content": "/**\\n * passage-playthrough.ts — Readable sing
le-run journal emitter for Passage mode.\\n *\\n * Accepts optional --from --to
--season --mode; with no args it scans for a\\n * choice-rich crossing that arr
ives and prints the journal. All choices are\\n * resolved by the cautious choi
ce policy + survive base policy.\\n *\\n * Run:\\n *   npm run sim:passage-play
\\n *   npm run sim:passage-play -- --from kheshkai --to irrah --season winter 
--mode direct\\n */\\n\\nimport { type Season, type RouteMode } from \'../../we
b/src/utils/journey-graph\'\\nimport { type PassageState, SIGNATURE_CHOICES } f
rom \'../../web/src/utils/passage\'\\nimport {\\n  CIVS,\\n  SEASONS,\\n  CARAV
AN_SUPPLY,\\n  PASSAGE_PARTY,\\n  makePassageOpts,\\n  initPassage,\\n  playPas
sage,\\n  signatureKeysInState,\\n  loadGraph,\\n} from \'./passage-run\'\\nimp
ort { survive, cautious } from \'./passage-policies\'\\n\\nconst r1 = (n: numbe
r) => Math.round(n * 10) / 10\\n\\ninterface CliArgs {\\n  from?: string\\n  to
?: string\\n  season?: Season\\n  mode?: RouteMode\\n}\\n\\nfunction parseArgs(
argv: string[]): CliArgs {\\n  const get = (k: string): string | undefined => {
\\n    const i = argv.indexOf(`--${k}`)\\n    return i >= 0 && i + 1 < argv.len
gth ? argv[i + 1] : undefined\\n  }\\n  return {\\n    from: get(\'from\'),\\n 
  to: get(\'to\'),\\n    season: get(\'season\') as Season | undefined,\\n    m
ode: get(\'mode\') as RouteMode | undefined,\\n  }\\n}\\n\\nfunction fullySpeci
fied(args: CliArgs): args is Required<CliArgs> {\\n  return args.from !== undef
ined && args.to !== undefined && args.season !== undefined && args.mode !== und
efined\\n}\\n\\nfunction playOut(state0: PassageState): { state: PassageState; 
choicesMade: number } {\\n  const { state, choices } = playPassage(state0, surv
ive, cautious)\\n  return { state, choicesMade: choices.length }\\n}\\n\\ntype 
Cand = {\\n  from: string\\n  to: string\\n  season: Season\\n  mode: RouteMode
\\n  keys: string[]\\n  days: number\\n  choicesMade: number\\n  outcome: strin
g\\n}\\n\\nfunction scan(graph: ReturnType<typeof loadGraph>): Cand | null {\\n
 process.stderr.write(\'Scanning crossings for a playable signature choice...\\
\\n\')\\n  const seasons = SEASONS\\n  const modes: RouteMode[] = [\'cheapest\'
, \'fastest\', \'safest\', \'direct\']\\n  const rank = (c: Cand) =>\\n    (c.o
utcome === \'arrived\' ? 1000 : 0) +\\n    c.choicesMade * 100 +\\n    new Set(
c.keys).size * 10 -\\n    Math.min(c.days, 99) * 0.01\\n  let best: Cand | null
= null\\n  for (const from of CIVS) {\\n    for (const to of CIVS) {\\n      if
(from === to) continue\\n      for (const season of seasons) {\\n        for (c
onst mode of modes) {\\n          const opts = makePassageOpts(graph, from, to,
season, mode, CARAVAN_SUPPLY, PASSAGE_PARTY)\\n          if (!opts) continue\\n
         const state0 = initPassage(opts)\\n          const keys = signatureKey
sInState(state0)\\n          if (keys.length === 0) continue\\n          const 
{ state, choicesMade } = playOut(state0)\\n          if (choicesMade === 0) con
tinue\\n          const cand: Cand = {\\n            from,\\n            to,\\n
           season,\\n            mode,\\n            keys,\\n            days: 
state0.journey.totalDays,\\n            choicesMade,\\n            outcome: sta
te.outcome,\\n          }\\n          if (!best || rank(cand) > rank(best)) bes
t = cand\\n        }\\n      }\\n    }\\n  }\\n  return best\\n}\\n\\nfunction 
printJournal(state0: PassageState, meta: { from: string; to: string; season: Se
ason; mode: RouteMode; keys: string[] }) {\\n  let state = state0\\n  const des
tName = state.journey.route.nodes[state.journey.route.nodes.length - 1]?.name ?
? meta.to\\n  const startName = state.journey.route.nodes[0]?.name ?? meta.from
\\n\\n  const L: string[] = []\\n  L.push(\'═══════════════════════════════════
════════════════════════════\')\\n  L.push(`  A PASSAGE: ${startName} → ${destN
ame}`)\\n  L.push(`  ${meta.season}, on foot, normal pace · provisions: 12 rati
ons / 6 water`)\\n  L.push(`  ${r1(state.journey.route.totalKm)} km · ~${state.
journey.totalDays} days · signature beats waiting: ${meta.keys.join(\', \')}`)\
\n  L.push(\'═══════════════════════════════════════════════════════════════\')
\\n  L.push(\'\')\\n\\n  let plainBuf: Array<{ day: number; r: number; w: numbe
r }> = []\\n  const flushPlain = () => {\\n    if (plainBuf.length === 0) retur
n\\n    if (plainBuf.length <= 4) {\\n      for (const p of plainBuf) L.push(` 
Day ${p.day}: the road. (rations ${r1(p.r)} / water ${r1(p.w)})`)\\n    } else 
{\\n      const a = plainBuf[0], b = plainBuf[plainBuf.length - 1]\\n      L.pu
sh(`  Days ${a.day}–${b.day}: steady road, no incident. (rations ${r1(a.r)}→${r
1(b.r)} / water ${r1(a.w)}→${r1(b.w)})`)\\n    }\\n    plainBuf = []\\n  }\\n\\
n  let printedUpTo = 0\\n  const emitNewEntries = () => {\\n    for (let i = pr
intedUpTo; i < state.log.length; i++) {\\n      const e = state.log[i]\\n      
if (e.kind === \'day\') {\\n        const sig = e.day.encounters\\n        cons
t warn = e.supply.warning\\n        const interesting = sig.length > 0 || (warn
&& warn !== \'\')\\n        if (!interesting) {\\n          plainBuf.push({ day
: e.dayLabel, r: e.supply.rationsLeft, w: e.supply.waterLeft })\\n          con
tinue\\n        }\\n        flushPlain()\\n        L.push(`  Day ${e.dayLabel}:
${e.day.campLabel}. ${e.day.weather}`)\\n        for (const enc of e.day.encoun
ters) {\\n          if (enc.key && SIGNATURE_CHOICES[enc.key]) continue // show
n as a choice below\\n          L.push(`     · ${enc.narrative}`)\\n        }\\
n        if (warn && warn !== \'\') L.push(`     ⚠ ${warn}`)\\n        L.push(`
    (rations ${r1(e.supply.rationsLeft)} / water ${r1(e.supply.waterLeft)})`)\\
n      } else if (e.kind === \'wait\') {\\n        flushPlain()\\n        L.pus
h(`  Day ${e.dayLabel} — held: ${e.narrative} (rations ${r1(e.supply.rationsLef
t)} / water ${r1(e.supply.waterLeft)})`)\\n      } else if (e.kind === \'choice
\') {\\n        flushPlain()\\n        L.push(`     ▸ CHOSE: \\"${e.label}\\" [
${e.risk}]`)\\n        L.push(`       ${e.narrative}`)\\n      } else if (e.kin
d === \'ending\') {\\n        flushPlain()\\n        L.push(\'\')\\n        L.p
ush(`  ── ${e.outcome.toUpperCase()} (day ${e.dayLabel}) ──`)\\n        L.push(
`  ${e.narrative}`)\\n      }\\n    }\\n    printedUpTo = state.log.length\\n  
}\\n\\n  const safetyMax = (state.journey.totalDays + 1) * 3\\n  let safety = s
afetyMax\\n  while (state.outcome === \'in-progress\' && safety-- > 0) {\\n    
if (state.pending) {\\n      flushPlain()\\n      const enc = state.pending.enc
ounter\\n      const choices = state.pending.choices\\n      L.push(\'\')\\n   
  L.push(`  ⚑ ENCOUNTER (day ${state.journey.dayNum + state.extraDays + 1}): ${
enc.narrative}`)\\n      for (let i = 0; i < choices.length; i++) {\\n        c
onst o = choices[i].outcome\\n        const cost: string[] = []\\n        if (o
.rationsDelta) cost.push(`${o.rationsDelta} rations`)\\n        if (o.waterDelt
a) cost.push(`${o.waterDelta} water`)\\n        if (o.daysDelta) cost.push(`+${
o.daysDelta}d`)\\n        L.push(`       [${i}] ${choices[i].label} (${cost.joi
n(\', \') || \'no cost\'}) [${o.risk ?? \'none\'}]`)\\n      }\\n      state = 
playPassage(state, survive, cautious).state\\n      emitNewEntries()\\n      co
ntinue\\n    }\\n    state = playPassage(state, survive, cautious).state\\n    
emitNewEntries()\\n  }\\n  flushPlain()\\n\\n  L.push(\'\')\\n  L.push(`  Final
ledger: ${r1(state.journey.rationsLeft)} rations · ${r1(state.journey.waterLeft
)} water · outcome: ${state.outcome}`)\\n  L.push(\'═══════════════════════════
════════════════════════════════════\')\\n\\n  process.stdout.write(L.join(\'\\
\\n\') + \'\\\\n\')\\n}\\n\\nfunction main() {\\n  const args = parseArgs(proce
ss.argv.slice(2))\\n  const graph = loadGraph()\\n\\n  let meta: { from: string
; to: string; season: Season; mode: RouteMode; keys: string[] }\\n  if (fullySp
ecified(args)) {\\n    meta = { from: args.from, to: args.to, season: args.seas
on, mode: args.mode, keys: [] }\\n  } else {\\n    const best = scan(graph)\\n 
  if (!best) {\\n      process.stderr.write(\'No crossing reached a signature c
hoice.\\\\n\')\\n      return\\n    }\\n    process.stderr.write(`Selected: ${b
est.from} → ${best.to} (${best.season}, ${best.mode}) · choices=${best.choicesM
ade} · outcome=${best.outcome}\\\\n`)\\n    meta = best\\n  }\\n\\n  const opts
= makePassageOpts(graph, meta.from, meta.to, meta.season, meta.mode, CARAVAN_SU
PPLY, PASSAGE_PARTY)\\n  if (!opts) {\\n    process.stderr.write(`No route foun
d for ${meta.from} → ${meta.to}.\\\\n`)\\n    return\\n  }\\n  const state0 = i
nitPassage(opts)\\n  meta.keys = signatureKeysInState(state0)\\n  printJournal(
state0, meta)\\n}\\n\\nmain()\\n"}'
    ),
    extras=None
)
StatusUpdate(
    context_usage=0.374542236328125,
    token_usage=TokenUsage(
        input_other=0,
        output=2959,
        input_cache_read=98184,
        input_cache_creation=0
    ),
    message_id='chatcmpl-3Z27L5S5LDSrSulrya0EVVtE'
)
ToolResult(
    tool_call_id='tool_bUrDAFxkwarTfvjkbrVzcdnT',
    return_value=ToolReturnValue(
        is_error=False,
        output='',
        message='File successfully overwritten. Current size: 8877 bytes.',
        display=[
            DiffDisplayBlock(
                type='diff',
                path='C:\\Users\\perry\\DevProjects\\veydria-cartography\\.orch
estrate\\wt\\passage-playtester\\scripts\\sim\\passage-playthrough.ts',
                old_text=" */\n\nimport { type Season, type RouteMode } from '.
./../web/src/utils/journey-graph'\nimport { type PassageState } from '../../web
/src/utils/passage'\nimport {\n  CIVS,\n  SEASONS,",
                new_text=" */\n\nimport { type Season, type RouteMode } from '.
./../web/src/utils/journey-graph'\nimport { type PassageState, SIGNATURE_CHOICE
S } from '../../web/src/utils/passage'\nimport {\n  CIVS,\n  SEASONS,"
            ),
            DiffDisplayBlock(
                type='diff',
                path='C:\\Users\\perry\\DevProjects\\veydria-cartography\\.orch
estrate\\wt\\passage-playtester\\scripts\\sim\\passage-playthrough.ts',
                old_text='  return best\n}\n\nfunction printJournal(state: Pass
ageState, meta: { from: string; to: string; season: Season; mode: RouteMode; ke
ys: string[] }) {\n  const destName = state.journey.route.nodes[state.journey.r
oute.nodes.length - 1]?.name ?? meta.to\n  const startName = state.journey.rout
e.nodes[0]?.name ?? meta.from\n',
                new_text='  return best\n}\n\nfunction printJournal(state0: Pas
sageState, meta: { from: string; to: string; season: Season; mode: RouteMode; k
eys: string[] }) {\n  let state = state0\n  const destName = state.journey.rout
e.nodes[state.journey.route.nodes.length - 1]?.name ?? meta.to\n  const startNa
me = state.journey.route.nodes[0]?.name ?? meta.from\n'
            ),
            DiffDisplayBlock(
                type='diff',
                path='C:\\Users\\perry\\DevProjects\\veydria-cartography\\.orch
estrate\\wt\\passage-playtester\\scripts\\sim\\passage-playthrough.ts',
                old_text="    printedUpTo = state.log.length\n  }\n\n  // Repla
y the same state we already built while printing; the play is deterministic\n  
// and cheap, and this keeps the journal builder decoupled from playPassage int
ernals.\n  const safetyMax = (state.journey.totalDays + 1) * 3\n  let safety = 
safetyMax\n  while (state.outcome === 'in-progress' && safety-- > 0) {",
                new_text="    printedUpTo = state.log.length\n  }\n\n  const sa
fetyMax = (state.journey.totalDays + 1) * 3\n  let safety = safetyMax\n  while 
(state.outcome === 'in-progress' && safety-- > 0) {"
            ),
            DiffDisplayBlock(
                type='diff',
                path='C:\\Users\\perry\\DevProjects\\veydria-cartography\\.orch
estrate\\wt\\passage-playtester\\scripts\\sim\\passage-playthrough.ts',
                old_text="  process.stdout.write(L.join('\\n') + '\\n')\n}\n\n/
/ Need SIGNATURE_CHOICES to filter signature beats in the day log.\nimport { SI
GNATURE_CHOICES } from '../../web/src/utils/passage'\n\nfunction main() {\n  co
nst args = parseArgs(process.argv.slice(2))\n  const graph = loadGraph()",
                new_text="  process.stdout.write(L.join('\\n') + '\\n')\n}\n\nf
unction main() {\n  const args = parseArgs(process.argv.slice(2))\n  const grap
h = loadGraph()"
            ),
            DiffDisplayBlock(
                type='diff',
                path='C:\\Users\\perry\\DevProjects\\veydria-cartography\\.orch
estrate\\wt\\passage-playtester\\scripts\\sim\\passage-playthrough.ts',
                old_text='    process.stderr.write(`No route found for ${meta.f
rom} → ${meta.to}.\\n`)\n    return\n  }\n  meta.keys = signatureKeysInState(in
itPassage(opts))\n  let state = initPassage(opts)\n  // Build the full journal 
by playing it once; printJournal replays deterministically.\n  state = playOut(
state).state\n  printJournal(state, meta)\n}\n\nmain()',
                new_text='    process.stderr.write(`No route found for ${meta.f
rom} → ${meta.to}.\\n`)\n    return\n  }\n  const state0 = initPassage(opts)\n 
meta.keys = signatureKeysInState(state0)\n  printJournal(state0, meta)\n}\n\nma
in()'
            )
        ],
        extras=None
    )
)
StepBegin(n=14)
ThinkPart(
    type='think',
    think='Now implement tests. Need passage-run.test.ts with:\n\n1. Determinis
m of fork: three pinned instances (one each ford, bandits, fever). For each: fo
rkInstance twice, assert identical BranchOutcome[]. Also assert source pending 
state\'s journey.rationsLeft/waterLeft/dayNum unchanged after forking.\n\n2. Me
tric calc on synthetic instance: construct tiny BranchOutcome[] and assert domi
nance / differentiation / impact computations.\n\n3. Known-finding regression: 
\n   - Kheshkai → Irrah, winter, direct: initial encountersByDay buckets bandit
s ≥2×, and includes "Basin customs raid" and "Plague-quarantine" narratives in 
non-interactive severe set.\n   - Kheshkai → Qollari, spring, direct, standard 
supply: playing with survive/cautious reaches terminal perished/aborted with ze
ro signature choices.\n\nFor the determinism test, I need to find crossings tha
t present each signature key. Let me think about how to find them. I can scan o
r use known pairs. The test will run via vitest with access to loadGraph. But s
canning the whole grid for each key in tests might be slow but acceptable. Alte
rnatively, I can hardcode known crossings. But the spec says "pick crossings/se
asons that bucket each" for the determinism test (P19 auto-pick). Actually P19 
says "Auto-pick (P19) is deterministic already (fixed scan order + seeded engin
e)". So I should auto-pick one crossing per key. Let me implement a helper that
scans the grid and returns the first crossing where signatureKeysInState contai
ns the key and makePassageOpts succeeds. Actually to get a pending state, I nee
d to play until a pending encounter. For determinism, I can just play a crossin
g until pending, then fork.\n\nActually, simpler: scan grid for first (from,to,
season,mode) where the initial state has the key, then play it with survive/cau
tious until it hits a pending encounter of that key, then fork. But it might hi
t a different key first. To guarantee the pending is the desired key, I can pla
y until pending and check the key; if not, skip or continue playing? But if the
first pending is a different key, the choice resolution changes state. Hmm.\n\n
Better: scan for a crossing where the first signature encounter (by day) is the
desired key. Since signatureForDay returns the first signature on a day, and pe
nding is set when dayNum+1 has a signature. At init dayNum=0. If day 1 has a si
gnature, that\'s the first pending. But if day 1 has multiple signatures, first
by SIGNATURE_CHOICES order? No, signatureForDay iterates encs in order and retu
rns first with key in SIGNATURE_CHOICES.\n\nAlternatively, I can play the cross
ing and when pending.key matches desired key, fork. If pending.key doesn\'t mat
ch, choose and continue until desired key. But then the state has changed. That
\'s fine for determinism - we just need any pending state of the desired key.\n
\nSimplest: write helper `findFirstPendingOfKey(key)` that scans grid, for each
crossing plays with survive/cautious, and returns the first pending state whose
encounter.key === key. Use a generous safety cap. This auto-picks deterministic
ally because scan order is fixed and engine is deterministic.\n\nBut scanning t
he whole grid for each key is up to 480 crossings × 3 keys = 1440 plays. Each p
lay is fast. Acceptable for tests? Maybe. To be safe, I can scan once and colle
ct one pending per key.\n\nActually, the known-finding regression uses specific
crossings. For determinism, I can use:\n- bandits: Kheshkai → Irrah winter dire
ct (known to bucket bandits ≥2×). Play until a bandits pending.\n- ford: need a
crossing with ford. I can scan.\n- fever: need a crossing with fever. I can sca
n.\n\nLet me write a helper that scans and finds pending for each key. Or just 
scan the whole grid and for each key return first found.\n\nFor the determinism
assertion, I need to check that forkInstance called twice returns identical arr
ays. And that the source pending state\'s rationsLeft/waterLeft/dayNum are unch
anged.\n\nBut note: `forkInstance` calls `passageChoose(pendingState, i)` for e
ach branch. Since passageChoose doesn\'t mutate pendingState, the fields should
be unchanged. But I need to capture them before and after.\n\nLet me write the 
test.\n\nFor the metric test, construct BranchOutcome[] manually.\n\nFor known-
finding regression:\n- Kheshkai→Irrah winter direct: \n  - Make opts, init pass
age. Count bandits fires from initial encountersByDay: assert ≥2.\n  - Collect 
all initial encounters that are moderate/severe and key not in SIGNATURE_CHOICE
S. Assert some have narrative containing "Basin customs raid" and "Plague-quara
ntine" (or exact text? The spec says "Basin customs raid" and "Plague-quarantin
e" narratives. I\'ll check narrative includes those substrings).\n- Kheshkai→Qo
llari spring direct standard supply:\n  - Make opts, init passage, playPassage 
with survive/cautious. Assert state.outcome is perished or aborted. Assert choi
ces.length === 0.\n\nNote: the standard supply death-march might depend on exac
t engine. The spec says it should. If it doesn\'t, I need to verify. Let me tru
st the spec but also verify by running.\n\nNow write tests.',
    encrypted=None
)
ToolCall(
    type='function',
    id='tool_flPVz6xjKAGF1eyHgqUl6vEI',
    function=FunctionBody(
        name='WriteFile',
        arguments='{"path": "C:\\\\Users\\\\perry\\\\DevProjects\\\\veydria-car
tography\\\\.orchestrate\\\\wt\\\\passage-playtester\\\\scripts\\\\sim\\\\passa
ge-run.test.ts", "content": "/**\\n * passage-run.test.ts — Choice-layer harnes
s correctness + known-finding regression.\\n */\\n\\nimport { describe, it, exp
ect } from \'vitest\'\\n\\nimport { SIGNATURE_CHOICES } from \'../../web/src/ut
ils/passage\'\\nimport {\\n  CIVS,\\n  SEASONS,\\n  STANDARD_SUPPLY,\\n  CARAVA
N_SUPPLY,\\n  PASSAGE_PARTY,\\n  makePassageOpts,\\n  initPassage,\\n  playPass
age,\\n  forkInstance,\\n  walkWithForks,\\n  countSignatureFiresPerCrossing,\\
n  allInitialEncounters,\\n  computeInstanceDominance,\\n  computeDifferentiati
on,\\n  countDistinctOutcomes,\\n  median,\\n  loadGraph,\\n} from \'./passage-
run\'\\nimport {\\n  survive,\\n  cautious,\\n  DOWNSTREAM_BASE,\\n  DOWNSTREAM
_CHOICE,\\n} from \'./passage-policies\'\\nimport type { BranchOutcome, Passage
State } from \'./passage-run\'\\nimport type { Season, RouteMode } from \'../..
/web/src/utils/journey-graph\'\\n\\nconst graph = loadGraph()\\n\\n/* ─── Helpe
rs ─── */\\n\\nfunction firstPendingWithKey(key: string): { state: PassageState
; key: string } | null {\\n  const modes: RouteMode[] = [\'direct\', \'cheapest
\', \'fastest\', \'safest\']\\n  for (const from of CIVS) {\\n    for (const to
of CIVS) {\\n      if (from === to) continue\\n      for (const season of SEASO
NS) {\\n        for (const mode of modes) {\\n          const opts = makePassag
eOpts(graph, from, to, season, mode, CARAVAN_SUPPLY, PASSAGE_PARTY)\\n         
if (!opts) continue\\n          let state = initPassage(opts)\\n          const
cap = (state.journey.totalDays + 1) * 3\\n          let safety = cap\\n        
 while (state.outcome === \'in-progress\' && safety-- > 0) {\\n            if (
state.pending) {\\n              if (state.pending.encounter.key === key) {\\n 
              return { state, key }\\n              }\\n              state = p
layPassage(state, survive, cautious).state\\n              continue\\n         
  }\\n            const before = state\\n            state = playPassage(state,
survive, cautious).state\\n            if (state === before) break\\n          
}\\n        }\\n      }\\n    }\\n  }\\n  return null\\n}\\n\\n/* ─── Determini
sm of fork ─── */\\n\\ndescribe(\'fork determinism\', () => {\\n  for (const ke
y of Object.keys(SIGNATURE_CHOICES)) {\\n    it(`forkInstance is deterministic 
and non-mutating for ${key}`, () => {\\n      const found = firstPendingWithKey
(key)\\n      expect(found).not.toBeNull()\\n      const pending = found!.state
\\n      const before = {\\n        rationsLeft: pending.journey.rationsLeft,\\
n        waterLeft: pending.journey.waterLeft,\\n        dayNum: pending.journe
y.dayNum,\\n      }\\n      const run1 = forkInstance(pending, DOWNSTREAM_BASE,
DOWNSTREAM_CHOICE)\\n      const run2 = forkInstance(pending, DOWNSTREAM_BASE, 
DOWNSTREAM_CHOICE)\\n      expect(run1).toEqual(run2)\\n      expect(pending.jo
urney.rationsLeft).toBe(before.rationsLeft)\\n      expect(pending.journey.wate
rLeft).toBe(before.waterLeft)\\n      expect(pending.journey.dayNum).toBe(befor
e.dayNum)\\n    })\\n  }\\n})\\n\\n/* ─── Metric helpers ─── */\\n\\ndescribe(\
'metric helpers on synthetic branches\', () => {\\n  const branches: BranchOutc
ome[] = [\\n    { index: 0, label: \'A\', risk: \'none\', outcome: \'arrived\',
finalRations: 8, finalWater: 4, totalDays: 12 },\\n    { index: 1, label: \'B\'
, risk: \'minor\', outcome: \'arrived\', finalRations: 6, finalWater: 5, totalD
ays: 11 },\\n    { index: 2, label: \'C\', risk: \'grave\', outcome: \'perished
\', finalRations: 2, finalWater: 1, totalDays: 9 },\\n  ]\\n\\n  it(\'dominance
picks branch that is ≥ others on arrived/water/rations\', () => {\\n    const d
om = computeInstanceDominance(branches)\\n    // Branch A dominates: arrived ti
e, water not best, rations best, and is ≥ on all axes vs B and C.\\n    expect(
dom.dominantIndex).toBe(0)\\n  })\\n\\n  it(\'dead branches are those best-on-n
o-axis\', () => {\\n    const dom = computeInstanceDominance(branches)\\n    //
Branch A best rations, B best water, C best days (ignored) but not best on any 
counted axis.\\n    expect(dom.bestOnAnyAxis.has(0)).toBe(true)\\n    expect(do
m.bestOnAnyAxis.has(1)).toBe(true)\\n    expect(dom.bestOnAnyAxis.has(2)).toBe(
false)\\n  })\\n\\n  it(\'differentiation computes max-min ranges\', () => {\\n
   const diff = computeDifferentiation(branches)\\n    expect(diff.waterRange).
toBe(5 - 1)\\n    expect(diff.rationsRange).toBe(8 - 2)\\n  })\\n\\n  it(\'impa
ct counts distinct outcomes\', () => {\\n    expect(countDistinctOutcomes(branc
hes)).toBe(2)\\n  })\\n\\n  it(\'median handles odd and even counts\', () => {\
\n    expect(median([1, 2, 3])).toBe(2)\\n    expect(median([1, 2, 3, 4])).toBe
(2.5)\\n    expect(median([])).toBe(0)\\n  })\\n})\\n\\n/* ─── Known-finding re
gression ─── */\\n\\ndescribe(\'known-finding regression\', () => {\\n  it(\'Kh
eshkai → Irrah, winter, direct buckets bandits ≥2× and lists customs raid + pla
gue quarantine as non-interactive severe beats\', () => {\\n    const opts = ma
kePassageOpts(graph, \'kheshkai\', \'irrah\', \'winter\', \'direct\', STANDARD_
SUPPLY, PASSAGE_PARTY)\\n    expect(opts).not.toBeNull()\\n    const state0 = i
nitPassage(opts!)\\n    const fires = countSignatureFiresPerCrossing(state0)\\n
   expect((fires.get(\'bandits\') ?? 0)).toBeGreaterThanOrEqual(2)\\n\\n    con
st signatureKeys = new Set(Object.keys(SIGNATURE_CHOICES))\\n    const nonInter
activeSevere = allInitialEncounters(state0).filter(\\n      e => (e.severity ==
= \'moderate\' || e.severity === \'severe\') && !(e.key && signatureKeys.has(e.
key)),\\n    )\\n    const narratives = nonInteractiveSevere.map(e => e.narrati
ve)\\n    expect(narratives.some(n => n.includes(\'Basin customs raid\'))).toBe
(true)\\n    expect(narratives.some(n => n.includes(\'Plague-quarantine\'))).to
Be(true)\\n  })\\n\\n  it(\'Kheshkai → Qollari, spring, direct, standard supply
dies/aborts with zero signature choices\', () => {\\n    const opts = makePassa
geOpts(graph, \'kheshkai\', \'qollari\', \'spring\', \'direct\', STANDARD_SUPPL
Y, PASSAGE_PARTY)\\n    expect(opts).not.toBeNull()\\n    const state0 = initPa
ssage(opts!)\\n    const { state, choices } = playPassage(state0, survive, caut
ious)\\n    expect([\'perished\', \'aborted\']).toContain(state.outcome)\\n    
expect(choices.length).toBe(0)\\n  })\\n})\\n\\n/* ─── walkWithForks smoke ─── 
*/\\n\\ndescribe(\'walkWithForks\', () => {\\n  it(\'records an instance for ea
ch signature choice presented by the baseline\', () => {\\n    const opts = mak
ePassageOpts(graph, \'kheshkai\', \'irrah\', \'winter\', \'direct\', CARAVAN_SU
PPLY, PASSAGE_PARTY)\\n    expect(opts).not.toBeNull()\\n    const state0 = ini
tPassage(opts!)\\n    const { finalState, instances } = walkWithForks(\\n      
state0,\\n      survive,\\n      cautious,\\n      DOWNSTREAM_BASE,\\n      DOW
NSTREAM_CHOICE,\\n    )\\n    expect(finalState.outcome).not.toBe(\'in-progress
\')\\n    expect(instances.length).toBeGreaterThan(0)\\n    for (const inst of 
instances) {\\n      expect(inst.branches.length).toBeGreaterThan(1)\\n      ex
pect(inst.baselineChosen).toBeGreaterThanOrEqual(0)\\n      expect(inst.baselin
eChosen).toBeLessThan(inst.offered)\\n    }\\n  })\\n})\\n"}'
    ),
    extras=None
)
StatusUpdate(
    context_usage=0.3859596252441406,
    token_usage=TokenUsage(
        input_other=1081,
        output=3224,
        input_cache_read=100096,
        input_cache_creation=0
    ),
    message_id='chatcmpl-5i0V4zfn2mrZa5XVaa4NBVqT'
)
ToolResult(
    tool_call_id='tool_flPVz6xjKAGF1eyHgqUl6vEI',
    return_value=ToolReturnValue(
        is_error=False,
        output='',
        message='File successfully overwritten. Current size: 6937 bytes.',
        display=[
            DiffDisplayBlock(
                type='diff',
                path='C:\\Users\\perry\\DevProjects\\veydria-cartography\\.orch
estrate\\wt\\passage-playtester\\scripts\\sim\\passage-run.test.ts',
                old_text='',
                new_text="/**\n * passage-run.test.ts — Choice-layer harness co
rrectness + known-finding regression.\n */\n\nimport { describe, it, expect } f
rom 'vitest'\n\nimport { SIGNATURE_CHOICES } from '../../web/src/utils/passage'
\nimport {\n  CIVS,\n  SEASONS,\n  STANDARD_SUPPLY,\n  CARAVAN_SUPPLY,\n  PASSA
GE_PARTY,\n  makePassageOpts,\n  initPassage,\n  playPassage,\n  forkInstance,\
n  walkWithForks,\n  countSignatureFiresPerCrossing,\n  allInitialEncounters,\n
 computeInstanceDominance,\n  computeDifferentiation,\n  countDistinctOutcomes,
\n  median,\n  loadGraph,\n} from './passage-run'\nimport {\n  survive,\n  caut
ious,\n  DOWNSTREAM_BASE,\n  DOWNSTREAM_CHOICE,\n} from './passage-policies'\ni
mport type { BranchOutcome, PassageState } from './passage-run'\nimport type { 
Season, RouteMode } from '../../web/src/utils/journey-graph'\n\nconst graph = l
oadGraph()\n\n/* ─── Helpers ─── */\n\nfunction firstPendingWithKey(key: string
): { state: PassageState; key: string } | null {\n  const modes: RouteMode[] = 
['direct', 'cheapest', 'fastest', 'safest']\n  for (const from of CIVS) {\n    
for (const to of CIVS) {\n      if (from === to) continue\n      for (const sea
son of SEASONS) {\n        for (const mode of modes) {\n          const opts = 
makePassageOpts(graph, from, to, season, mode, CARAVAN_SUPPLY, PASSAGE_PARTY)\n
         if (!opts) continue\n          let state = initPassage(opts)\n        
 const cap = (state.journey.totalDays + 1) * 3\n          let safety = cap\n   
      while (state.outcome === 'in-progress' && safety-- > 0) {\n            if
(state.pending) {\n              if (state.pending.encounter.key === key) {\n  
             return { state, key }\n              }\n              state = play
Passage(state, survive, cautious).state\n              continue\n            }\
n            const before = state\n            state = playPassage(state, survi
ve, cautious).state\n            if (state === before) break\n          }\n    
   }\n      }\n    }\n  }\n  return null\n}\n\n/* ─── Determinism of fork ─── *
/\n\ndescribe('fork determinism', () => {\n  for (const key of Object.keys(SIGN
ATURE_CHOICES)) {\n    it(`forkInstance is deterministic and non-mutating for $
{key}`, () => {\n      const found = firstPendingWithKey(key)\n      expect(fou
nd).not.toBeNull()\n      const pending = found!.state\n      const before = {\
n        rationsLeft: pending.journey.rationsLeft,\n        waterLeft: pending.
journey.waterLeft,\n        dayNum: pending.journey.dayNum,\n      }\n      con
st run1 = forkInstance(pending, DOWNSTREAM_BASE, DOWNSTREAM_CHOICE)\n      cons
t run2 = forkInstance(pending, DOWNSTREAM_BASE, DOWNSTREAM_CHOICE)\n      expec
t(run1).toEqual(run2)\n      expect(pending.journey.rationsLeft).toBe(before.ra
tionsLeft)\n      expect(pending.journey.waterLeft).toBe(before.waterLeft)\n   
  expect(pending.journey.dayNum).toBe(before.dayNum)\n    })\n  }\n})\n\n/* ───
Metric helpers ─── */\n\ndescribe('metric helpers on synthetic branches', () =>
{\n  const branches: BranchOutcome[] = [\n    { index: 0, label: 'A', risk: 'no
ne', outcome: 'arrived', finalRations: 8, finalWater: 4, totalDays: 12 },\n    
{ index: 1, label: 'B', risk: 'minor', outcome: 'arrived', finalRations: 6, fin
alWater: 5, totalDays: 11 },\n    { index: 2, label: 'C', risk: 'grave', outcom
e: 'perished', finalRations: 2, finalWater: 1, totalDays: 9 },\n  ]\n\n  it('do
minance picks branch that is ≥ others on arrived/water/rations', () => {\n    c
onst dom = computeInstanceDominance(branches)\n    // Branch A dominates: arriv
ed tie, water not best, rations best, and is ≥ on all axes vs B and C.\n    exp
ect(dom.dominantIndex).toBe(0)\n  })\n\n  it('dead branches are those best-on-n
o-axis', () => {\n    const dom = computeInstanceDominance(branches)\n    // Br
anch A best rations, B best water, C best days (ignored) but not best on any co
unted axis.\n    expect(dom.bestOnAnyAxis.has(0)).toBe(true)\n    expect(dom.be
stOnAnyAxis.has(1)).toBe(true)\n    expect(dom.bestOnAnyAxis.has(2)).toBe(false
)\n  })\n\n  it('differentiation computes max-min ranges', () => {\n    const d
iff = computeDifferentiation(branches)\n    expect(diff.waterRange).toBe(5 - 1)
\n    expect(diff.rationsRange).toBe(8 - 2)\n  })\n\n  it('impact counts distin
ct outcomes', () => {\n    expect(countDistinctOutcomes(branches)).toBe(2)\n  }
)\n\n  it('median handles odd and even counts', () => {\n    expect(median([1, 
2, 3])).toBe(2)\n    expect(median([1, 2, 3, 4])).toBe(2.5)\n    expect(median(
[])).toBe(0)\n  })\n})\n\n/* ─── Known-finding regression ─── */\n\ndescribe('k
nown-finding regression', () => {\n  it('Kheshkai → Irrah, winter, direct bucke
ts bandits ≥2× and lists customs raid + plague quarantine as non-interactive se
vere beats', () => {\n    const opts = makePassageOpts(graph, 'kheshkai', 'irra
h', 'winter', 'direct', STANDARD_SUPPLY, PASSAGE_PARTY)\n    expect(opts).not.t
oBeNull()\n    const state0 = initPassage(opts!)\n    const fires = countSignat
ureFiresPerCrossing(state0)\n    expect((fires.get('bandits') ?? 0)).toBeGreate
rThanOrEqual(2)\n\n    const signatureKeys = new Set(Object.keys(SIGNATURE_CHOI
CES))\n    const nonInteractiveSevere = allInitialEncounters(state0).filter(\n 
    e => (e.severity === 'moderate' || e.severity === 'severe') && !(e.key && s
ignatureKeys.has(e.key)),\n    )\n    const narratives = nonInteractiveSevere.m
ap(e => e.narrative)\n    expect(narratives.some(n => n.includes('Basin customs
raid'))).toBe(true)\n    expect(narratives.some(n => n.includes('Plague-quarant
ine'))).toBe(true)\n  })\n\n  it('Kheshkai → Qollari, spring, direct, standard 
supply dies/aborts with zero signature choices', () => {\n    const opts = make
PassageOpts(graph, 'kheshkai', 'qollari', 'spring', 'direct', STANDARD_SUPPLY, 
PASSAGE_PARTY)\n    expect(opts).not.toBeNull()\n    const state0 = initPassage
(opts!)\n    const { state, choices } = playPassage(state0, survive, cautious)\
n    expect(['perished', 'aborted']).toContain(state.outcome)\n    expect(choic
es.length).toBe(0)\n  })\n})\n\n/* ─── walkWithForks smoke ─── */\n\ndescribe('
walkWithForks', () => {\n  it('records an instance for each signature choice pr
esented by the baseline', () => {\n    const opts = makePassageOpts(graph, 'khe
shkai', 'irrah', 'winter', 'direct', CARAVAN_SUPPLY, PASSAGE_PARTY)\n    expect
(opts).not.toBeNull()\n    const state0 = initPassage(opts!)\n    const { final
State, instances } = walkWithForks(\n      state0,\n      survive,\n      cauti
ous,\n      DOWNSTREAM_BASE,\n      DOWNSTREAM_CHOICE,\n    )\n    expect(final
State.outcome).not.toBe('in-progress')\n    expect(instances.length).toBeGreate
rThan(0)\n    for (const inst of instances) {\n      expect(inst.branches.lengt
h).toBeGreaterThan(1)\n      expect(inst.baselineChosen).toBeGreaterThanOrEqual
(0)\n      expect(inst.baselineChosen).toBeLessThan(inst.offered)\n    }\n  })\
n})"
            )
        ],
        extras=None
    )
)
StepBegin(n=15)
ThinkPart(
    type='think',
    think='Now update package.json to add scripts.',
    encrypted=None
)
ToolCall(
    type='function',
    id='tool_Q5ZA69uBfuBaIuLTpJIW5Xqu',
    function=FunctionBody(
        name='StrReplaceFile',
        arguments='{"path": "C:\\\\Users\\\\perry\\\\DevProjects\\\\veydria-car
tography\\\\.orchestrate\\\\wt\\\\passage-playtester\\\\web\\\\package.json", "
edit": {"old": "    \\"sim:fun-report\\": \\"vite-node ../scripts/sim/sim-fun-r
eport.ts --\\",\\n    \\"sim:regret-model\\": \\"vite-node ../scripts/sim/sim-r
egret-model.ts --\\",\\n", "new": "    \\"sim:fun-report\\": \\"vite-node ../sc
ripts/sim/sim-fun-report.ts --\\",\\n    \\"sim:passage\\": \\"vite-node ../scr
ipts/sim/sim-passage-report.ts --\\",\\n    \\"sim:passage-play\\": \\"vite-nod
e ../scripts/sim/passage-playthrough.ts --\\",\\n    \\"sim:regret-model\\": \\
"vite-node ../scripts/sim/sim-regret-model.ts --\\",\\n"}}'
    ),
    extras=None
)
StatusUpdate(
    context_usage=0.3983879089355469,
    token_usage=TokenUsage(
        input_other=3315,
        output=200,
        input_cache_read=101120,
        input_cache_creation=0
    ),
    message_id='chatcmpl-JRaAv34B2Ha5dpwwa8EH4GPB'
)
ToolResult(
    tool_call_id='tool_Q5ZA69uBfuBaIuLTpJIW5Xqu',
    return_value=ToolReturnValue(
        is_error=False,
        output='',
        message='File successfully edited. Applied 1 edit(s) with 1 total repla
cement(s).',
        display=[
            DiffDisplayBlock(
                type='diff',
                path='C:\\Users\\perry\\DevProjects\\veydria-cartography\\.orch
estrate\\wt\\passage-playtester\\web\\package.json',
                old_text='    "sim:batch": "vite-node ../scripts/sim/sim-batch.
ts --",\n    "sim:policy-report": "vite-node ../scripts/sim/sim-policy-report.t
s --",\n    "sim:fun-report": "vite-node ../scripts/sim/sim-fun-report.ts --",\
n    "sim:regret-model": "vite-node ../scripts/sim/sim-regret-model.ts --",\n  
 "test": "vitest run",\n    "test:watch": "vitest",',
                new_text='    "sim:batch": "vite-node ../scripts/sim/sim-batch.
ts --",\n    "sim:policy-report": "vite-node ../scripts/sim/sim-policy-report.t
s --",\n    "sim:fun-report": "vite-node ../scripts/sim/sim-fun-report.ts --",\
n    "sim:passage": "vite-node ../scripts/sim/sim-passage-report.ts --",\n    "
sim:passage-play": "vite-node ../scripts/sim/passage-playthrough.ts --",\n    "
sim:regret-model": "vite-node ../scripts/sim/sim-regret-model.ts --",\n    "tes
t": "vitest run",\n    "test:watch": "vitest",'
            )
        ],
        extras=None
    )
)
StepBegin(n=16)
ThinkPart(
    type='think',
    think='Now update todos and run typecheck/tests.',
    encrypted=None
)
ToolCall(
    type='function',
    id='tool_NP4Zcjkmnucw3nUsKYfxveKe',
    function=FunctionBody(
        name='SetTodoList',
        arguments='{"todos": [{"title": "Implement passage-run.ts core runner +
fork logic", "status": "done"}, {"title": "Implement passage-policies.ts regist
ry", "status": "done"}, {"title": "Implement sim-passage-report.ts batch evalua
tor", "status": "done"}, {"title": "Generalize passage-playthrough.ts", "status
": "done"}, {"title": "Implement passage-run.test.ts tests", "status": "done"},
{"title": "Add package.json scripts", "status": "done"}, {"title": "Run tests +
report CLI acceptance", "status": "in_progress"}]}'
    ),
    extras=None
)
ToolResult(
    tool_call_id='tool_NP4Zcjkmnucw3nUsKYfxveKe',
    return_value=ToolReturnValue(
        is_error=False,
        output='',
        message='Todo list updated',
        display=[
            TodoDisplayBlock(
                type='todo',
                items=[
                    TodoDisplayItem(
                        title='Implement passage-run.ts core runner + fork logi
c',
                        status='done'
                    ),
                    TodoDisplayItem(
                        title='Implement passage-policies.ts registry',
                        status='done'
                    ),
                    TodoDisplayItem(
                        title='Implement sim-passage-report.ts batch evaluator'
,
                        status='done'
                    ),
                    TodoDisplayItem(
                        title='Generalize passage-playthrough.ts',
                        status='done'
                    ),
                    TodoDisplayItem(
                        title='Implement passage-run.test.ts tests',
                        status='done'
                    ),
                    TodoDisplayItem(
                        title='Add package.json scripts',
                        status='done'
                    ),
                    TodoDisplayItem(
                        title='Run tests + report CLI acceptance',
                        status='in_progress'
                    )
                ]
            )
        ],
        extras=None
    )
)
StatusUpdate(
    context_usage=0.3993034362792969,
    token_usage=TokenUsage(
        input_other=483,
        output=150,
        input_cache_read=104192,
        input_cache_creation=0
    ),
    message_id='chatcmpl-3htsuyYihAbnjDRxDtaYjI0s'
)
StepBegin(n=17)
ThinkPart(
    type='think',
    think='Now run typecheck first. The project uses `tsc -b` in web/package.js
on build. Let me run it from web directory.',
    encrypted=None
)
ToolCall(
    type='function',
    id='tool_Hj5zRUziJuthtgDtIqZGxJUb',
    function=FunctionBody(
        name='Shell',
        arguments='{"command": "cd C:\\\\Users\\\\perry\\\\DevProjects\\\\veydr
ia-cartography\\\\.orchestrate\\\\wt\\\\passage-playtester\\\\web && npm run bu
ild 2>&1 | head -100", "timeout": 120}'
    ),
    extras=None
)
StatusUpdate(
    context_usage=0.3999786376953125,
    token_usage=TokenUsage(
        input_other=404,
        output=94,
        input_cache_read=104448,
        input_cache_creation=0
    ),
    message_id='chatcmpl-0RtS5RutqMGeaW4nPzAAwLbX'
)
ToolResult(
    tool_call_id='tool_Hj5zRUziJuthtgDtIqZGxJUb',
    return_value=ToolReturnValue(
        is_error=True,
        output="At line:1 char:90\r\n+ ... veydria-cartography\\.orchestrate\\w
t\\passage-playtester\\web && npm run ...\r\n+                                 
                              ~~\r\nThe token '&&' is not a valid statement sep
arator in this version.\r\n    + CategoryInfo          : ParserError: (:) [], P
arentContainsErrorRecordException\r\n    + FullyQualifiedErrorId : InvalidEndOf
Line\r\n \r\n",
        message='Command failed with exit code: 1.',
        display=[
            BriefDisplayBlock(type='brief', text='Failed with exit code: 1')
        ],
        extras=None
    )
)
StepBegin(n=18)
ThinkPart(
    type='think',
    think='PowerShell uses `;` not `&&`. Let me fix.',
    encrypted=None
)
ToolCall(
    type='function',
    id='tool_0poSqSyek4xnxfY7a9JZ5BwM',
    function=FunctionBody(
        name='Shell',
        arguments='{"command": "cd C:\\\\Users\\\\perry\\\\DevProjects\\\\veydr
ia-cartography\\\\.orchestrate\\\\wt\\\\passage-playtester\\\\web; npm run buil
d 2>&1 | head -100", "timeout": 120}'
    ),
    extras=None
)
StatusUpdate(
    context_usage=0.40077972412109375,
    token_usage=TokenUsage(
        input_other=358,
        output=79,
        input_cache_read=104704,
        input_cache_creation=0
    ),
    message_id='chatcmpl-3hoJLEgJZ6gjKtq5WhX8cGhq'
)
ToolResult(
    tool_call_id='tool_0poSqSyek4xnxfY7a9JZ5BwM',
    return_value=ToolReturnValue(
        is_error=False,
        output='\r\n> veydria-cartography-web@0.1.0 build\r\n> tsc -b && vite b
uild\r\n\r\n\x1b[36mvite v6.4.2 \x1b[32mbuilding for production...\x1b[36m\x1b[
39m\r\ntransforming...\r\n\x1b[32m???\x1b[39m 724 modules transformed.\r\nrende
ring chunks...\r\ncomputing gzip size...\r\n\x1b[2mdist2/\x1b[22m\x1b[32mindex.
html                            \x1b[39m\x1b[1m\x1b[2m  1.27 kB\x1b[22m\x1b[1m\
x1b[22m\x1b[2m ??? gzip:   0.53 kB\x1b[22m\r\n\x1b[2mdist2/\x1b[22m\x1b[35masse
ts/index-CSUsOKs5.css             \x1b[39m\x1b[1m\x1b[2m144.50 kB\x1b[22m\x1b[1
m\x1b[22m\x1b[2m ??? gzip:  27.09 kB\x1b[22m\r\n\x1b[2mdist2/\x1b[22m\x1b[36mas
sets/index-BWH5nXaf.js              \x1b[39m\x1b[1m\x1b[2m  0.28 kB\x1b[22m\x1b
[1m\x1b[22m\x1b[2m ??? gzip:   0.18 kB\x1b[22m\r\n\x1b[2mdist2/\x1b[22m\x1b[36m
assets/tauri-campaign-io-CruFMUEq.js  \x1b[39m\x1b[1m\x1b[2m  0.60 kB\x1b[22m\x
1b[1m\x1b[22m\x1b[2m ??? gzip:   0.40 kB\x1b[22m\r\n\x1b[2mdist2/\x1b[22m\x1b[3
6massets/core-RciSkj6z.js               \x1b[39m\x1b[1m\x1b[2m  0.78 kB\x1b[22m
\x1b[1m\x1b[22m\x1b[2m ??? gzip:   0.43 kB\x1b[22m\r\n\x1b[2mdist2/\x1b[22m\x1b
[36massets/tauri-file-export-BgyTsPr4.js  \x1b[39m\x1b[1m\x1b[2m  0.88 kB\x1b[2
2m\x1b[1m\x1b[22m\x1b[2m ??? gzip:   0.46 kB\x1b[22m\r\n\x1b[2mdist2/\x1b[22m\x
1b[36massets/tauri-fs-ops-BiJ5W1Gd.js       \x1b[39m\x1b[1m\x1b[2m  4.49 kB\x1b
[22m\x1b[1m\x1b[22m\x1b[2m ??? gzip:   1.74 kB\x1b[22m\r\n\x1b[2mdist2/\x1b[22m
\x1b[36massets/campaign-log-B1VcVxLK.js       \x1b[39m\x1b[1m\x1b[2m  5.45 kB\x
1b[22m\x1b[1m\x1b[22m\x1b[2m ??? gzip:   2.41 kB\x1b[22m\r\n\x1b[2mdist2/\x1b[2
2m\x1b[36massets/html-to-image-Br7REqB6.js      \x1b[39m\x1b[1m\x1b[2m 12.99 kB
\x1b[22m\x1b[1m\x1b[22m\x1b[2m ??? gzip:   5.18 kB\x1b[22m\r\n\x1b[2mdist2/\x1b
[22m\x1b[36massets/tauri-lifecycle-DiCzRtHg.js    \x1b[39m\x1b[1m\x1b[2m 14.69 
kB\x1b[22m\x1b[1m\x1b[22m\x1b[2m ??? gzip:   3.72 kB\x1b[22m\r\n\x1b[2mdist2/\x
1b[22m\x1b[36massets/journey-days-DdzJ0kmN.js       \x1b[39m\x1b[1m\x1b[2m 29.6
8 kB\x1b[22m\x1b[1m\x1b[22m\x1b[2m ??? gzip:  10.35 kB\x1b[22m\r\n\x1b[2mdist2/
\x1b[22m\x1b[36massets/d3-B1OIRLvg.js                 \x1b[39m\x1b[1m\x1b[2m 43
.37 kB\x1b[22m\x1b[1m\x1b[22m\x1b[2m ??? gzip:  14.32 kB\x1b[22m\r\n\x1b[2mdist
2/\x1b[22m\x1b[36massets/JourneyPlanner-DS4rsKnB.js     \x1b[39m\x1b[1m\x1b[2m 
78.22 kB\x1b[22m\x1b[1m\x1b[22m\x1b[2m ??? gzip:  22.03 kB\x1b[22m\r\n\x1b[2mdi
st2/\x1b[22m\x1b[36massets/leaflet-BIh3c85a.js            \x1b[39m\x1b[1m\x1b[2
m161.62 kB\x1b[22m\x1b[1m\x1b[22m\x1b[2m ??? gzip:  47.38 kB\x1b[22m\r\n\x1b[2m
dist2/\x1b[22m\x1b[36massets/index-DX6iYWjL.js              \x1b[39m\x1b[1m\x1b
[33m530.05 kB\x1b[39m\x1b[22m\x1b[2m ??? gzip: 165.52 kB\x1b[22m\r\nnode.exe : 
\x1b[33m\r\nAt C:\\Program Files\\nodejs\\npm.ps1:29 char:3\r\n+   & $NODE_EXE 
$NPM_CLI_JS $args\r\n+   ~~~~~~~~~~~~~~~~~~~~~~~~~~~~~\r\n    + CategoryInfo   
      : NotSpecified: (\x1b[33m:String) [], RemoteException\r\n    + FullyQuali
fiedErrorId : NativeCommandError\r\n \r\n(!) Some chunks are larger than 500 kB
after minification. Consider:\r\n- Using dynamic import() to code-split the app
lication\r\n- Use build.rollupOptions.output.manualChunks to improve chunking: 
\r\nhttps://rollupjs.org/configuration-options/#output-manualchunks\r\n- Adjust
chunk size limit for this warning via build.chunkSizeWarningLimit.\x1b[39m\r\n\
x1b[32m??? built in 12.33s\x1b[39m\r\n',
        message='Command executed successfully.',
        display=[],
        extras=None
    )
)
StepBegin(n=19)
ThinkPart(
    type='think',
    think='Build succeeded (only chunk size warning). Now run the new tests.',
    encrypted=None
)
ToolCall(
    type='function',
    id='tool_5P8WMfY4QKK9ANpdCCTxn28Q',
    function=FunctionBody(
        name='Shell',
        arguments='{"command": "cd C:\\\\Users\\\\perry\\\\DevProjects\\\\veydr
ia-cartography\\\\.orchestrate\\\\wt\\\\passage-playtester\\\\web; npx vitest r
un --reporter=verbose ../scripts/sim/passage-run.test.ts 2>&1 | tail -80", "tim
eout": 180}'
    ),
    extras=None
)
StatusUpdate(
    context_usage=0.4058341979980469,
    token_usage=TokenUsage(
        input_other=1427,
        output=94,
        input_cache_read=104960,
        input_cache_creation=0
    ),
    message_id='chatcmpl-ABiGL9AqJj6TrvU4CoT55ZuJ'
)
ToolResult(
    tool_call_id='tool_5P8WMfY4QKK9ANpdCCTxn28Q',
    return_value=ToolReturnValue(
        is_error=True,
        output="    \x1b[90m 49| \x1b[39m          \x1b[35mlet\x1b[39m state \x
1b[33m=\x1b[39m \x1b[34minitPassage\x1b[39m(opts)\r\n    \x1b[90m   | \x1b[39m 
                    \x1b[31m^\x1b[39m\r\n    \x1b[90m 50| \x1b[39m          \x1
b[35mconst\x1b[39m cap \x1b[33m=\x1b[39m (state\x1b[33m.\x1b[39mjourney\x1b[33m
.\x1b[39mtotalDays \x1b[33m+\x1b[39m \r\n\x1b[34m1\x1b[39m) \x1b[33m*\x1b[39m \
x1b[34m3\x1b[39m\r\n    \x1b[90m 51| \x1b[39m          \x1b[35mlet\x1b[39m safe
ty \x1b[33m=\x1b[39m cap\r\n\x1b[90m \x1b[2m???\x1b[22m ../scripts/sim/passage-
run.test.ts:\x1b[2m76:21\x1b[22m\x1b[39m\r\n\r\n\x1b[31m\x1b[2m????????????????
????????????????????????????????????????????????????????[1/7]???\x1b[22m\x1b[39
m\r\n\r\n\x1b[31m\x1b[1m\x1b[7m FAIL \x1b[27m\x1b[22m\x1b[39m ../scripts/sim/pa
ssage-run.test.ts\x1b[2m > \x1b[22mmetric helpers on synthetic \r\nbranches\x1b
[2m > \x1b[22mdominance picks branch that is ??? others on arrived/water/ration
s\r\n\x1b[31m\x1b[1mAssertionError\x1b[22m: expected null to be +0 // Object.is
equality\x1b[39m\r\n\r\n\x1b[32m- Expected:\x1b[39m \r\n0\r\n\r\n\x1b[31m+ Rece
ived:\x1b[39m \r\nnull\r\n\r\n\x1b[36m \x1b[2m???\x1b[22m ../scripts/sim/passag
e-run.test.ts:\x1b[2m106:31\x1b[22m\x1b[39m\r\n    \x1b[90m104| \x1b[39m    \x1
b[35mconst\x1b[39m dom \x1b[33m=\x1b[39m \x1b[34mcomputeInstanceDominance\x1b[3
9m(branches)\r\n    \x1b[90m105| \x1b[39m    \x1b[90m// Branch A dominates: arr
ived tie, water not best, rations best, \x1b[39m???\r\n    \x1b[90m106| \x1b[39
m    \x1b[34mexpect\x1b[39m(dom\x1b[33m.\x1b[39mdominantIndex)\x1b[33m.\x1b[39m
\x1b[34mtoBe\x1b[39m(\x1b[34m0\x1b[39m)\r\n    \x1b[90m   | \x1b[39m           
                  \x1b[31m^\x1b[39m\r\n    \x1b[90m107| \x1b[39m  })\r\n    \x1
b[90m108| \x1b[39m\r\n\r\n\x1b[31m\x1b[2m??????????????????????????????????????
??????????????????????????????????[2/7]???\x1b[22m\x1b[39m\r\n\r\n\x1b[31m\x1b[
1m\x1b[7m FAIL \x1b[27m\x1b[22m\x1b[39m ../scripts/sim/passage-run.test.ts\x1b[
2m > \x1b[22mknown-finding regression\x1b[2m > \r\n\x1b[22mKheshkai ??? Irrah, 
winter, direct buckets bandits ???2?? and lists customs raid + plague quarantin
e as \r\nnon-interactive severe beats\r\n\x1b[31m\x1b[1mTypeError\x1b[22m: init
Passage is not a function\x1b[39m\r\n\x1b[36m \x1b[2m???\x1b[22m ../scripts/sim
/passage-run.test.ts:\x1b[2m140:20\x1b[22m\x1b[39m\r\n    \x1b[90m138| \x1b[39m
   \x1b[35mconst\x1b[39m opts \x1b[33m=\x1b[39m \x1b[34mmakePassageOpts\x1b[39m
(graph\x1b[33m,\x1b[39m \r\n\x1b[32m'kheshkai'\x1b[39m\x1b[33m,\x1b[39m \x1b[32
m'irrah'\x1b[39m\x1b[33m,\x1b[39m \x1b[32m'winter'\x1b[39m\x1b[33m,\x1b[39m???\
r\n    \x1b[90m139| \x1b[39m    \x1b[34mexpect\x1b[39m(opts)\x1b[33m.\x1b[39mno
t\x1b[33m.\x1b[39m\x1b[34mtoBeNull\x1b[39m()\r\n    \x1b[90m140| \x1b[39m    \x
1b[35mconst\x1b[39m state0 \x1b[33m=\x1b[39m \x1b[34minitPassage\x1b[39m(opts\x
1b[33m!\x1b[39m)\r\n    \x1b[90m   | \x1b[39m                   \x1b[31m^\x1b[3
9m\r\n    \x1b[90m141| \x1b[39m    \x1b[35mconst\x1b[39m fires \x1b[33m=\x1b[39
m \x1b[34mcountSignatureFiresPerCrossing\x1b[39m(state0)\r\n    \x1b[90m142| \x
1b[39m    \x1b[34mexpect\x1b[39m((fires\x1b[33m.\x1b[39m\x1b[35mget\x1b[39m(\x1
b[32m'bandits'\x1b[39m) \x1b[33m??\x1b[39m \r\n\x1b[34m0\x1b[39m))\x1b[33m.\x1b
[39m\x1b[34mtoBeGreaterThanOrEqual\x1b[39m(\x1b[34m2\x1b[39m)\r\n\r\n\x1b[31m\x
1b[2m????????????????????????????????????????????????????????????????????????[3
/7]???\x1b[22m\x1b[39m\r\n\r\n\x1b[31m\x1b[1m\x1b[7m FAIL \x1b[27m\x1b[22m\x1b[
39m ../scripts/sim/passage-run.test.ts\x1b[2m > \x1b[22mknown-finding regressio
n\x1b[2m > \r\n\x1b[22mKheshkai ??? Qollari, spring, direct, standard supply di
es/aborts with zero signature choices\r\n\x1b[31m\x1b[1mTypeError\x1b[22m: init
Passage is not a function\x1b[39m\r\n\x1b[36m \x1b[2m???\x1b[22m ../scripts/sim
/passage-run.test.ts:\x1b[2m156:20\x1b[22m\x1b[39m\r\n    \x1b[90m154| \x1b[39m
   \x1b[35mconst\x1b[39m opts \x1b[33m=\x1b[39m \x1b[34mmakePassageOpts\x1b[39m
(graph\x1b[33m,\x1b[39m \r\n\x1b[32m'kheshkai'\x1b[39m\x1b[33m,\x1b[39m \x1b[32
m'qollari'\x1b[39m\x1b[33m,\x1b[39m \x1b[32m'spring\x1b[39m???\r\n    \x1b[90m1
55| \x1b[39m    \x1b[34mexpect\x1b[39m(opts)\x1b[33m.\x1b[39mnot\x1b[33m.\x1b[3
9m\x1b[34mtoBeNull\x1b[39m()\r\n    \x1b[90m156| \x1b[39m    \x1b[35mconst\x1b[
39m state0 \x1b[33m=\x1b[39m \x1b[34minitPassage\x1b[39m(opts\x1b[33m!\x1b[39m)
\r\n    \x1b[90m   | \x1b[39m                   \x1b[31m^\x1b[39m\r\n    \x1b[9
0m157| \x1b[39m    \x1b[35mconst\x1b[39m { state\x1b[33m,\x1b[39m choices } \x1
b[33m=\x1b[39m \r\n\x1b[34mplayPassage\x1b[39m(state0\x1b[33m,\x1b[39m survive\
x1b[33m,\x1b[39m cautious)\r\n    \x1b[90m158| \x1b[39m    \x1b[34mexpect\x1b[3
9m([\x1b[32m'perished'\x1b[39m\x1b[33m,\x1b[39m \r\n\x1b[32m'aborted'\x1b[39m])
\x1b[33m.\x1b[39m\x1b[34mtoContain\x1b[39m(state\x1b[33m.\x1b[39moutcome)\r\n\r
\n\x1b[31m\x1b[2m??????????????????????????????????????????????????????????????
??????????[4/7]???\x1b[22m\x1b[39m\r\n\r\n\x1b[31m\x1b[1m\x1b[7m FAIL \x1b[27m\
x1b[22m\x1b[39m ../scripts/sim/passage-run.test.ts\x1b[2m > \x1b[22mwalkWithFor
ks\x1b[2m > \x1b[22mrecords an \r\ninstance for each signature choice presented
by the baseline\r\n\x1b[31m\x1b[1mTypeError\x1b[22m: initPassage is not a funct
ion\x1b[39m\r\n\x1b[36m \x1b[2m???\x1b[22m ../scripts/sim/passage-run.test.ts:\
x1b[2m169:20\x1b[22m\x1b[39m\r\n    \x1b[90m167| \x1b[39m    \x1b[35mconst\x1b[
39m opts \x1b[33m=\x1b[39m \x1b[34mmakePassageOpts\x1b[39m(graph\x1b[33m,\x1b[3
9m \r\n\x1b[32m'kheshkai'\x1b[39m\x1b[33m,\x1b[39m \x1b[32m'irrah'\x1b[39m\x1b[
33m,\x1b[39m \x1b[32m'winter'\x1b[39m\x1b[33m,\x1b[39m???\r\n    \x1b[90m168| \
x1b[39m    \x1b[34mexpect\x1b[39m(opts)\x1b[33m.\x1b[39mnot\x1b[33m.\x1b[39m\x1
b[34mtoBeNull\x1b[39m()\r\n    \x1b[90m169| \x1b[39m    \x1b[35mconst\x1b[39m s
tate0 \x1b[33m=\x1b[39m \x1b[34minitPassage\x1b[39m(opts\x1b[33m!\x1b[39m)\r\n 
  \x1b[90m   | \x1b[39m                   \x1b[31m^\x1b[39m\r\n    \x1b[90m170|
\x1b[39m    \x1b[35mconst\x1b[39m { finalState\x1b[33m,\x1b[39m instances } \x1
b[33m=\x1b[39m \x1b[34mwalkWithForks\x1b[39m(\r\n    \x1b[90m171| \x1b[39m     
state0\x1b[33m,\x1b[39m\r\n\r\n\x1b[31m\x1b[2m?????????????????????????????????
???????????????????????????????????????[5/7]???\x1b[22m\x1b[39m\r\n\r\n\x1b[2m 
Test Files \x1b[22m \x1b[1m\x1b[31m1 failed\x1b[39m\x1b[22m\x1b[90m (1)\x1b[39m
\r\n\x1b[2m      Tests \x1b[22m \x1b[1m\x1b[31m7 failed\x1b[39m\x1b[22m\x1b[2m 
| \x1b[22m\x1b[1m\x1b[32m4 passed\x1b[39m\x1b[22m\x1b[90m (11)\x1b[39m\r\n\x1b[
2m   Start at \x1b[22m 11:59:08\r\n\x1b[2m   Duration \x1b[22m 1.95s\x1b[2m (tr
ansform 397ms, setup 0ms, collect 852ms, tests 29ms, environment 0ms, prepare 5
20ms)\x1b[22m\r\n\r\n",
        message='Command failed with exit code: 1.',
        display=[
            BriefDisplayBlock(type='brief', text='Failed with exit code: 1')
        ],
        extras=None
    )
)
StepBegin(n=20)
ThinkPart(
    type='think',
    think="Two issues:\n1. `initPassage` is not exported from passage-run.ts. I
imported it from web/src/utils/passage in the test but then also tried to impor
t from passage-run. Actually in test I imported `initPassage` from passage-run 
(along with others). But I didn't export it from passage-run. I need to export 
it.\n\n2. computeInstanceDominance returned null for the synthetic case. My syn
thetic branches: A(8r,4w arrived), B(6r,5w arrived), C(2r,1w perished). For A t
o dominate: A >= B on arrived (1>=1 yes), water (4>=5 no). So A does NOT domina
te. Wait I misread. A has water 4, B has water 5. So A < B on water. Therefore 
no branch dominates. But my test expects A to dominate. I need to fix either th
e test or the branches.\n\nLet me fix the synthetic branches so one dominates. 
For A to dominate, it needs >= all on all axes. Make A: arrived, rations 8, wat
er 5. B: arrived, rations 6, water 4. C: perished, rations 2, water 1. Then A d
ominates. Actually B has water 4, A has 5, yes. A rations 8 > 6. Good.\n\nAlso 
fix initPassage export.\n\nAlso note the firstPendingWithKey helper didn't show
error but maybe it found states. The determinism tests seemed to fail earlier? 
Let me check - the output shows metric test failure and known-finding failures.
The fork determinism tests may have passed or failed - output truncated. After 
fixing, re-run.\n\nLet me update passage-run.ts to export initPassage. Actually
I already import initPassage from web/src/utils/passage in passage-run.ts and u
se it. I just need to re-export it.",
    encrypted=None
)
ToolCall(
    type='function',
    id='tool_OoAQ1JpIxxOXPHVMdUIsC3NL',
    function=FunctionBody(
        name='StrReplaceFile',
        arguments='{"path": "C:\\\\Users\\\\perry\\\\DevProjects\\\\veydria-car
tography\\\\.orchestrate\\\\wt\\\\passage-playtester\\\\scripts\\\\sim\\\\passa
ge-run.ts", "edit": {"old": "import {\\n  initPassage,\\n  passageAct,\\n  pass
ageChoose,\\n  SIGNATURE_CHOICES,\\n  type PassageState,\\n  type PendingEncoun
ter,\\n  type EncounterChoice,\\n  type PassageOutcome,\\n} from \'../../web/sr
c/utils/passage\'\\n", "new": "import {\\n  initPassage as initPassageFromEngin
e,\\n  passageAct,\\n  passageChoose,\\n  SIGNATURE_CHOICES,\\n  type PassageSt
ate,\\n  type PendingEncounter,\\n  type EncounterChoice,\\n  type PassageOutco
me,\\n} from \'../../web/src/utils/passage\'\\n"}}'
    ),
    extras=None
)
StatusUpdate(
    context_usage=0.4150352478027344,
    token_usage=TokenUsage(
        input_other=2559,
        output=597,
        input_cache_read=106240,
        input_cache_creation=0
    ),
    message_id='chatcmpl-ZCoya3PAaeTWcQe3nAhWZZ8E'
)
ToolResult(
    tool_call_id='tool_OoAQ1JpIxxOXPHVMdUIsC3NL',
    return_value=ToolReturnValue(
        is_error=False,
        output='',
        message='File successfully edited. Applied 1 edit(s) with 1 total repla
cement(s).',
        display=[
            DiffDisplayBlock(
                type='diff',
                path='C:\\Users\\perry\\DevProjects\\veydria-cartography\\.orch
estrate\\wt\\passage-playtester\\scripts\\sim\\passage-run.ts',
                old_text="  type Action,\n} from '../../web/src/utils/journey-d
ays'\nimport {\n  initPassage,\n  passageAct,\n  passageChoose,\n  SIGNATURE_CH
OICES,",
                new_text="  type Action,\n} from '../../web/src/utils/journey-d
ays'\nimport {\n  initPassage as initPassageFromEngine,\n  passageAct,\n  passa
geChoose,\n  SIGNATURE_CHOICES,"
            )
        ],
        extras=None
    )
)
StepBegin(n=21)
ThinkPart(
    type='think',
    think='Now I need to add `export const initPassage = initPassageFromEngine`
or just use the alias directly. Actually I can re-export. Let me add after impo
rts or better, just change usages to `initPassageFromEngine` and add `export { 
initPassageFromEngine as initPassage }`. Simpler: rename all usages. Let me jus
t add an export alias at the bottom.\n\nActually, I use `initPassage` in `initP
assageFrom` function. I need to update that. Let me search/replace `initPassage
(` with `initPassageFromEngine(` in passage-run.ts.',
    encrypted=None
)
ToolCall(
    type='function',
    id='tool_sRbwBu4VoU1HwMY1jYldvjEo',
    function=FunctionBody(
        name='StrReplaceFile',
        arguments='{"path": "C:\\\\Users\\\\perry\\\\DevProjects\\\\veydria-car
tography\\\\.orchestrate\\\\wt\\\\passage-playtester\\\\scripts\\\\sim\\\\passa
ge-run.ts", "edit": [{"old": "  return initPassage(full)\\n", "new": "  return 
initPassageFromEngine(full)\\n"}, {"old": "export function loadGraph(): Graph {
\\n  return buildGraphFromGeojson()\\n}\\n", "new": "export function loadGraph(
): Graph {\\n  return buildGraphFromGeojson()\\n}\\n\\n/** Re-export the engine
\'s passage initializer so callers (tests, playthrough)\\n *  can build a Passa
geState from a full JourneyStateOpts in one import. */\\nexport { initPassageFr
omEngine as initPassage }\\n"}]}'
    ),
    extras=None
)
StatusUpdate(
    context_usage=0.4174652099609375,
    token_usage=TokenUsage(
        input_other=636,
        output=317,
        input_cache_read=108800,
        input_cache_creation=0
    ),
    message_id='chatcmpl-7jlTWkLrUfGd15Ggf2wIiGWs'
)
ToolResult(
    tool_call_id='tool_sRbwBu4VoU1HwMY1jYldvjEo',
    return_value=ToolReturnValue(
        is_error=False,
        output='',
        message='File successfully edited. Applied 2 edit(s) with 2 total repla
cement(s).',
        display=[
            DiffDisplayBlock(
                type='diff',
                path='C:\\Users\\perry\\DevProjects\\veydria-cartography\\.orch
estrate\\wt\\passage-playtester\\scripts\\sim\\passage-run.ts',
                old_text='    opts.party,\n  )\n  if (!full) return null\n  ret
urn initPassage(full)\n}\n\n/* ─── Signature helpers ─── */',
                new_text='    opts.party,\n  )\n  if (!full) return null\n  ret
urn initPassageFromEngine(full)\n}\n\n/* ─── Signature helpers ─── */'
            ),
            DiffDisplayBlock(
                type='diff',
                path='C:\\Users\\perry\\DevProjects\\veydria-cartography\\.orch
estrate\\wt\\passage-playtester\\scripts\\sim\\passage-run.ts',
                old_text='export function loadGraph(): Graph {\n  return buildG
raphFromGeojson()\n}',
                new_text="export function loadGraph(): Graph {\n  return buildG
raphFromGeojson()\n}\n\n/** Re-export the engine's passage initializer so calle
rs (tests, playthrough)\n *  can build a PassageState from a full JourneyStateO
pts in one import. */\nexport { initPassageFromEngine as initPassage }"
            )
        ],
        extras=None
    )
)
StepBegin(n=22)
ThinkPart(
    type='think',
    think='Now fix the synthetic branches in the test.',
    encrypted=None
)
ToolCall(
    type='function',
    id='tool_IqgWNzU0PHKMN5juTQuDg4Ll',
    function=FunctionBody(
        name='StrReplaceFile',
        arguments='{"path": "C:\\\\Users\\\\perry\\\\DevProjects\\\\veydria-car
tography\\\\.orchestrate\\\\wt\\\\passage-playtester\\\\scripts\\\\sim\\\\passa
ge-run.test.ts", "edit": {"old": "  const branches: BranchOutcome[] = [\\n    {
index: 0, label: \'A\', risk: \'none\', outcome: \'arrived\', finalRations: 8, 
finalWater: 4, totalDays: 12 },\\n    { index: 1, label: \'B\', risk: \'minor\'
, outcome: \'arrived\', finalRations: 6, finalWater: 5, totalDays: 11 },\\n    
{ index: 2, label: \'C\', risk: \'grave\', outcome: \'perished\', finalRations:
2, finalWater: 1, totalDays: 9 },\\n  ]\\n\\n  it(\'dominance picks branch that
is ≥ others on arrived/water/rations\', () => {\\n    const dom = computeInstan
ceDominance(branches)\\n    // Branch A dominates: arrived tie, water not best,
rations best, and is ≥ on all axes vs B and C.\\n    expect(dom.dominantIndex).
toBe(0)\\n  })\\n", "new": "  const branches: BranchOutcome[] = [\\n    { index
: 0, label: \'A\', risk: \'none\', outcome: \'arrived\', finalRations: 8, final
Water: 5, totalDays: 12 },\\n    { index: 1, label: \'B\', risk: \'minor\', out
come: \'arrived\', finalRations: 6, finalWater: 4, totalDays: 11 },\\n    { ind
ex: 2, label: \'C\', risk: \'grave\', outcome: \'perished\', finalRations: 2, f
inalWater: 1, totalDays: 9 },\\n  ]\\n\\n  it(\'dominance picks branch that is 
≥ others on arrived/water/rations\', () => {\\n    const dom = computeInstanceD
ominance(branches)\\n    // Branch A dominates: arrived tie, best rations, best
water (vs B and C).\\n    expect(dom.dominantIndex).toBe(0)\\n  })\\n"}}'
    ),
    extras=None
)
StatusUpdate(
    context_usage=0.4188270568847656,
    token_usage=TokenUsage(
        input_other=481,
        output=524,
        input_cache_read=109312,
        input_cache_creation=0
    ),
    message_id='chatcmpl-Q312jBCeJmoCRx1H2lloUouX'
)
ToolResult(
    tool_call_id='tool_IqgWNzU0PHKMN5juTQuDg4Ll',
    return_value=ToolReturnValue(
        is_error=False,
        output='',
        message='File successfully edited. Applied 1 edit(s) with 1 total repla
cement(s).',
        display=[
            DiffDisplayBlock(
                type='diff',
                path='C:\\Users\\perry\\DevProjects\\veydria-cartography\\.orch
estrate\\wt\\passage-playtester\\scripts\\sim\\passage-run.test.ts',
                old_text="\ndescribe('metric helpers on synthetic branches', ()
=> {\n  const branches: BranchOutcome[] = [\n    { index: 0, label: 'A', risk: 
'none', outcome: 'arrived', finalRations: 8, finalWater: 4, totalDays: 12 },\n 
  { index: 1, label: 'B', risk: 'minor', outcome: 'arrived', finalRations: 6, f
inalWater: 5, totalDays: 11 },\n    { index: 2, label: 'C', risk: 'grave', outc
ome: 'perished', finalRations: 2, finalWater: 1, totalDays: 9 },\n  ]\n\n  it('
dominance picks branch that is ≥ others on arrived/water/rations', () => {\n   
const dom = computeInstanceDominance(branches)\n    // Branch A dominates: arri
ved tie, water not best, rations best, and is ≥ on all axes vs B and C.\n    ex
pect(dom.dominantIndex).toBe(0)\n  })\n",
                new_text="\ndescribe('metric helpers on synthetic branches', ()
=> {\n  const branches: BranchOutcome[] = [\n    { index: 0, label: 'A', risk: 
'none', outcome: 'arrived', finalRations: 8, finalWater: 5, totalDays: 12 },\n 
  { index: 1, label: 'B', risk: 'minor', outcome: 'arrived', finalRations: 6, f
inalWater: 4, totalDays: 11 },\n    { index: 2, label: 'C', risk: 'grave', outc
ome: 'perished', finalRations: 2, finalWater: 1, totalDays: 9 },\n  ]\n\n  it('
dominance picks branch that is ≥ others on arrived/water/rations', () => {\n   
const dom = computeInstanceDominance(branches)\n    // Branch A dominates: arri
ved tie, best rations, best water (vs B and C).\n    expect(dom.dominantIndex).
toBe(0)\n  })\n"
            )
        ],
        extras=None
    )
)
StepBegin(n=23)
ThinkPart(
    type='think',
    think='Also update the dead branch comment since now B is best water only, 
A best rations and water. Actually A dominates so bestOnAnyAxis includes A and 
B (B best days ignored, B is not best on any counted axis? Wait B water=4, A wa
ter=5. So B is not best water. B rations=6, A=8. B not best rations. B arrived=
1, A=1 tie. So B is best-on-no-axis. C also best-on-no-axis. The test expects B
to be best on water - need to update.\n\nLet me adjust to keep B best on water:
set A water=5, B water=5 (tie), so B is best on water (tied). But then A still 
dominates because A >= B on all axes (rations 8>=6, water 5>=5, arrived 1>=1). 
Good. Let me set B water=5. Then bestOnAnyAxis: A (rations, water tie), B (wate
r tie). C none. The test expects B to be best on water - true.\n\nActually I or
iginally had A water 4, B water 5. Let me change to A water 5, B water 5. Then:
\n- A dominates (8>=6, 5>=5, 1>=1)\n- A best rations, best water (tie)\n- B bes
t water (tie)\n- C none\n\nUpdate the test assertion accordingly.',
    encrypted=None
)
ToolCall(
    type='function',
    id='tool_ZnXMCIWN2gMc93q1LQaushrr',
    function=FunctionBody(
        name='StrReplaceFile',
        arguments='{"path": "C:\\\\Users\\\\perry\\\\DevProjects\\\\veydria-car
tography\\\\.orchestrate\\\\wt\\\\passage-playtester\\\\scripts\\\\sim\\\\passa
ge-run.test.ts", "edit": {"old": "    { index: 1, label: \'B\', risk: \'minor\'
, outcome: \'arrived\', finalRations: 6, finalWater: 4, totalDays: 11 },\\n", "
new": "    { index: 1, label: \'B\', risk: \'minor\', outcome: \'arrived\', fin
alRations: 6, finalWater: 5, totalDays: 11 },\\n"}}'
    ),
    extras=None
)
StatusUpdate(
    context_usage=0.4209785461425781,
    token_usage=TokenUsage(
        input_other=789,
        output=462,
        input_cache_read=109568,
        input_cache_creation=0
    ),
    message_id='chatcmpl-RxxVrISLipeCwk5SxyOTDYAN'
)
ToolResult(
    tool_call_id='tool_ZnXMCIWN2gMc93q1LQaushrr',
    return_value=ToolReturnValue(
        is_error=False,
        output='',
        message='File successfully edited. Applied 1 edit(s) with 1 total repla
cement(s).',
        display=[
            DiffDisplayBlock(
                type='diff',
                path='C:\\Users\\perry\\DevProjects\\veydria-cartography\\.orch
estrate\\wt\\passage-playtester\\scripts\\sim\\passage-run.test.ts',
                old_text="describe('metric helpers on synthetic branches', () =
> {\n  const branches: BranchOutcome[] = [\n    { index: 0, label: 'A', risk: '
none', outcome: 'arrived', finalRations: 8, finalWater: 5, totalDays: 12 },\n  
 { index: 1, label: 'B', risk: 'minor', outcome: 'arrived', finalRations: 6, fi
nalWater: 4, totalDays: 11 },\n    { index: 2, label: 'C', risk: 'grave', outco
me: 'perished', finalRations: 2, finalWater: 1, totalDays: 9 },\n  ]\n",
                new_text="describe('metric helpers on synthetic branches', () =
> {\n  const branches: BranchOutcome[] = [\n    { index: 0, label: 'A', risk: '
none', outcome: 'arrived', finalRations: 8, finalWater: 5, totalDays: 12 },\n  
 { index: 1, label: 'B', risk: 'minor', outcome: 'arrived', finalRations: 6, fi
nalWater: 5, totalDays: 11 },\n    { index: 2, label: 'C', risk: 'grave', outco
me: 'perished', finalRations: 2, finalWater: 1, totalDays: 9 },\n  ]\n"
            )
        ],
        extras=None
    )
)
StepBegin(n=24)
ThinkPart(
    type='think',
    think='Also update the dead branch comment.',
    encrypted=None
)
ToolCall(
    type='function',
    id='tool_OXsatR3xgYEiekIHzZowcWes',
    function=FunctionBody(
        name='StrReplaceFile',
        arguments='{"path": "C:\\\\Users\\\\perry\\\\DevProjects\\\\veydria-car
tography\\\\.orchestrate\\\\wt\\\\passage-playtester\\\\scripts\\\\sim\\\\passa
ge-run.test.ts", "edit": {"old": "  it(\'dead branches are those best-on-no-axi
s\', () => {\\n    const dom = computeInstanceDominance(branches)\\n    // Bran
ch A best rations, B best water, C best days (ignored) but not best on any coun
ted axis.\\n    expect(dom.bestOnAnyAxis.has(0)).toBe(true)\\n    expect(dom.be
stOnAnyAxis.has(1)).toBe(true)\\n    expect(dom.bestOnAnyAxis.has(2)).toBe(fals
e)\\n  })\\n", "new": "  it(\'dead branches are those best-on-no-axis\', () => 
{\\n    const dom = computeInstanceDominance(branches)\\n    // Branch A best r
ations and tied best water; B tied best water; C not best on any counted axis.\
\n    expect(dom.bestOnAnyAxis.has(0)).toBe(true)\\n    expect(dom.bestOnAnyAxi
s.has(1)).toBe(true)\\n    expect(dom.bestOnAnyAxis.has(2)).toBe(false)\\n  })\
\n"}}'
    ),
    extras=None
)
StatusUpdate(
    context_usage=0.4228935241699219,
    token_usage=TokenUsage(
        input_other=523,
        output=288,
        input_cache_read=110336,
        input_cache_creation=0
    ),
    message_id='chatcmpl-ZIui9rJPgY513r7FQLCMxnvb'
)
ToolResult(
    tool_call_id='tool_OXsatR3xgYEiekIHzZowcWes',
    return_value=ToolReturnValue(
        is_error=False,
        output='',
        message='File successfully edited. Applied 1 edit(s) with 1 total repla
cement(s).',
        display=[
            DiffDisplayBlock(
                type='diff',
                path='C:\\Users\\perry\\DevProjects\\veydria-cartography\\.orch
estrate\\wt\\passage-playtester\\scripts\\sim\\passage-run.test.ts',
                old_text="\n  it('dead branches are those best-on-no-axis', () 
=> {\n    const dom = computeInstanceDominance(branches)\n    // Branch A best 
rations, B best water, C best days (ignored) but not best on any counted axis.\
n    expect(dom.bestOnAnyAxis.has(0)).toBe(true)\n    expect(dom.bestOnAnyAxis.
has(1)).toBe(true)\n    expect(dom.bestOnAnyAxis.has(2)).toBe(false)",
                new_text="\n  it('dead branches are those best-on-no-axis', () 
=> {\n    const dom = computeInstanceDominance(branches)\n    // Branch A best 
rations and tied best water; B tied best water; C not best on any counted axis.
\n    expect(dom.bestOnAnyAxis.has(0)).toBe(true)\n    expect(dom.bestOnAnyAxis
.has(1)).toBe(true)\n    expect(dom.bestOnAnyAxis.has(2)).toBe(false)"
            )
        ],
        extras=None
    )
)
StepBegin(n=25)
ThinkPart(type='think', think='Now re-run tests.', encrypted=None)
ToolCall(
    type='function',
    id='tool_SYu0fb02eWbYwvh54GMWrcLt',
    function=FunctionBody(
        name='Shell',
        arguments='{"command": "cd C:\\\\Users\\\\perry\\\\DevProjects\\\\veydr
ia-cartography\\\\.orchestrate\\\\wt\\\\passage-playtester\\\\web; npx vitest r
un --reporter=verbose ../scripts/sim/passage-run.test.ts 2>&1 | tail -80", "tim
eout": 180}'
    ),
    extras=None
)
StatusUpdate(
    context_usage=0.4241447448730469,
    token_usage=TokenUsage(
        input_other=339,
        output=85,
        input_cache_read=110848,
        input_cache_creation=0
    ),
    message_id='chatcmpl-pzzg86LLlG15Vs16xQjhYjW0'
)
ToolResult(
    tool_call_id='tool_SYu0fb02eWbYwvh54GMWrcLt',
    return_value=ToolReturnValue(
        is_error=True,
        output='\r\n\x1b[1m\x1b[7m\x1b[36m RUN \x1b[39m\x1b[27m\x1b[22m \x1b[36
mv2.1.9 \x1b[39m\x1b[90mC:/Users/perry/DevProjects/veydria-cartography/.orchest
rate/wt/passage-playtester/web\x1b[39m\r\n\r\n \x1b[31m??\x1b[39m ../scripts/si
m/passage-run.test.ts\x1b[2m > \x1b[22mfork determinism\x1b[2m > \x1b[22mforkIn
stance is deterministic and non-mutating for ford\r\n\x1b[31m   ??? expected nu
ll not to be null\x1b[39m\r\n \x1b[31m??\x1b[39m ../scripts/sim/passage-run.tes
t.ts\x1b[2m > \x1b[22mfork determinism\x1b[2m > \x1b[22mforkInstance is determi
nistic and non-mutating for bandits\r\n\x1b[31m   ??? expected null not to be n
ull\x1b[39m\r\n \x1b[31m??\x1b[39m ../scripts/sim/passage-run.test.ts\x1b[2m > 
\x1b[22mfork determinism\x1b[2m > \x1b[22mforkInstance is deterministic and non
-mutating for fever\r\n\x1b[31m   ??? expected null not to be null\x1b[39m\r\n 
\x1b[32m???\x1b[39m ../scripts/sim/passage-run.test.ts\x1b[2m > \x1b[22mmetric 
helpers on synthetic branches\x1b[2m > \x1b[22mdominance picks branch that is ?
?? others on arrived/water/rations\r\n \x1b[32m???\x1b[39m ../scripts/sim/passa
ge-run.test.ts\x1b[2m > \x1b[22mmetric helpers on synthetic branches\x1b[2m > \
x1b[22mdead branches are those best-on-no-axis\r\n \x1b[32m???\x1b[39m ../scrip
ts/sim/passage-run.test.ts\x1b[2m > \x1b[22mmetric helpers on synthetic branche
s\x1b[2m > \x1b[22mdifferentiation computes max-min ranges\r\n \x1b[32m???\x1b[
39m ../scripts/sim/passage-run.test.ts\x1b[2m > \x1b[22mmetric helpers on synth
etic branches\x1b[2m > \x1b[22mimpact counts distinct outcomes\r\n \x1b[32m???\
x1b[39m ../scripts/sim/passage-run.test.ts\x1b[2m > \x1b[22mmetric helpers on s
ynthetic branches\x1b[2m > \x1b[22mmedian handles odd and even counts\r\n \x1b[
32m???\x1b[39m ../scripts/sim/passage-run.test.ts\x1b[2m > \x1b[22mknown-findin
g regression\x1b[2m > \x1b[22mKheshkai ??? Irrah, winter, direct buckets bandit
s ???2?? and lists customs raid + plague quarantine as non-interactive severe b
eats\r\n \x1b[32m???\x1b[39m ../scripts/sim/passage-run.test.ts\x1b[2m > \x1b[2
2mknown-finding regression\x1b[2m > \x1b[22mKheshkai ??? Qollari, spring, direc
t, standard supply dies/aborts with zero signature choices\r\n \x1b[32m???\x1b[
39m ../scripts/sim/passage-run.test.ts\x1b[2m > \x1b[22mwalkWithForks\x1b[2m > 
\x1b[22mrecords an instance for each signature choice presented by the baseline
\r\n\r\nnode.exe : \x1b[31m?????????????????????\x1b[1m\x1b[7m Failed Tests 3 \
x1b[27m\x1b[22m?????????????????????\x1b[39m\r\nAt C:\\Program Files\\nodejs\\n
px.ps1:29 char:3\r\n+   & $NODE_EXE $NPX_CLI_JS $args\r\n+   ~~~~~~~~~~~~~~~~~~
~~~~~~~~~~~\r\n    + CategoryInfo          : NotSpecified: (\x1b[31m??????????.
..??????????\x1b[39m:String) [], RemoteException\r\n    + FullyQualifiedErrorId
: NativeCommandError\r\n \r\n\r\n\x1b[31m\x1b[1m\x1b[7m FAIL \x1b[27m\x1b[22m\x
1b[39m ../scripts/sim/passage-run.test.ts\x1b[2m > \x1b[22mfork determinism\x1b
[2m > \r\n\x1b[22mforkInstance is deterministic and non-mutating for ford\r\n\x
1b[31m\x1b[1m\x1b[7m FAIL \x1b[27m\x1b[22m\x1b[39m ../scripts/sim/passage-run.t
est.ts\x1b[2m > \x1b[22mfork determinism\x1b[2m > \r\n\x1b[22mforkInstance is d
eterministic and non-mutating for bandits\r\n\x1b[31m\x1b[1m\x1b[7m FAIL \x1b[2
7m\x1b[22m\x1b[39m ../scripts/sim/passage-run.test.ts\x1b[2m > \x1b[22mfork det
erminism\x1b[2m > \r\n\x1b[22mforkInstance is deterministic and non-mutating fo
r fever\r\n\x1b[31m\x1b[1mAssertionError\x1b[22m: expected null not to be null\
x1b[39m\r\n\x1b[36m \x1b[2m???\x1b[22m ../scripts/sim/passage-run.test.ts:\x1b[
2m77:25\x1b[22m\x1b[39m\r\n    \x1b[90m 75| \x1b[39m    \x1b[34mit\x1b[39m(\x1b
[32m`forkInstance is deterministic and non-mutating for \r\n\x1b[39m\x1b[36m${\
x1b[39mkey\x1b[36m}\x1b[39m\x1b[32m`\x1b[39m\x1b[33m,\x1b[39m ()???\r\n    \x1b
[90m 76| \x1b[39m      \x1b[35mconst\x1b[39m found \x1b[33m=\x1b[39m \x1b[34mfi
rstPendingWithKey\x1b[39m(key)\r\n    \x1b[90m 77| \x1b[39m      \x1b[34mexpect
\x1b[39m(found)\x1b[33m.\x1b[39mnot\x1b[33m.\x1b[39m\x1b[34mtoBeNull\x1b[39m()\
r\n    \x1b[90m   | \x1b[39m                        \x1b[31m^\x1b[39m\r\n    \x
1b[90m 78| \x1b[39m      \x1b[35mconst\x1b[39m pending \x1b[33m=\x1b[39m found\
x1b[33m!\x1b[39m\x1b[33m.\x1b[39mstate\r\n    \x1b[90m 79| \x1b[39m      \x1b[3
5mconst\x1b[39m before \x1b[33m=\x1b[39m {\r\n\r\n\x1b[31m\x1b[2m??????????????
??????????????????????????????????????????????????????????[1/3]???\x1b[22m\x1b[
39m\r\n\r\n\x1b[2m Test Files \x1b[22m \x1b[1m\x1b[31m1 failed\x1b[39m\x1b[22m\
x1b[90m (1)\x1b[39m\r\n\x1b[2m      Tests \x1b[22m \x1b[1m\x1b[31m3 failed\x1b[
39m\x1b[22m\x1b[2m | \x1b[22m\x1b[1m\x1b[32m8 passed\x1b[39m\x1b[22m\x1b[90m (1
1)\x1b[39m\r\n\x1b[2m   Start at \x1b[22m 12:00:26\r\n\x1b[2m   Duration \x1b[2
2m 1.59s\x1b[2m (transform 297ms, setup 0ms, collect 672ms, tests 222ms, enviro
nment 0ms, prepare 234ms)\x1b[22m\r\n\r\n',
        message='Command failed with exit code: 1.',
        display=[
            BriefDisplayBlock(type='brief', text='Failed with exit code: 1')
        ],
        extras=None
    )
)
StepBegin(n=26)
ThinkPart(
    type='think',
    think="Good, the known-finding regression passes now! The fork determinism 
fails because firstPendingWithKey didn't find any pending with the keys. Why? B
ecause my helper uses CARAVAN_SUPPLY and plays with survive/cautious. But maybe
with caravan supply, crossings either arrive without presenting choices or the 
choices are resolved? Wait, if a signature is bucketed, the play should hit it 
unless it dies first. With caravan supply it should survive.\n\nActually maybe 
the issue is that playPassage uses cautious which resolves choices, and then co
ntinues. But firstPendingWithKey should catch the first pending before resolvin
g. The loop checks `if (state.pending)` first, so it should catch it.\n\nBut ma
ybe no crossing in the grid has any signature key? That seems unlikely. Let me 
debug by adding a simple test: scan for any signature at all.\n\nActually, I th
ink the issue might be that my helper returns null because the scan order uses 
CIVS array and maybe no signature appears in the early scanned crossings? But i
t scans ALL ordered pairs × seasons × modes. There should be signatures.\n\nWai
t - maybe `state.pending` is never set because the base policy `survive` ration
s at low supply and ration doesn't set pending. But pending is set on `passageA
ct(state, {kind:'continue'})` when the next day has a signature. The `survive` 
policy returns `continue` when supply > 2. At init, supply is full (caravan), s
o it will continue. The first continue that lands on a signature day will set p
ending.\n\nBut maybe the first signature day is day 1, and at init dayNum=0. `p
assageAct` with continue checks signatureForDay(dayNum+1) = signatureForDay(1).
If day 1 has a signature, pending is set. Good.\n\nLet me test this manually. M
aybe the issue is that `firstPendingWithKey` returns null because all signature
s are resolved before pending is checked? No, the loop checks pending at top of
each iteration.\n\nWait, I think I see: when `state.pending` exists, I return i
t. But I also need to make sure `state.pending.encounter.key === key`. If the p
ending key doesn't match, I resolve it and continue. That part is correct.\n\nB
ut why would no ford/bandits/fever be found at all? Let me add a debug test or 
run a quick script to find signatures.\n\nActually, maybe the problem is that `
playPassage(state, survive, cautious)` when pending key doesn't match resolves 
the choice and returns. But then in the next iteration, if the resolved choice 
causes perish or arrival, loop exits. But there are many crossings scanned.\n\n
Let me run a quick node script to list signatures in grid.",
    encrypted=None
)
ToolCall(
    type='function',
    id='tool_nnwGYrbFkVQB8YkfkKaUGxPI',
    function=FunctionBody(
        name='Shell',
        arguments='{"command": "cd C:\\\\Users\\\\perry\\\\DevProjects\\\\veydr
ia-cartography\\\\.orchestrate\\\\wt\\\\passage-playtester\\\\web; npx vite-nod
e -e \\"\\nimport { loadGraph, makePassageOpts, initPassage, signatureKeysInSta
te, CIVS, SEASONS, CARAVAN_SUPPLY, PASSAGE_PARTY } from \'../scripts/sim/passag
e-run.ts\';\\nconst graph = loadGraph();\\nconst modes = [\'direct\',\'cheapest
\',\'fastest\',\'safest\'];\\nlet total=0, withSig=0;\\nfor (const from of CIVS
) for (const to of CIVS) if (from!==to) for (const season of SEASONS) for (cons
t mode of modes) {\\n  total++;\\n  const opts = makePassageOpts(graph, from, t
o, season, mode, CARAVAN_SUPPLY, PASSAGE_PARTY);\\n  if (!opts) continue;\\n  c
onst keys = signatureKeysInState(initPassage(opts));\\n  if (keys.length) { wit
hSig++; if (withSig<=10) console.log(from,to,season,mode,keys); }\\n}\\nconsole
.log(\'total\',total,\'withSig\',withSig);\\n\\" 2>&1 | tail -30", "timeout": 1
20}'
    ),
    extras=None
)
StatusUpdate(
    context_usage=0.4301872253417969,
    token_usage=TokenUsage(
        input_other=1667,
        output=865,
        input_cache_read=111104,
        input_cache_creation=0
    ),
    message_id='chatcmpl-FPQxCzUejnNKatmQabn0m8Gm'
)
ToolResult(
    tool_call_id='tool_nnwGYrbFkVQB8YkfkKaUGxPI',
    return_value=ToolReturnValue(
        is_error=True,
        output='node.exe : \x1b[31mNo files specified.\x1b[39m\r\nAt C:\\Progra
m Files\\nodejs\\npx.ps1:29 char:3\r\n+   & $NODE_EXE $NPX_CLI_JS $args\r\n+   
~~~~~~~~~~~~~~~~~~~~~~~~~~~~~\r\n    + CategoryInfo          : NotSpecified: (\
x1b[31mNo files specified.\x1b[39m:String) [], RemoteException\r\n    + FullyQu
alifiedErrorId : NativeCommandError\r\n \r\nvite-node/2.1.9\r\n\r\nUsage:\r\n  
$ vite-node [...files]\r\n\r\nCommands:\r\n  [...files]  \r\n\r\nFor more info,
run any command with the `--help` flag:\r\n  $ vite-node --help\r\n\r\nOptions:
\r\n  -r, --root <path>    Use specified root directory \r\n  -c, --config <pat
h>  Use specified config file \r\n  -m, --mode <mode>    Set env mode \r\n  -w,
--watch          Restart on file changes, similar to "nodemon" \r\n  --script  
          Use vite-node as a script runner \r\n  --options <options>  Use speci
fied Vite server options \r\n  -v, --version        Output the version number \
r\n  -h, --help           Display help for command \r\n  -v, --version        D
isplay version number \r\n',
        message='Command failed with exit code: 1.',
        display=[
            BriefDisplayBlock(type='brief', text='Failed with exit code: 1')
        ],
        extras=None
    )
)
StepBegin(n=27)
ThinkPart(
    type='think',
    think="vite-node doesn't support -e. Let me create a temporary script or us
e node with tsx? Actually I can use the playthrough or report. Let me just writ
e a small temporary script in scripts/sim/debug-sigs.ts and run it.",
    encrypted=None
)
ToolCall(
    type='function',
    id='tool_rW06F8v357mEglVFyt7bcebs',
    function=FunctionBody(
        name='WriteFile',
        arguments='{"path": "C:\\\\Users\\\\perry\\\\DevProjects\\\\veydria-car
tography\\\\.orchestrate\\\\wt\\\\passage-playtester\\\\scripts\\\\sim\\\\debug
-sigs.ts", "content": "import {\\n  loadGraph,\\n  makePassageOpts,\\n  initPas
sage,\\n  signatureKeysInState,\\n  CIVS,\\n  SEASONS,\\n  CARAVAN_SUPPLY,\\n  
PASSAGE_PARTY,\\n} from \'./passage-run\'\\n\\nconst graph = loadGraph()\\ncons
t modes = [\'direct\', \'cheapest\', \'fastest\', \'safest\'] as const\\nlet to
tal = 0\\nlet withSig = 0\\nfor (const from of CIVS) {\\n  for (const to of CIV
S) {\\n    if (from === to) continue\\n    for (const season of SEASONS) {\\n  
   for (const mode of modes) {\\n        total++\\n        const opts = makePas
sageOpts(graph, from, to, season, mode, CARAVAN_SUPPLY, PASSAGE_PARTY)\\n      
 if (!opts) continue\\n        const keys = signatureKeysInState(initPassage(op
ts))\\n        if (keys.length) {\\n          withSig++\\n          if (withSig
<= 15) console.log(from, to, season, mode, keys.join(\',\'))\\n        }\\n    
 }\\n    }\\n  }\\n}\\nconsole.log(\'total\', total, \'withSig\', withSig)\\n"}
'
    ),
    extras=None
)
StatusUpdate(
    context_usage=0.43462371826171875,
    token_usage=TokenUsage(
        input_other=1294,
        output=385,
        input_cache_read=112640,
        input_cache_creation=0
    ),
    message_id='chatcmpl-PA4D2w3MGJPcpMxU34w6lLju'
)
ToolResult(
    tool_call_id='tool_rW06F8v357mEglVFyt7bcebs',
    return_value=ToolReturnValue(
        is_error=False,
        output='',
        message='File successfully overwritten. Current size: 878 bytes.',
        display=[
            DiffDisplayBlock(
                type='diff',
                path='C:\\Users\\perry\\DevProjects\\veydria-cartography\\.orch
estrate\\wt\\passage-playtester\\scripts\\sim\\debug-sigs.ts',
                old_text='',
                new_text="import {\n  loadGraph,\n  makePassageOpts,\n  initPas
sage,\n  signatureKeysInState,\n  CIVS,\n  SEASONS,\n  CARAVAN_SUPPLY,\n  PASSA
GE_PARTY,\n} from './passage-run'\n\nconst graph = loadGraph()\nconst modes = [
'direct', 'cheapest', 'fastest', 'safest'] as const\nlet total = 0\nlet withSig
= 0\nfor (const from of CIVS) {\n  for (const to of CIVS) {\n    if (from === t
o) continue\n    for (const season of SEASONS) {\n      for (const mode of mode
s) {\n        total++\n        const opts = makePassageOpts(graph, from, to, se
ason, mode, CARAVAN_SUPPLY, PASSAGE_PARTY)\n        if (!opts) continue\n      
 const keys = signatureKeysInState(initPassage(opts))\n        if (keys.length)
{\n          withSig++\n          if (withSig <= 15) console.log(from, to, seas
on, mode, keys.join(','))\n        }\n      }\n    }\n  }\n}\nconsole.log('tota
l', total, 'withSig', withSig)"
            )
        ],
        extras=None
    )
)
StepBegin(n=28)
ToolCall(
    type='function',
    id='tool_vqOa60gDIGMPc3M7swqT0oKZ',
    function=FunctionBody(
        name='Shell',
        arguments='{"command": "cd C:\\\\Users\\\\perry\\\\DevProjects\\\\veydr
ia-cartography\\\\.orchestrate\\\\wt\\\\passage-playtester\\\\web; npx vite-nod
e ../scripts/sim/debug-sigs.ts 2>&1 | tail -30", "timeout": 120}'
    ),
    extras=None
)
StatusUpdate(
    context_usage=0.43621826171875,
    token_usage=TokenUsage(
        input_other=432,
        output=73,
        input_cache_read=113920,
        input_cache_creation=0
    ),
    message_id='chatcmpl-ICT4rUwaLFD6xzhN63J5Kbm9'
)
ToolResult(
    tool_call_id='tool_vqOa60gDIGMPc3M7swqT0oKZ',
    return_value=ToolReturnValue(
        is_error=False,
        output='ngaru_bon irrah spring direct bandits\r\nngaru_bon irrah spring
cheapest ford\r\nngaru_bon irrah summer fastest fever\r\nngaru_bon kheshkai sum
mer direct bandits\r\nngaru_bon kheshkai summer safest bandits\r\nngaru_bon khe
shkai autumn cheapest bandits\r\nngaru_bon qollari spring cheapest bandits\r\nn
garu_bon qollari summer cheapest bandits\r\nngaru_bon qollari autumn fastest ba
ndits\r\nngaru_bon qollari winter fastest bandits\r\nngaru_bon ndjadi spring ch
eapest ford\r\nngaru_bon ndjadi winter cheapest bandits\r\nngaru_bon oravan spr
ing direct bandits\r\nngaru_bon oravan summer safest bandits\r\nngaru_bon orava
n winter safest bandits\r\ntotal 480 withSig 92\r\n',
        message='Command executed successfully.',
        display=[],
        extras=None
    )
)
StepBegin(n=29)
ThinkPart(
    type='think',
    think="Signatures exist. So why did firstPendingWithKey return null? Let me
check. Maybe the play loop gets stuck or finishes before pending. Let me debug 
firstPendingWithKey for one case, e.g., ngaru_bon irrah spring direct bandits.\
n\nActually, the issue might be that `playPassage` when called with state that 
has pending matching key returns, but wait in firstPendingWithKey I return imme
diately if pending matches. So it should work.\n\nBut maybe the first signature
encountered is not matching key, and after resolving it, the crossing arrives o
r perishes before the desired key. For example, for key='ford', the first pendi
ng might be bandits; I choose cautious (which resolves bandits), then continue,
then maybe arrive before ford. But I scan all crossings, so some crossing shoul
d have ford as first pending or at least reachable.\n\nWait, but firstPendingWi
thKey for ford scanned ngaru_bon irrah spring cheapest which has ford. But mayb
e the first pending in that crossing is not ford? Actually signatureKeysInState
returned ['ford'] for that crossing - meaning only ford is bucketed. So the fir
st pending should be ford. But maybe the crossing has no pending because the si
gnature cost was zeroed but the party dies before reaching day 1? No, day 1 sig
nature should fire immediately.\n\nLet me add debug logging to firstPendingWith
Key or just write a quick script to test it.\n\nActually, I think I see the bug
. In firstPendingWithKey, when I find a pending that doesn't match key, I do:\n
```\nstate = playPassage(state, survive, cautious).state\n```\nBut `playPassage
` will play from that pending state to TERMINAL, because it has its own loop. I
t resolves the pending choice and continues until outcome. Then in the next ite
ration of the outer loop, state.outcome is terminal and safety runs out. So I n
ever get to check subsequent signatures in the same crossing, AND the crossing 
ends. But since this crossing only has ford, if pending doesn't match ford (it 
should), it would be wrong.\n\nWait, why would pending.encounter.key not equal 
'ford' for a crossing where signatureKeysInState is ['ford']? It should. Unless
signatureKeysInState sees ford but signatureForDay doesn't surface it because o
f the day offset? Hmm.\n\nActually maybe the issue is that `state.pending` is s
et but its `encounter.key` is different from the key in `encounter`? No, key is
copied.\n\nLet me debug with a script that calls firstPendingWithKey.",
    encrypted=None
)
ToolCall(
    type='function',
    id='tool_plNdzShJ6yxewQeKgRbGSW9E',
    function=FunctionBody(
        name='WriteFile',
        arguments='{"path": "C:\\\\Users\\\\perry\\\\DevProjects\\\\veydria-car
tography\\\\.orchestrate\\\\wt\\\\passage-playtester\\\\scripts\\\\sim\\\\debug
-pending.ts", "content": "import {\\n  loadGraph,\\n  makePassageOpts,\\n  init
Passage,\\n  playPassage,\\n  signatureKeysInState,\\n  CIVS,\\n  SEASONS,\\n  
CARAVAN_SUPPLY,\\n  PASSAGE_PARTY,\\n} from \'./passage-run\'\\nimport { surviv
e, cautious } from \'./passage-policies\'\\n\\nconst graph = loadGraph()\\ncons
t key = \'ford\'\\nconst modes = [\'direct\', \'cheapest\', \'fastest\', \'safe
st\'] as const\\nfor (const from of CIVS) {\\n  for (const to of CIVS) {\\n    
if (from === to) continue\\n    for (const season of SEASONS) {\\n      for (co
nst mode of modes) {\\n        const opts = makePassageOpts(graph, from, to, se
ason, mode, CARAVAN_SUPPLY, PASSAGE_PARTY)\\n        if (!opts) continue\\n    
   let state = initPassage(opts)\\n        const keys = signatureKeysInState(st
ate)\\n        if (!keys.includes(key)) continue\\n        const cap = (state.j
ourney.totalDays + 1) * 3\\n        let safety = cap\\n        console.log(\'tr
ying\', from, to, season, mode, \'keys\', keys)\\n        while (state.outcome 
=== \'in-progress\' && safety-- > 0) {\\n          if (state.pending) {\\n     
      console.log(\'  pending\', state.pending.encounter.key, \'day\', state.jo
urney.dayNum + state.extraDays + 1)\\n            if (state.pending.encounter.k
ey === key) {\\n              console.log(\'  FOUND\')\\n              process.
exit(0)\\n            }\\n            state = playPassage(state, survive, cauti
ous).state\\n            console.log(\'  after resolve outcome\', state.outcome
, \'choices\', state.log.filter(e => e.kind === \'choice\').length)\\n         
  continue\\n          }\\n          const before = state\\n          state = p
layPassage(state, survive, cautious).state\\n          if (state === before) br
eak\\n        }\\n        console.log(\'  final outcome\', state.outcome)\\n   
  }\\n    }\\n  }\\n}\\nconsole.log(\'NOT FOUND\')\\n"}'
    ),
    extras=None
)
StatusUpdate(
    context_usage=0.4372901916503906,
    token_usage=TokenUsage(
        input_other=457,
        output=1073,
        input_cache_read=114176,
        input_cache_creation=0
    ),
    message_id='chatcmpl-c23DvTsOZrQ4BZejoT8bmQiL'
)
ToolResult(
    tool_call_id='tool_plNdzShJ6yxewQeKgRbGSW9E',
    return_value=ToolReturnValue(
        is_error=False,
        output='',
        message='File successfully overwritten. Current size: 1762 bytes.',
        display=[
            DiffDisplayBlock(
                type='diff',
                path='C:\\Users\\perry\\DevProjects\\veydria-cartography\\.orch
estrate\\wt\\passage-playtester\\scripts\\sim\\debug-pending.ts',
                old_text='',
                new_text="import {\n  loadGraph,\n  makePassageOpts,\n  initPas
sage,\n  playPassage,\n  signatureKeysInState,\n  CIVS,\n  SEASONS,\n  CARAVAN_
SUPPLY,\n  PASSAGE_PARTY,\n} from './passage-run'\nimport { survive, cautious }
from './passage-policies'\n\nconst graph = loadGraph()\nconst key = 'ford'\ncon
st modes = ['direct', 'cheapest', 'fastest', 'safest'] as const\nfor (const fro
m of CIVS) {\n  for (const to of CIVS) {\n    if (from === to) continue\n    fo
r (const season of SEASONS) {\n      for (const mode of modes) {\n        const
opts = makePassageOpts(graph, from, to, season, mode, CARAVAN_SUPPLY, PASSAGE_P
ARTY)\n        if (!opts) continue\n        let state = initPassage(opts)\n    
   const keys = signatureKeysInState(state)\n        if (!keys.includes(key)) c
ontinue\n        const cap = (state.journey.totalDays + 1) * 3\n        let saf
ety = cap\n        console.log('trying', from, to, season, mode, 'keys', keys)\
n        while (state.outcome === 'in-progress' && safety-- > 0) {\n          i
f (state.pending) {\n            console.log('  pending', state.pending.encount
er.key, 'day', state.journey.dayNum + state.extraDays + 1)\n            if (sta
te.pending.encounter.key === key) {\n              console.log('  FOUND')\n    
         process.exit(0)\n            }\n            state = playPassage(state,
survive, cautious).state\n            console.log('  after resolve outcome', st
ate.outcome, 'choices', state.log.filter(e => e.kind === 'choice').length)\n   
        continue\n          }\n          const before = state\n          state 
= playPassage(state, survive, cautious).state\n          if (state === before) 
break\n        }\n        console.log('  final outcome', state.outcome)\n      
}\n    }\n  }\n}\nconsole.log('NOT FOUND')"
            )
        ],
        extras=None
    )
)
StepBegin(n=30)
ToolCall(
    type='function',
    id='tool_xNnIqmA6zEmISC8l9maFS7yV',
    function=FunctionBody(
        name='Shell',
        arguments='{"command": "cd C:\\\\Users\\\\perry\\\\DevProjects\\\\veydr
ia-cartography\\\\.orchestrate\\\\wt\\\\passage-playtester\\\\web; npx vite-nod
e ../scripts/sim/debug-pending.ts 2>&1 | head -40", "timeout": 120}'
    ),
    extras=None
)
StatusUpdate(
    context_usage=0.4415130615234375,
    token_usage=TokenUsage(
        input_other=1308,
        output=73,
        input_cache_read=114432,
        input_cache_creation=0
    ),
    message_id='chatcmpl-j6uXRyMAQiwrrZnElIRGGHi2'
)
ToolResult(
    tool_call_id='tool_xNnIqmA6zEmISC8l9maFS7yV',
    return_value=ToolReturnValue(
        is_error=False,
        output="trying ngaru_bon irrah spring cheapest keys [ 'ford' ]\r\n  fin
al outcome arrived\r\ntrying ngaru_bon ndjadi spring cheapest keys [ 'ford' ]\r
\n  final outcome perished\r\ntrying kheshkai ngaru_bon spring direct keys [ 'f
ord' ]\r\n  final outcome arrived\r\ntrying kheshkai qollari spring direct keys
[ 'ford', 'bandits' ]\r\n  final outcome perished\r\ntrying kheshkai ndjadi spr
ing fastest keys [ 'ford' ]\r\n  final outcome arrived\r\ntrying kheshkai orava
n spring direct keys [ 'ford', 'bandits' ]\r\n  final outcome perished\r\ntryin
g qollari ngaru_bon spring safest keys [ 'ford' ]\r\n  final outcome perished\r
\ntrying oravan ngaru_bon spring fastest keys [ 'ford' ]\r\n  final outcome arr
ived\r\nNOT FOUND\r\n",
        message='Command executed successfully.',
        display=[],
        extras=None
    )
)
StepBegin(n=31)
ThinkPart(
    type='think',
    think="Interesting! `state.pending` is never set even though signatureKeysI
nState finds keys. Why? Because playPassage advances the state and resolves cho
ices, but `state.pending` is only checked at the start of each loop iteration. 
When state is initialized, pending is null. In the first iteration, playPassage
is called. Inside playPassage, the first `passageAct` with continue should set 
pending if day 1 has signature. But playPassage returns after setting pending (
because it loops: if pending, choose; else act). Wait, let me re-read playPassa
ge:\n\n```\nwhile (state.outcome === 'in-progress' && safety-- > 0) {\n    if (
state.pending) { ... }\n    const before = state\n    const action = basePolicy
(state)\n    state = passageAct(state, action)\n    if (state === before) break
\n}\nreturn { state, choices }\n```\n\nSo playPassage on a non-pending state ca
lls passageAct. If passageAct sets pending, the next iteration sees pending and
calls choicePolicy. So playPassage returns a state that may be pending (if it j
ust set pending and then in next iteration resolved it? No, next iteration woul
d resolve it). Actually playPassage resolves any pending it encounters. So the 
returned state is either terminal or non-pending in-progress.\n\nIn my debug sc
ript, I call playPassage on state with no pending. It plays until terminal or n
o-op. It never returns a pending state. So my debug loop checking `state.pendin
g` after `playPassage` will never see pending.\n\nIn firstPendingWithKey, I hav
e the same issue: I check `if (state.pending)` at top of outer loop, then if no
t pending I call `playPassage` which plays to terminal/resolved. So I never cat
ch pending. The fix is to NOT use playPassage to advance; instead use `passageA
ct` directly in the outer loop, so we can catch pending states.\n\nIn firstPend
ingWithKey, change:\n```\nstate = playPassage(state, survive, cautious).state\n
```\nto\n```\nconst before = state\nstate = passageAct(state, survive(state)) /
/ but base policy needs PassageState\nif (state === before) break\n```\n\nWait,
survive is BasePolicy = (PassageState) => Action. So I can do `passageAct(state
, survive(state))`. But I also need to handle pending resolution when key doesn
't match. If pending doesn't match, I want to resolve just that choice and cont
inue, not play to terminal. So:\n```\nif (state.pending) {\n  if (state.pending
.encounter.key === key) return {state, key}\n  state = passageChoose(state, cau
tious(state.pending, state.journey))\n  continue\n}\nconst before = state\nstat
e = passageAct(state, survive(state))\nif (state === before) break\n```\n\nThis
way I step day by day and catch pending.\n\nSimilarly in debug-pending.ts.\n\nL
et me update firstPendingWithKey in the test.\n\nActually, the issue is that `p
layPassage` consumes pending internally. The outer loop should use lower-level 
`passageAct`/`passageChoose` to observe pending states.\n\nLet me fix firstPend
ingWithKey.",
    encrypted=None
)
ToolCall(
    type='function',
    id='tool_jmISjopJ8YGf297qJsTeV7na',
    function=FunctionBody(
        name='StrReplaceFile',
        arguments='{"path": "C:\\\\Users\\\\perry\\\\DevProjects\\\\veydria-car
tography\\\\.orchestrate\\\\wt\\\\passage-playtester\\\\scripts\\\\sim\\\\passa
ge-run.test.ts", "edit": {"old": "function firstPendingWithKey(key: string): { 
state: PassageState; key: string } | null {\\n  const modes: RouteMode[] = [\'d
irect\', \'cheapest\', \'fastest\', \'safest\']\\n  for (const from of CIVS) {\
\n    for (const to of CIVS) {\\n      if (from === to) continue\\n      for (c
onst season of SEASONS) {\\n        for (const mode of modes) {\\n          con
st opts = makePassageOpts(graph, from, to, season, mode, CARAVAN_SUPPLY, PASSAG
E_PARTY)\\n          if (!opts) continue\\n          let state = initPassage(op
ts)\\n          const cap = (state.journey.totalDays + 1) * 3\\n          let s
afety = cap\\n          while (state.outcome === \'in-progress\' && safety-- > 
0) {\\n            if (state.pending) {\\n              if (state.pending.encou
nter.key === key) {\\n                return { state, key }\\n              }\\
n              state = playPassage(state, survive, cautious).state\\n          
   continue\\n            }\\n            const before = state\\n            st
ate = playPassage(state, survive, cautious).state\\n            if (state === b
efore) break\\n          }\\n        }\\n      }\\n    }\\n  }\\n  return null\
\n}\\n", "new": "function firstPendingWithKey(key: string): { state: PassageSta
te; key: string } | null {\\n  const modes: RouteMode[] = [\'direct\', \'cheape
st\', \'fastest\', \'safest\']\\n  for (const from of CIVS) {\\n    for (const 
to of CIVS) {\\n      if (from === to) continue\\n      for (const season of SE
ASONS) {\\n        for (const mode of modes) {\\n          const opts = makePas
sageOpts(graph, from, to, season, mode, CARAVAN_SUPPLY, PASSAGE_PARTY)\\n      
   if (!opts) continue\\n          let state = initPassage(opts)\\n          co
nst cap = (state.journey.totalDays + 1) * 3\\n          let safety = cap\\n    
     while (state.outcome === \'in-progress\' && safety-- > 0) {\\n            
if (state.pending) {\\n              if (state.pending.encounter.key === key) {
\\n                return { state, key }\\n              }\\n              // R
esolve the non-matching choice and keep stepping so we can catch later ones.\\n
             state = playPassage(state, survive, cautious).state\\n            
 continue\\n            }\\n            const before = state\\n            stat
e = passageAct(state, survive(state))\\n            if (state === before) break
\\n          }\\n        }\\n      }\\n    }\\n  }\\n  return null\\n}\\n"}}'
    ),
    extras=None
)
StatusUpdate(
    context_usage=0.4426307678222656,
    token_usage=TokenUsage(
        input_other=321,
        output=1344,
        input_cache_read=115712,
        input_cache_creation=0
    ),
    message_id='chatcmpl-tX39dhS5zYlxVZiBfuLwrpBZ'
)
ToolResult(
    tool_call_id='tool_jmISjopJ8YGf297qJsTeV7na',
    return_value=ToolReturnValue(
        is_error=False,
        output='',
        message='File successfully edited. Applied 1 edit(s) with 1 total repla
cement(s).',
        display=[
            DiffDisplayBlock(
                type='diff',
                path='C:\\Users\\perry\\DevProjects\\veydria-cartography\\.orch
estrate\\wt\\passage-playtester\\scripts\\sim\\passage-run.test.ts',
                old_text='              if (state.pending.encounter.key === key
) {\n                return { state, key }\n              }\n              stat
e = playPassage(state, survive, cautious).state\n              continue\n      
     }\n            const before = state\n            state = playPassage(state
, survive, cautious).state\n            if (state === before) break\n          
}\n        }',
                new_text='              if (state.pending.encounter.key === key
) {\n                return { state, key }\n              }\n              // R
esolve the non-matching choice and keep stepping so we can catch later ones.\n 
            state = playPassage(state, survive, cautious).state\n              
continue\n            }\n            const before = state\n            state = 
passageAct(state, survive(state))\n            if (state === before) break\n   
      }\n        }'
            )
        ],
        extras=None
    )
)
StepBegin(n=32)
ThinkPart(
    type='think',
    think="But wait, the issue is that when pending doesn't match, I still use 
playPassage which plays to terminal. That's fine if the crossing only has one s
ignature or if the desired key comes after. But if the first pending is non-mat
ching and the crossing has multiple signatures, playPassage will resolve the fi
rst and then continue to terminal, possibly hitting the desired key. Actually p
layPassage DOES resolve choices, so if the desired key is after the non-matchin
g one, playPassage will resolve it too. So using playPassage to resolve non-mat
ching is OK. The problem was only the initial detection of pending.\n\nActually
the real problem was the `else` branch: when no pending, I called playPassage w
hich consumes the upcoming pending internally and never returns pending to the 
outer loop. By changing to `passageAct(state, survive(state))`, the outer loop 
will catch pending in the next iteration.\n\nBut when pending exists and doesn'
t match, playPassage resolves it and returns terminal or non-pending. That's OK
for finding a later matching key? No, because playPassage might play to termina
l and never give the outer loop a chance to check for the desired key after res
olving the non-matching one. But playPassage internally will hit any subsequent
signatures and resolve them. It returns after terminal or no-op. So if the desi
red key is after the non-matching one, playPassage will consume it too, and the
outer loop won't see it.\n\nHowever, for the determinism test, I can scan for a
crossing where the FIRST pending is the desired key. The `if (state.pending)` c
heck catches it immediately. I only fall into the non-matching path if the firs
t pending is a different key. Since I scan in fixed order, I'll find a crossing
where the first pending matches eventually.\n\nActually, I could improve by ste
pping more carefully, but it's not necessary. The scan will find a matching fir
st-pending crossing.\n\nBut there's still a subtle issue: the first `passageAct
` may set pending. Then the next iteration sees it and returns. Good.\n\nLet me
re-run the tests.",
    encrypted=None
)
ToolCall(
    type='function',
    id='tool_RJgKUqPesLtKXyKlNorUcLT7',
    function=FunctionBody(
        name='Shell',
        arguments='{"command": "cd C:\\\\Users\\\\perry\\\\DevProjects\\\\veydr
ia-cartography\\\\.orchestrate\\\\wt\\\\passage-playtester\\\\web; npx vitest r
un --reporter=verbose ../scripts/sim/passage-run.test.ts 2>&1 | tail -60", "tim
eout": 180}'
    ),
    extras=None
)
StatusUpdate(
    context_usage=0.4479103088378906,
    token_usage=TokenUsage(
        input_other=1449,
        output=512,
        input_cache_read=115968,
        input_cache_creation=0
    ),
    message_id='chatcmpl-CAxKoQ0Snvx1InHJTBUdOWs2'
)
ToolResult(
    tool_call_id='tool_RJgKUqPesLtKXyKlNorUcLT7',
    return_value=ToolReturnValue(
        is_error=True,
        output='\r\n\x1b[1m\x1b[7m\x1b[36m RUN \x1b[39m\x1b[27m\x1b[22m \x1b[36
mv2.1.9 \x1b[39m\x1b[90mC:/Users/perry/DevProjects/veydria-cartography/.orchest
rate/wt/passage-playtester/web\x1b[39m\r\n\r\n \x1b[31m??\x1b[39m ../scripts/si
m/passage-run.test.ts\x1b[2m > \x1b[22mfork determinism\x1b[2m > \x1b[22mforkIn
stance is deterministic and non-mutating for ford\r\n\x1b[31m   ??? passageAct 
is not defined\x1b[39m\r\n \x1b[31m??\x1b[39m ../scripts/sim/passage-run.test.t
s\x1b[2m > \x1b[22mfork determinism\x1b[2m > \x1b[22mforkInstance is determinis
tic and non-mutating for bandits\r\n\x1b[31m   ??? passageAct is not defined\x1
b[39m\r\n \x1b[31m??\x1b[39m ../scripts/sim/passage-run.test.ts\x1b[2m > \x1b[2
2mfork determinism\x1b[2m > \x1b[22mforkInstance is deterministic and non-mutat
ing for fever\r\n\x1b[31m   ??? passageAct is not defined\x1b[39m\r\n \x1b[32m?
??\x1b[39m ../scripts/sim/passage-run.test.ts\x1b[2m > \x1b[22mmetric helpers o
n synthetic branches\x1b[2m > \x1b[22mdominance picks branch that is ??? others
on arrived/water/rations\r\n \x1b[32m???\x1b[39m ../scripts/sim/passage-run.tes
t.ts\x1b[2m > \x1b[22mmetric helpers on synthetic branches\x1b[2m > \x1b[22mdea
d branches are those best-on-no-axis\r\n \x1b[32m???\x1b[39m ../scripts/sim/pas
sage-run.test.ts\x1b[2m > \x1b[22mmetric helpers on synthetic branches\x1b[2m >
\x1b[22mdifferentiation computes max-min ranges\r\n \x1b[32m???\x1b[39m ../scri
pts/sim/passage-run.test.ts\x1b[2m > \x1b[22mmetric helpers on synthetic branch
es\x1b[2m > \x1b[22mimpact counts distinct outcomes\r\n \x1b[32m???\x1b[39m ../
scripts/sim/passage-run.test.ts\x1b[2m > \x1b[22mmetric helpers on synthetic br
anches\x1b[2m > \x1b[22mmedian handles odd and even counts\r\n \x1b[32m???\x1b[
39m ../scripts/sim/passage-run.test.ts\x1b[2m > \x1b[22mknown-finding regressio
n\x1b[2m > \x1b[22mKheshkai ??? Irrah, winter, direct buckets bandits ???2?? an
d lists customs raid + plague quarantine as non-interactive severe beats\r\n \x
1b[32m???\x1b[39m ../scripts/sim/passage-run.test.ts\x1b[2m > \x1b[22mknown-fin
ding regression\x1b[2m > \x1b[22mKheshkai ??? Qollari, spring, direct, standard
supply dies/aborts with zero signature choices\r\n \x1b[32m???\x1b[39m ../scrip
ts/sim/passage-run.test.ts\x1b[2m > \x1b[22mwalkWithForks\x1b[2m > \x1b[22mreco
rds an instance for each signature choice presented by the baseline\r\n\r\nnode
.exe : \x1b[31m?????????????????????\x1b[1m\x1b[7m Failed Tests 3 \x1b[27m\x1b[
22m?????????????????????\x1b[39m\r\nAt C:\\Program Files\\nodejs\\npx.ps1:29 ch
ar:3\r\n+   & $NODE_EXE $NPX_CLI_JS $args\r\n+   ~~~~~~~~~~~~~~~~~~~~~~~~~~~~~\
r\n    + CategoryInfo          : NotSpecified: (\x1b[31m??????????...??????????
\x1b[39m:String) [], RemoteException\r\n    + FullyQualifiedErrorId : NativeCom
mandError\r\n \r\n\r\n\x1b[31m\x1b[1m\x1b[7m FAIL \x1b[27m\x1b[22m\x1b[39m ../s
cripts/sim/passage-run.test.ts\x1b[2m > \x1b[22mfork determinism\x1b[2m > \r\n\
x1b[22mforkInstance is deterministic and non-mutating for ford\r\n\x1b[31m\x1b[
1m\x1b[7m FAIL \x1b[27m\x1b[22m\x1b[39m ../scripts/sim/passage-run.test.ts\x1b[
2m > \x1b[22mfork determinism\x1b[2m > \r\n\x1b[22mforkInstance is deterministi
c and non-mutating for bandits\r\n\x1b[31m\x1b[1m\x1b[7m FAIL \x1b[27m\x1b[22m\
x1b[39m ../scripts/sim/passage-run.test.ts\x1b[2m > \x1b[22mfork determinism\x1
b[2m > \r\n\x1b[22mforkInstance is deterministic and non-mutating for fever\r\n
\x1b[31m\x1b[1mReferenceError\x1b[22m: passageAct is not defined\x1b[39m\r\n\x1
b[36m \x1b[2m???\x1b[22m firstPendingWithKey ../scripts/sim/passage-run.test.ts
:\x1b[2m62:13\x1b[22m\x1b[39m\r\n    \x1b[90m 60| \x1b[39m            }\r\n    
\x1b[90m 61| \x1b[39m            \x1b[35mconst\x1b[39m before \x1b[33m=\x1b[39m
state\r\n    \x1b[90m 62| \x1b[39m            state \x1b[33m=\x1b[39m \x1b[34mp
assageAct\x1b[39m(state\x1b[33m,\x1b[39m \x1b[34msurvive\x1b[39m(state))\r\n   
\x1b[90m   | \x1b[39m            \x1b[31m^\x1b[39m\r\n    \x1b[90m 63| \x1b[39m
           \x1b[35mif\x1b[39m (state \x1b[33m===\x1b[39m before) \x1b[35mbreak\
x1b[39m\r\n    \x1b[90m 64| \x1b[39m          }\r\n\x1b[90m \x1b[2m???\x1b[22m 
../scripts/sim/passage-run.test.ts:\x1b[2m77:21\x1b[22m\x1b[39m\r\n\r\n\x1b[31m
\x1b[2m????????????????????????????????????????????????????????????????????????
[1/3]???\x1b[22m\x1b[39m\r\n\r\n\x1b[2m Test Files \x1b[22m \x1b[1m\x1b[31m1 fa
iled\x1b[39m\x1b[22m\x1b[90m (1)\x1b[39m\r\n\x1b[2m      Tests \x1b[22m \x1b[1m
\x1b[31m3 failed\x1b[39m\x1b[22m\x1b[2m | \x1b[22m\x1b[1m\x1b[32m8 passed\x1b[3
9m\x1b[22m\x1b[90m (11)\x1b[39m\r\n\x1b[2m   Start at \x1b[22m 12:02:45\r\n\x1b
[2m   Duration \x1b[22m 1.26s\x1b[2m (transform 248ms, setup 0ms, collect 656ms
, tests 27ms, environment 0ms, prepare 226ms)\x1b[22m\r\n\r\n',
        message='Command failed with exit code: 1.',
        display=[
            BriefDisplayBlock(type='brief', text='Failed with exit code: 1')
        ],
        extras=None
    )
)
StepBegin(n=33)
ThinkPart(
    type='think',
    think='Need to import passageAct from passage-run (or from passage engine).
Add to imports.',
    encrypted=None
)
ToolCall(
    type='function',
    id='tool_1uol1loJF23cUGcaQZEPVNl9',
    function=FunctionBody(
        name='StrReplaceFile',
        arguments='{"path": "C:\\\\Users\\\\perry\\\\DevProjects\\\\veydria-car
tography\\\\.orchestrate\\\\wt\\\\passage-playtester\\\\scripts\\\\sim\\\\passa
ge-run.test.ts", "edit": {"old": "import {\\n  CIVS,\\n  SEASONS,\\n  STANDARD_
SUPPLY,\\n  CARAVAN_SUPPLY,\\n  PASSAGE_PARTY,\\n  makePassageOpts,\\n  initPas
sage,\\n  playPassage,\\n  forkInstance,\\n  walkWithForks,\\n  countSignatureF
iresPerCrossing,\\n  allInitialEncounters,\\n  computeInstanceDominance,\\n  co
mputeDifferentiation,\\n  countDistinctOutcomes,\\n  median,\\n  loadGraph,\\n}
from \'./passage-run\'\\n", "new": "import {\\n  CIVS,\\n  SEASONS,\\n  STANDAR
D_SUPPLY,\\n  CARAVAN_SUPPLY,\\n  PASSAGE_PARTY,\\n  makePassageOpts,\\n  initP
assage,\\n  passageAct,\\n  playPassage,\\n  forkInstance,\\n  walkWithForks,\\
n  countSignatureFiresPerCrossing,\\n  allInitialEncounters,\\n  computeInstanc
eDominance,\\n  computeDifferentiation,\\n  countDistinctOutcomes,\\n  median,\
\n  loadGraph,\\n} from \'./passage-run\'\\n"}}'
    ),
    extras=None
)
StatusUpdate(
    context_usage=0.4553794860839844,
    token_usage=TokenUsage(
        input_other=2127,
        output=327,
        input_cache_read=117248,
        input_cache_creation=0
    ),
    message_id='chatcmpl-cNbspd6JGbIVv3Fz5J4BonVh'
)
ToolResult(
    tool_call_id='tool_1uol1loJF23cUGcaQZEPVNl9',
    return_value=ToolReturnValue(
        is_error=False,
        output='',
        message='File successfully edited. Applied 1 edit(s) with 1 total repla
cement(s).',
        display=[
            DiffDisplayBlock(
                type='diff',
                path='C:\\Users\\perry\\DevProjects\\veydria-cartography\\.orch
estrate\\wt\\passage-playtester\\scripts\\sim\\passage-run.test.ts',
                old_text='  PASSAGE_PARTY,\n  makePassageOpts,\n  initPassage,\
n  playPassage,\n  forkInstance,\n  walkWithForks,',
                new_text='  PASSAGE_PARTY,\n  makePassageOpts,\n  initPassage,\
n  passageAct,\n  playPassage,\n  forkInstance,\n  walkWithForks,'
            )
        ],
        extras=None
    )
)
StepBegin(n=34)
ThinkPart(
    type='think',
    think="Need to export passageAct from passage-run.ts too. I use it internal
ly but didn't export it. Let me export it.",
    encrypted=None
)
ToolCall(
    type='function',
    id='tool_jdXMb5gI1qoAzcrhVDMrDIud',
    function=FunctionBody(
        name='StrReplaceFile',
        arguments='{"path": "C:\\\\Users\\\\perry\\\\DevProjects\\\\veydria-car
tography\\\\.orchestrate\\\\wt\\\\passage-playtester\\\\scripts\\\\sim\\\\passa
ge-run.ts", "edit": {"old": "import {\\n  initPassage as initPassageFromEngine,
\\n  passageAct,\\n  passageChoose,\\n  SIGNATURE_CHOICES,\\n  type PassageStat
e,\\n  type PendingEncounter,\\n  type EncounterChoice,\\n  type PassageOutcome
,\\n} from \'../../web/src/utils/passage\'\\n", "new": "import {\\n  initPassag
e as initPassageFromEngine,\\n  passageAct as passageActEngine,\\n  passageChoo
se as passageChooseEngine,\\n  SIGNATURE_CHOICES,\\n  type PassageState,\\n  ty
pe PendingEncounter,\\n  type EncounterChoice,\\n  type PassageOutcome,\\n} fro
m \'../../web/src/utils/passage\'\\n"}}'
    ),
    extras=None
)
StatusUpdate(
    context_usage=0.45677947998046875,
    token_usage=TokenUsage(
        input_other=446,
        output=238,
        input_cache_read=119296,
        input_cache_creation=0
    ),
    message_id='chatcmpl-jUS5iW5P6MNX2yMdU9GBlbJT'
)
ToolResult(
    tool_call_id='tool_jdXMb5gI1qoAzcrhVDMrDIud',
    return_value=ToolReturnValue(
        is_error=False,
        output='',
        message='File successfully edited. Applied 1 edit(s) with 1 total repla
cement(s).',
        display=[
            DiffDisplayBlock(
                type='diff',
                path='C:\\Users\\perry\\DevProjects\\veydria-cartography\\.orch
estrate\\wt\\passage-playtester\\scripts\\sim\\passage-run.ts',
                old_text="} from '../../web/src/utils/journey-days'\nimport {\n
 initPassage as initPassageFromEngine,\n  passageAct,\n  passageChoose,\n  SIGN
ATURE_CHOICES,\n  type PassageState,\n  type PendingEncounter,",
                new_text="} from '../../web/src/utils/journey-days'\nimport {\n
 initPassage as initPassageFromEngine,\n  passageAct as passageActEngine,\n  pa
ssageChoose as passageChooseEngine,\n  SIGNATURE_CHOICES,\n  type PassageState,
\n  type PendingEncounter,"
            )
        ],
        extras=None
    )
)
StepBegin(n=35)
ThinkPart(
    type='think',
    think='Now update all usages in passage-run.ts from passageAct to passageAc
tEngine and passageChoose to passageChooseEngine.',
    encrypted=None
)
ToolCall(
    type='function',
    id='tool_q8m49FUgvyVwJ5IDpJ0LDm0v',
    function=FunctionBody(
        name='StrReplaceFile',
        arguments='{"path": "C:\\\\Users\\\\perry\\\\DevProjects\\\\veydria-car
tography\\\\.orchestrate\\\\wt\\\\passage-playtester\\\\scripts\\\\sim\\\\passa
ge-run.ts", "edit": [{"old": "    state = passageAct(state, action)\\n", "new":
"    state = passageActEngine(state, action)\\n"}, {"old": "  let branch = pass
ageChoose(pendingState, index)\\n", "new": "  let branch = passageChooseEngine(
pendingState, index)\\n"}, {"old": "      state = passageChoose(state, baseline
Chosen)\\n", "new": "      state = passageChooseEngine(state, baselineChosen)\\
n"}, {"old": "    state = passageAct(state, action)\\n", "new": "    state = pa
ssageActEngine(state, action)\\n"}]}'
    ),
    extras=None
)
StatusUpdate(
    context_usage=0.4578399658203125,
    token_usage=TokenUsage(
        input_other=468,
        output=213,
        input_cache_read=119552,
        input_cache_creation=0
    ),
    message_id='chatcmpl-ndeOix4IgfDI9nxIBflo0NB1'
)
ToolResult(
    tool_call_id='tool_q8m49FUgvyVwJ5IDpJ0LDm0v',
    return_value=ToolReturnValue(
        is_error=False,
        output='',
        message='File successfully edited. Applied 4 edit(s) with 4 total repla
cement(s).',
        display=[
            DiffDisplayBlock(
                type='diff',
                path='C:\\Users\\perry\\DevProjects\\veydria-cartography\\.orch
estrate\\wt\\passage-playtester\\scripts\\sim\\passage-run.ts',
                old_text='    }\n    const before = state\n    const action = b
asePolicy(state)\n    state = passageAct(state, action)\n    if (state === befo
re) break\n  }\n  return { state, choices }',
                new_text='    }\n    const before = state\n    const action = b
asePolicy(state)\n    state = passageActEngine(state, action)\n    if (state ==
= before) break\n  }\n  return { state, choices }'
            ),
            DiffDisplayBlock(
                type='diff',
                path='C:\\Users\\perry\\DevProjects\\veydria-cartography\\.orch
estrate\\wt\\passage-playtester\\scripts\\sim\\passage-run.ts',
                old_text="  const key = pendingState.pending.encounter.key ?? '
unknown'\n  const day = currentDayLabel(pendingState) + 1\n  return choices.map
((choice, index) => {\n    let branch = passageChoose(pendingState, index)\n   
const result = playPassage(branch, downstreamBase, downstreamChoice)\n    const
final = result.state\n    return {",
                new_text="  const key = pendingState.pending.encounter.key ?? '
unknown'\n  const day = currentDayLabel(pendingState) + 1\n  return choices.map
((choice, index) => {\n    let branch = passageChooseEngine(pendingState, index
)\n    const result = playPassage(branch, downstreamBase, downstreamChoice)\n  
 const final = result.state\n    return {"
            ),
            DiffDisplayBlock(
                type='diff',
                path='C:\\Users\\perry\\DevProjects\\veydria-cartography\\.orch
estrate\\wt\\passage-playtester\\scripts\\sim\\passage-run.ts',
                old_text='        branches,\n        baselineChosen,\n      })\
n      state = passageChoose(state, baselineChosen)\n      continue\n    }\n   
const before = state\n    const action = baselineBase(state)\n    state = passa
geAct(state, action)\n    if (state === before) break\n  }\n  return { finalSta
te: state, instances }',
                new_text='        branches,\n        baselineChosen,\n      })\
n      state = passageChooseEngine(state, baselineChosen)\n      continue\n    
}\n    const before = state\n    const action = baselineBase(state)\n    state 
= passageActEngine(state, action)\n    if (state === before) break\n  }\n  retu
rn { finalState: state, instances }'
            )
        ],
        extras=None
    )
)
StepBegin(n=36)
ThinkPart(
    type='think',
    think='Now export passageAct and passageChoose aliases.',
    encrypted=None
)
ToolCall(
    type='function',
    id='tool_xp4OFlV8LgXXePEKFMHdzVNB',
    function=FunctionBody(
        name='StrReplaceFile',
        arguments='{"path": "C:\\\\Users\\\\perry\\\\DevProjects\\\\veydria-car
tography\\\\.orchestrate\\\\wt\\\\passage-playtester\\\\scripts\\\\sim\\\\passa
ge-run.ts", "edit": {"old": "/** Re-export the engine\'s passage initializer so
callers (tests, playthrough)\\n *  can build a PassageState from a full Journey
StateOpts in one import. */\\nexport { initPassageFromEngine as initPassage }\\
n", "new": "/** Re-export the engine\'s passage primitives so callers (tests, p
laythrough)\\n *  can build and step a PassageState from one import. */\\nexpor
t { initPassageFromEngine as initPassage }\\nexport { passageActEngine as passa
geAct }\\nexport { passageChooseEngine as passageChoose }\\n"}}'
    ),
    extras=None
)
StatusUpdate(
    context_usage=0.4588050842285156,
    token_usage=TokenUsage(
        input_other=465,
        output=192,
        input_cache_read=119808,
        input_cache_creation=0
    ),
    message_id='chatcmpl-97c6bLeqrpXgfzzmZTgk6lyJ'
)
ToolResult(
    tool_call_id='tool_xp4OFlV8LgXXePEKFMHdzVNB',
    return_value=ToolReturnValue(
        is_error=False,
        output='',
        message='File successfully edited. Applied 1 edit(s) with 1 total repla
cement(s).',
        display=[
            DiffDisplayBlock(
                type='diff',
                path='C:\\Users\\perry\\DevProjects\\veydria-cartography\\.orch
estrate\\wt\\passage-playtester\\scripts\\sim\\passage-run.ts',
                old_text="  return buildGraphFromGeojson()\n}\n\n/** Re-export 
the engine's passage initializer so callers (tests, playthrough)\n *  can build
a PassageState from a full JourneyStateOpts in one import. */\nexport { initPas
sageFromEngine as initPassage }",
                new_text="  return buildGraphFromGeojson()\n}\n\n/** Re-export 
the engine's passage primitives so callers (tests, playthrough)\n *  can build 
and step a PassageState from one import. */\nexport { initPassageFromEngine as 
initPassage }\nexport { passageActEngine as passageAct }\nexport { passageChoos
eEngine as passageChoose }"
            )
        ],
        extras=None
    )
)
StepBegin(n=37)
ThinkPart(type='think', think='Re-run tests.', encrypted=None)
ToolCall(
    type='function',
    id='tool_jmEDG5EdBb7qa7EceBEGQBMY',
    function=FunctionBody(
        name='Shell',
        arguments='{"command": "cd C:\\\\Users\\\\perry\\\\DevProjects\\\\veydr
ia-cartography\\\\.orchestrate\\\\wt\\\\passage-playtester\\\\web; npx vitest r
un --reporter=verbose ../scripts/sim/passage-run.test.ts 2>&1 | tail -60", "tim
eout": 180}'
    ),
    extras=None
)
StatusUpdate(
    context_usage=0.4596900939941406,
    token_usage=TokenUsage(
        input_other=441,
        output=84,
        input_cache_read=120064,
        input_cache_creation=0
    ),
    message_id='chatcmpl-pq1XkKe7EGUL6OcxCzaqstmr'
)
ToolResult(
    tool_call_id='tool_jmEDG5EdBb7qa7EceBEGQBMY',
    return_value=ToolReturnValue(
        is_error=True,
        output=' \x1b[32m???\x1b[39m ../scripts/sim/passage-run.test.ts\x1b[2m 
> \x1b[22mfork determinism\x1b[2m > \x1b[22mforkInstance is deterministic and n
on-mutating for bandits\r\n \x1b[31m??\x1b[39m ../scripts/sim/passage-run.test.
ts\x1b[2m > \x1b[22mfork determinism\x1b[2m > \x1b[22mforkInstance is determini
stic and non-mutating for fever\r\n\x1b[31m   ??? passageChoose is not defined\
x1b[39m\r\n \x1b[32m???\x1b[39m ../scripts/sim/passage-run.test.ts\x1b[2m > \x1
b[22mmetric helpers on synthetic branches\x1b[2m > \x1b[22mdominance picks bran
ch that is ??? others on arrived/water/rations\r\n \x1b[32m???\x1b[39m ../scrip
ts/sim/passage-run.test.ts\x1b[2m > \x1b[22mmetric helpers on synthetic branche
s\x1b[2m > \x1b[22mdead branches are those best-on-no-axis\r\n \x1b[32m???\x1b[
39m ../scripts/sim/passage-run.test.ts\x1b[2m > \x1b[22mmetric helpers on synth
etic branches\x1b[2m > \x1b[22mdifferentiation computes max-min ranges\r\n \x1b
[32m???\x1b[39m ../scripts/sim/passage-run.test.ts\x1b[2m > \x1b[22mmetric help
ers on synthetic branches\x1b[2m > \x1b[22mimpact counts distinct outcomes\r\n 
\x1b[32m???\x1b[39m ../scripts/sim/passage-run.test.ts\x1b[2m > \x1b[22mmetric 
helpers on synthetic branches\x1b[2m > \x1b[22mmedian handles odd and even coun
ts\r\n \x1b[32m???\x1b[39m ../scripts/sim/passage-run.test.ts\x1b[2m > \x1b[22m
known-finding regression\x1b[2m > \x1b[22mKheshkai ??? Irrah, winter, direct bu
ckets bandits ???2?? and lists customs raid + plague quarantine as non-interact
ive severe beats\r\n \x1b[32m???\x1b[39m ../scripts/sim/passage-run.test.ts\x1b
[2m > \x1b[22mknown-finding regression\x1b[2m > \x1b[22mKheshkai ??? Qollari, s
pring, direct, standard supply dies/aborts with zero signature choices\r\n \x1b
[31m??\x1b[39m ../scripts/sim/passage-run.test.ts\x1b[2m > \x1b[22mwalkWithFork
s\x1b[2m > \x1b[22mrecords an instance for each signature choice presented by t
he baseline\r\n\x1b[31m   ??? passageChoose is not defined\x1b[39m\r\n\r\nnode.
exe : \x1b[31m?????????????????????\x1b[1m\x1b[7m Failed Tests 3 \x1b[27m\x1b[2
2m?????????????????????\x1b[39m\r\nAt C:\\Program Files\\nodejs\\npx.ps1:29 cha
r:3\r\n+   & $NODE_EXE $NPX_CLI_JS $args\r\n+   ~~~~~~~~~~~~~~~~~~~~~~~~~~~~~\r
\n    + CategoryInfo          : NotSpecified: (\x1b[31m??????????...??????????\
x1b[39m:String) [], RemoteException\r\n    + FullyQualifiedErrorId : NativeComm
andError\r\n \r\n\r\n\x1b[31m\x1b[1m\x1b[7m FAIL \x1b[27m\x1b[22m\x1b[39m ../sc
ripts/sim/passage-run.test.ts\x1b[2m > \x1b[22mfork determinism\x1b[2m > \r\n\x
1b[22mforkInstance is deterministic and non-mutating for ford\r\n\x1b[31m\x1b[1
m\x1b[7m FAIL \x1b[27m\x1b[22m\x1b[39m ../scripts/sim/passage-run.test.ts\x1b[2
m > \x1b[22mfork determinism\x1b[2m > \r\n\x1b[22mforkInstance is deterministic
and non-mutating for fever\r\n\x1b[31m\x1b[1mReferenceError\x1b[22m: passageCho
ose is not defined\x1b[39m\r\n\x1b[36m \x1b[2m???\x1b[22m Module.playPassage ..
/scripts/sim/passage-run.ts:\x1b[2m213:7\x1b[22m\x1b[39m\r\n    \x1b[90m211| \x
1b[39m        offered\x1b[33m:\x1b[39m state\x1b[33m.\x1b[39mpending\x1b[33m.\x
1b[39mchoices\x1b[33m.\x1b[39mlength\x1b[33m,\x1b[39m\r\n    \x1b[90m212| \x1b[
39m      })\r\n    \x1b[90m213| \x1b[39m      state \x1b[33m=\x1b[39m \x1b[34mp
assageChoose\x1b[39m(state\x1b[33m,\x1b[39m idx)\r\n    \x1b[90m   | \x1b[39m  
   \x1b[31m^\x1b[39m\r\n    \x1b[90m214| \x1b[39m      \x1b[35mcontinue\x1b[39m
\r\n    \x1b[90m215| \x1b[39m    }\r\n\x1b[90m \x1b[2m???\x1b[22m firstPendingW
ithKey ../scripts/sim/passage-run.test.ts:\x1b[2m59:23\x1b[22m\x1b[39m\r\n\x1b[
90m \x1b[2m???\x1b[22m ../scripts/sim/passage-run.test.ts:\x1b[2m78:21\x1b[22m\
x1b[39m\r\n\r\n\x1b[31m\x1b[2m?????????????????????????????????????????????????
???????????????????????[1/3]???\x1b[22m\x1b[39m\r\n\r\n\x1b[31m\x1b[1m\x1b[7m F
AIL \x1b[27m\x1b[22m\x1b[39m ../scripts/sim/passage-run.test.ts\x1b[2m > \x1b[2
2mwalkWithForks\x1b[2m > \x1b[22mrecords an \r\ninstance for each signature cho
ice presented by the baseline\r\n\x1b[31m\x1b[1mReferenceError\x1b[22m: passage
Choose is not defined\x1b[39m\r\n\x1b[36m \x1b[2m???\x1b[22m playPassage ../scr
ipts/sim/passage-run.ts:\x1b[2m213:7\x1b[22m\x1b[39m\r\n    \x1b[90m211| \x1b[3
9m        offered\x1b[33m:\x1b[39m state\x1b[33m.\x1b[39mpending\x1b[33m.\x1b[3
9mchoices\x1b[33m.\x1b[39mlength\x1b[33m,\x1b[39m\r\n    \x1b[90m212| \x1b[39m 
    })\r\n    \x1b[90m213| \x1b[39m      state \x1b[33m=\x1b[39m \x1b[34mpassag
eChoose\x1b[39m(state\x1b[33m,\x1b[39m idx)\r\n    \x1b[90m   | \x1b[39m      \
x1b[31m^\x1b[39m\r\n    \x1b[90m214| \x1b[39m      \x1b[35mcontinue\x1b[39m\r\n
   \x1b[90m215| \x1b[39m    }\r\n\x1b[90m \x1b[2m???\x1b[22m ../scripts/sim/pas
sage-run.ts:\x1b[2m237:20\x1b[22m\x1b[39m\r\n\x1b[90m \x1b[2m???\x1b[22m forkIn
stance ../scripts/sim/passage-run.ts:\x1b[2m235:18\x1b[22m\x1b[39m\r\n\x1b[90m 
\x1b[2m???\x1b[22m Module.walkWithForks ../scripts/sim/passage-run.ts:\x1b[2m26
6:24\x1b[22m\x1b[39m\r\n\x1b[90m \x1b[2m???\x1b[22m ../scripts/sim/passage-run.
test.ts:\x1b[2m172:39\x1b[22m\x1b[39m\r\n\r\n\x1b[31m\x1b[2m???????????????????
?????????????????????????????????????????????????????[2/3]???\x1b[22m\x1b[39m\r
\n\r\n\x1b[2m Test Files \x1b[22m \x1b[1m\x1b[31m1 failed\x1b[39m\x1b[22m\x1b[9
0m (1)\x1b[39m\r\n\x1b[2m      Tests \x1b[22m \x1b[1m\x1b[31m3 failed\x1b[39m\x
1b[22m\x1b[2m | \x1b[22m\x1b[1m\x1b[32m8 passed\x1b[39m\x1b[22m\x1b[90m (11)\x1
b[39m\r\n\x1b[2m   Start at \x1b[22m 12:03:29\r\n\x1b[2m   Duration \x1b[22m 1.
41s\x1b[2m (transform 284ms, setup 0ms, collect 695ms, tests 28ms, environment 
0ms, prepare 227ms)\x1b[22m\r\n\r\n',
        message='Command failed with exit code: 1.',
        display=[
            BriefDisplayBlock(type='brief', text='Failed with exit code: 1')
        ],
        extras=None
    )
)
StepBegin(n=38)
ThinkPart(
    type='think',
    think="I see - inside passage-run.ts, I renamed the import to passageChoose
Engine but the export alias didn't create a local binding. The internal code us
es `passageChooseEngine` now, but the error says `passageChoose is not defined`
at line 213 of passage-run.ts. Wait, that means my replacement didn't catch all
usages? Let me check.\n\nLine 213 is `state = passageChoose(state, idx)`. That'
s in playPassage. Did my replacement miss it? I replaced `passageChoose(` with 
`passageChooseEngine(`. But maybe there was a different occurrence. Let me read
passage-run.ts around line 213.",
    encrypted=None
)
ToolCall(
    type='function',
    id='tool_6c5L9u8xkMhiBovFnIDKBV3A',
    function=FunctionBody(
        name='ReadFile',
        arguments='{"path": "C:\\\\Users\\\\perry\\\\DevProjects\\\\veydria-car
tography\\\\.orchestrate\\\\wt\\\\passage-playtester\\\\scripts\\\\sim\\\\passa
ge-run.ts", "line_offset": 190, "n_lines": 90}'
    ),
    extras=None
)
StatusUpdate(
    context_usage=0.4666290283203125,
    token_usage=TokenUsage(
        input_other=2004,
        output=200,
        input_cache_read=120320,
        input_cache_creation=0
    ),
    message_id='chatcmpl-CQd5VBVFGuiYxPfkyEb6HfAi'
)
ToolResult(
    tool_call_id='tool_6c5L9u8xkMhiBovFnIDKBV3A',
    return_value=ToolOk(
        is_error=False,
        output="   190\t\n   191\tfunction currentDayLabel(state: PassageState)
: number {\n   192\t  return state.journey.dayNum + state.extraDays\n   193\t}\
n   194\t\n   195\texport function playPassage(\n   196\t  state0: PassageState
,\n   197\t  basePolicy: BasePolicy,\n   198\t  choicePolicy: ChoicePolicy,\n  
199\t): { state: PassageState; choices: ResolvedChoice[] } {\n   200\t  let sta
te = state0\n   201\t  const choices: ResolvedChoice[] = []\n   202\t  const ca
p = (state.journey.totalDays + 1) * 3\n   203\t  let safety = cap\n   204\t  wh
ile (state.outcome === 'in-progress' && safety-- > 0) {\n   205\t    if (state.
pending) {\n   206\t      const idx = choicePolicy(state.pending, state.journey
)\n   207\t      choices.push({\n   208\t        key: state.pending.encounter.k
ey ?? 'unknown',\n   209\t        day: currentDayLabel(state) + 1,\n   210\t   
    chosenIndex: idx,\n   211\t        offered: state.pending.choices.length,\n
  212\t      })\n   213\t      state = passageChoose(state, idx)\n   214\t     
continue\n   215\t    }\n   216\t    const before = state\n   217\t    const ac
tion = basePolicy(state)\n   218\t    state = passageActEngine(state, action)\n
  219\t    if (state === before) break\n   220\t  }\n   221\t  return { state, 
choices }\n   222\t}\n   223\t\n   224\t/* ─── Counterfactual fork ─── */\n   2
25\t\n   226\texport function forkInstance(\n   227\t  pendingState: PassageSta
te,\n   228\t  downstreamBase: BasePolicy,\n   229\t  downstreamChoice: ChoiceP
olicy,\n   230\t): BranchOutcome[] {\n   231\t  if (!pendingState.pending) retu
rn []\n   232\t  const choices = pendingState.pending.choices\n   233\t  const 
key = pendingState.pending.encounter.key ?? 'unknown'\n   234\t  const day = cu
rrentDayLabel(pendingState) + 1\n   235\t  return choices.map((choice, index) =
> {\n   236\t    let branch = passageChooseEngine(pendingState, index)\n   237\
t    const result = playPassage(branch, downstreamBase, downstreamChoice)\n   2
38\t    const final = result.state\n   239\t    return {\n   240\t      index,\
n   241\t      label: choice.label,\n   242\t      risk: choice.outcome.risk ??
'none',\n   243\t      outcome: final.outcome,\n   244\t      finalRations: fin
al.journey.rationsLeft,\n   245\t      finalWater: final.journey.waterLeft,\n  
246\t      totalDays: final.journey.dayNum + final.extraDays,\n   247\t    }\n 
 248\t  })\n   249\t}\n   250\t\n   251\t/* ─── Walk with forks ─── */\n   252\
t\n   253\texport function walkWithForks(\n   254\t  state0: PassageState,\n   
255\t  baselineBase: BasePolicy,\n   256\t  baselineChoice: ChoicePolicy,\n   2
57\t  downstreamBase: BasePolicy,\n   258\t  downstreamChoice: ChoicePolicy,\n 
 259\t): { finalState: PassageState; instances: Instance[] } {\n   260\t  const
instances: Instance[] = []\n   261\t  let state = state0\n   262\t  const cap =
(state.journey.totalDays + 1) * 3\n   263\t  let safety = cap\n   264\t  while 
(state.outcome === 'in-progress' && safety-- > 0) {\n   265\t    if (state.pend
ing) {\n   266\t      const branches = forkInstance(state, downstreamBase, down
streamChoice)\n   267\t      const baselineChosen = baselineChoice(state.pendin
g, state.journey)\n   268\t      instances.push({\n   269\t        key: state.p
ending.encounter.key ?? 'unknown',\n   270\t        day: currentDayLabel(state)
+ 1,\n   271\t        offered: state.pending.choices.length,\n   272\t        b
ranches,\n   273\t        baselineChosen,\n   274\t      })\n   275\t      stat
e = passageChooseEngine(state, baselineChosen)\n   276\t      continue\n   277\
t    }\n   278\t    const before = state\n   279\t    const action = baselineBa
se(state)\n",
        message='90 lines read from file starting from line 190.',
        display=[],
        extras=None
    )
)
StepBegin(n=39)
ThinkPart(
    type='think',
    think="Line 213 still has `passageChoose`. My earlier replacement didn't ca
tch it because it was inside playPassage which I might have replaced before? Ac
tually I did 4 replacements but missed this one. Let me fix. Also line 218 has 
passageActEngine. Need line 213 to be passageChooseEngine.\n\nAlso check line 2
79 for passageActEngine.",
    encrypted=None
)
ToolCall(
    type='function',
    id='tool_jW7MRVIz9OkELXUlKNaPrjUY',
    function=FunctionBody(
        name='StrReplaceFile',
        arguments='{"path": "C:\\\\Users\\\\perry\\\\DevProjects\\\\veydria-car
tography\\\\.orchestrate\\\\wt\\\\passage-playtester\\\\scripts\\\\sim\\\\passa
ge-run.ts", "edit": {"old": "      state = passageChoose(state, idx)\\n", "new"
: "      state = passageChooseEngine(state, idx)\\n"}}'
    ),
    extras=None
)
StatusUpdate(
    context_usage=0.4712486267089844,
    token_usage=TokenUsage(
        input_other=1423,
        output=162,
        input_cache_read=122112,
        input_cache_creation=0
    ),
    message_id='chatcmpl-RacvYP7YgTkdCR5OZoNFJIQq'
)
ToolResult(
    tool_call_id='tool_jW7MRVIz9OkELXUlKNaPrjUY',
    return_value=ToolReturnValue(
        is_error=False,
        output='',
        message='File successfully edited. Applied 1 edit(s) with 1 total repla
cement(s).',
        display=[
            DiffDisplayBlock(
                type='diff',
                path='C:\\Users\\perry\\DevProjects\\veydria-cartography\\.orch
estrate\\wt\\passage-playtester\\scripts\\sim\\passage-run.ts',
                old_text='        chosenIndex: idx,\n        offered: state.pen
ding.choices.length,\n      })\n      state = passageChoose(state, idx)\n      
continue\n    }\n    const before = state',
                new_text='        chosenIndex: idx,\n        offered: state.pen
ding.choices.length,\n      })\n      state = passageChooseEngine(state, idx)\n
     continue\n    }\n    const before = state'
            )
        ],
        extras=None
    )
)
StepBegin(n=40)
ThinkPart(type='think', think='Re-run tests.', encrypted=None)
ToolCall(
    type='function',
    id='tool_10ZNAt3ApgdMflE3CDdycFrs',
    function=FunctionBody(
        name='Shell',
        arguments='{"command": "cd C:\\\\Users\\\\perry\\\\DevProjects\\\\veydr
ia-cartography\\\\.orchestrate\\\\wt\\\\passage-playtester\\\\web; npx vitest r
un --reporter=verbose ../scripts/sim/passage-run.test.ts 2>&1 | tail -60", "tim
eout": 180}'
    ),
    extras=None
)
StatusUpdate(
    context_usage=0.4720191955566406,
    token_usage=TokenUsage(
        input_other=345,
        output=84,
        input_cache_read=123392,
        input_cache_creation=0
    ),
    message_id='chatcmpl-Z6UduXpUXnWEud2pW9xBa2lB'
)
ToolResult(
    tool_call_id='tool_10ZNAt3ApgdMflE3CDdycFrs',
    return_value=ToolReturnValue(
        is_error=False,
        output='\r\n\x1b[1m\x1b[7m\x1b[36m RUN \x1b[39m\x1b[27m\x1b[22m \x1b[36
mv2.1.9 \x1b[39m\x1b[90mC:/Users/perry/DevProjects/veydria-cartography/.orchest
rate/wt/passage-playtester/web\x1b[39m\r\n\r\n \x1b[32m???\x1b[39m ../scripts/s
im/passage-run.test.ts\x1b[2m > \x1b[22mfork determinism\x1b[2m > \x1b[22mforkI
nstance is deterministic and non-mutating for ford\r\n \x1b[32m???\x1b[39m ../s
cripts/sim/passage-run.test.ts\x1b[2m > \x1b[22mfork determinism\x1b[2m > \x1b[
22mforkInstance is deterministic and non-mutating for bandits\r\n \x1b[32m???\x
1b[39m ../scripts/sim/passage-run.test.ts\x1b[2m > \x1b[22mfork determinism\x1b
[2m > \x1b[22mforkInstance is deterministic and non-mutating for fever\r\n \x1b
[32m???\x1b[39m ../scripts/sim/passage-run.test.ts\x1b[2m > \x1b[22mmetric help
ers on synthetic branches\x1b[2m > \x1b[22mdominance picks branch that is ??? o
thers on arrived/water/rations\r\n \x1b[32m???\x1b[39m ../scripts/sim/passage-r
un.test.ts\x1b[2m > \x1b[22mmetric helpers on synthetic branches\x1b[2m > \x1b[
22mdead branches are those best-on-no-axis\r\n \x1b[32m???\x1b[39m ../scripts/s
im/passage-run.test.ts\x1b[2m > \x1b[22mmetric helpers on synthetic branches\x1
b[2m > \x1b[22mdifferentiation computes max-min ranges\r\n \x1b[32m???\x1b[39m 
../scripts/sim/passage-run.test.ts\x1b[2m > \x1b[22mmetric helpers on synthetic
branches\x1b[2m > \x1b[22mimpact counts distinct outcomes\r\n \x1b[32m???\x1b[3
9m ../scripts/sim/passage-run.test.ts\x1b[2m > \x1b[22mmetric helpers on synthe
tic branches\x1b[2m > \x1b[22mmedian handles odd and even counts\r\n \x1b[32m??
?\x1b[39m ../scripts/sim/passage-run.test.ts\x1b[2m > \x1b[22mknown-finding reg
ression\x1b[2m > \x1b[22mKheshkai ??? Irrah, winter, direct buckets bandits ???
2?? and lists customs raid + plague quarantine as non-interactive severe beats\
r\n \x1b[32m???\x1b[39m ../scripts/sim/passage-run.test.ts\x1b[2m > \x1b[22mkno
wn-finding regression\x1b[2m > \x1b[22mKheshkai ??? Qollari, spring, direct, st
andard supply dies/aborts with zero signature choices\r\n \x1b[32m???\x1b[39m .
./scripts/sim/passage-run.test.ts\x1b[2m > \x1b[22mwalkWithForks\x1b[2m > \x1b[
22mrecords an instance for each signature choice presented by the baseline\r\n\
r\n\x1b[2m Test Files \x1b[22m \x1b[1m\x1b[32m1 passed\x1b[39m\x1b[22m\x1b[90m 
(1)\x1b[39m\r\n\x1b[2m      Tests \x1b[22m \x1b[1m\x1b[32m11 passed\x1b[39m\x1b
[22m\x1b[90m (11)\x1b[39m\r\n\x1b[2m   Start at \x1b[22m 12:03:55\r\n\x1b[2m   
Duration \x1b[22m 1.35s\x1b[2m (transform 291ms, setup 0ms, collect 688ms, test
s 25ms, environment 0ms, prepare 279ms)\x1b[22m\r\n\r\n',
        message='Command executed successfully.',
        display=[],
        extras=None
    )
)
StepBegin(n=41)
ThinkPart(
    type='think',
    think='All 11 tests pass. Now run the full test suite to make sure nothing 
broke.',
    encrypted=None
)
ToolCall(
    type='function',
    id='tool_Y0cNw5H5iBhkiju8gSodzuSH',
    function=FunctionBody(
        name='Shell',
        arguments='{"command": "cd C:\\\\Users\\\\perry\\\\DevProjects\\\\veydr
ia-cartography\\\\.orchestrate\\\\wt\\\\passage-playtester\\\\web; npm test 2>&
1 | tail -50", "timeout": 300}'
    ),
    extras=None
)
StatusUpdate(
    context_usage=0.47528839111328125,
    token_usage=TokenUsage(
        input_other=946,
        output=82,
        input_cache_read=123648,
        input_cache_creation=0
    ),
    message_id='chatcmpl-1iiCfMWzwelrxrtEI0GqPwbm'
)
ToolResult(
    tool_call_id='tool_Y0cNw5H5iBhkiju8gSodzuSH',
    return_value=ToolReturnValue(
        is_error=False,
        output=' \x1b[32m???\x1b[39m src/utils/external-encounters.test.ts \x1b
[2m(\x1b[22m\x1b[2m19 tests\x1b[22m\x1b[2m)\x1b[22m\x1b[90m 20\x1b[2mms\x1b[22m
\x1b[39m\r\n \x1b[32m???\x1b[39m src/utils/passage.test.ts \x1b[2m(\x1b[22m\x1b
[2m13 tests\x1b[22m\x1b[2m)\x1b[22m\x1b[90m 32\x1b[2mms\x1b[22m\x1b[39m\r\n \x1
b[32m???\x1b[39m src/utils/url-hash.test.ts \x1b[2m(\x1b[22m\x1b[2m34 tests\x1b
[22m\x1b[2m)\x1b[22m\x1b[90m 25\x1b[2mms\x1b[22m\x1b[39m\r\n \x1b[32m???\x1b[39
m src/utils/patch-parser.test.ts \x1b[2m(\x1b[22m\x1b[2m21 tests\x1b[22m\x1b[2m
)\x1b[22m\x1b[90m 24\x1b[2mms\x1b[22m\x1b[39m\r\n \x1b[32m???\x1b[39m src/utils
/encounter-roller.test.ts \x1b[2m(\x1b[22m\x1b[2m12 tests\x1b[22m\x1b[2m)\x1b[2
2m\x1b[90m 59\x1b[2mms\x1b[22m\x1b[39m\r\n \x1b[32m???\x1b[39m ../scripts/sim/s
im-batch.test.ts \x1b[2m(\x1b[22m\x1b[2m14 tests\x1b[22m\x1b[2m)\x1b[22m\x1b[90
m 21\x1b[2mms\x1b[22m\x1b[39m\r\n \x1b[32m???\x1b[39m src/utils/session-prep.te
st.ts \x1b[2m(\x1b[22m\x1b[2m29 tests\x1b[22m\x1b[2m)\x1b[22m\x1b[90m 69\x1b[2m
ms\x1b[22m\x1b[39m\r\n \x1b[32m???\x1b[39m src/persistence/campaign-import.test
.ts \x1b[2m(\x1b[22m\x1b[2m9 tests\x1b[22m\x1b[2m)\x1b[22m\x1b[90m 17\x1b[2mms\
x1b[22m\x1b[39m\r\n \x1b[32m???\x1b[39m src/persistence/kv-store.test.ts \x1b[2
m(\x1b[22m\x1b[2m12 tests\x1b[22m\x1b[2m)\x1b[22m\x1b[90m 20\x1b[2mms\x1b[22m\x
1b[39m\r\n \x1b[32m???\x1b[39m src/persistence/tauri-fs-provider.test.ts \x1b[2
m(\x1b[22m\x1b[2m11 tests\x1b[22m\x1b[2m)\x1b[22m\x1b[90m 41\x1b[2mms\x1b[22m\x
1b[39m\r\n \x1b[32m???\x1b[39m src/persistence/campaign-export.test.ts \x1b[2m(
\x1b[22m\x1b[2m7 tests\x1b[22m\x1b[2m)\x1b[22m\x1b[90m 19\x1b[2mms\x1b[22m\x1b[
39m\r\n \x1b[32m???\x1b[39m src/utils/compendium-data.test.ts \x1b[2m(\x1b[22m\
x1b[2m15 tests\x1b[22m\x1b[2m)\x1b[22m\x1b[90m 22\x1b[2mms\x1b[22m\x1b[39m\r\n 
\x1b[32m???\x1b[39m ../scripts/sim/passage-run.test.ts \x1b[2m(\x1b[22m\x1b[2m1
1 tests\x1b[22m\x1b[2m)\x1b[22m\x1b[90m 42\x1b[2mms\x1b[22m\x1b[39m\r\n \x1b[32
m???\x1b[39m src/utils/asterisms.test.ts \x1b[2m(\x1b[22m\x1b[2m10 tests\x1b[22
m\x1b[2m)\x1b[22m\x1b[90m 15\x1b[2mms\x1b[22m\x1b[39m\r\n \x1b[32m???\x1b[39m s
rc/utils/faction-graph.test.ts \x1b[2m(\x1b[22m\x1b[2m12 tests\x1b[22m\x1b[2m)\
x1b[22m\x1b[90m 18\x1b[2mms\x1b[22m\x1b[39m\r\n \x1b[32m???\x1b[39m src/utils/f
eature-hooks.test.ts \x1b[2m(\x1b[22m\x1b[2m18 tests\x1b[22m\x1b[2m)\x1b[22m\x1
b[90m 21\x1b[2mms\x1b[22m\x1b[39m\r\n \x1b[32m???\x1b[39m src/utils/feature-sta
rs.test.ts \x1b[2m(\x1b[22m\x1b[2m18 tests\x1b[22m\x1b[2m)\x1b[22m\x1b[90m 16\x
1b[2mms\x1b[22m\x1b[39m\r\n \x1b[32m???\x1b[39m src/utils/tour.test.ts \x1b[2m(
\x1b[22m\x1b[2m16 tests\x1b[22m\x1b[2m)\x1b[22m\x1b[90m 14\x1b[2mms\x1b[22m\x1b
[39m\r\n \x1b[32m???\x1b[39m ../scripts/sim/sim-policy-report.test.ts \x1b[2m(\
x1b[22m\x1b[2m9 tests\x1b[22m\x1b[2m)\x1b[22m\x1b[90m 15\x1b[2mms\x1b[22m\x1b[3
9m\r\n \x1b[32m???\x1b[39m src/utils/focus-param.test.ts \x1b[2m(\x1b[22m\x1b[2
m16 tests\x1b[22m\x1b[2m)\x1b[22m\x1b[90m 18\x1b[2mms\x1b[22m\x1b[39m\r\n \x1b[
32m???\x1b[39m src/utils/travel-time.test.ts \x1b[2m(\x1b[22m\x1b[2m15 tests\x1
b[22m\x1b[2m)\x1b[22m\x1b[90m 14\x1b[2mms\x1b[22m\x1b[39m\r\n \x1b[32m???\x1b[3
9m src/utils/feature-notes.test.ts \x1b[2m(\x1b[22m\x1b[2m17 tests\x1b[22m\x1b[
2m)\x1b[22m\x1b[90m 17\x1b[2mms\x1b[22m\x1b[39m\r\n \x1b[32m???\x1b[39m src/uti
ls/entity-orientation.test.ts \x1b[2m(\x1b[22m\x1b[2m11 tests\x1b[22m\x1b[2m)\x
1b[22m\x1b[90m 14\x1b[2mms\x1b[22m\x1b[39m\r\n \x1b[32m???\x1b[39m src/utils/ma
p-snapshot.test.ts \x1b[2m(\x1b[22m\x1b[2m12 tests\x1b[22m\x1b[2m)\x1b[22m\x1b[
90m 15\x1b[2mms\x1b[22m\x1b[39m\r\n \x1b[32m???\x1b[39m src/utils/layer-visibil
ity.test.ts \x1b[2m(\x1b[22m\x1b[2m9 tests\x1b[22m\x1b[2m)\x1b[22m\x1b[90m 17\x
1b[2mms\x1b[22m\x1b[39m\r\n \x1b[32m???\x1b[39m src/utils/search-recent.test.ts
\x1b[2m(\x1b[22m\x1b[2m9 tests\x1b[22m\x1b[2m)\x1b[22m\x1b[90m 14\x1b[2mms\x1b[
22m\x1b[39m\r\n \x1b[32m???\x1b[39m src/utils/journey-mode-recommend.test.ts \x
1b[2m(\x1b[22m\x1b[2m11 tests\x1b[22m\x1b[2m)\x1b[22m\x1b[90m 11\x1b[2mms\x1b[2
2m\x1b[39m\r\n \x1b[32m???\x1b[39m src/utils/vignette.test.ts \x1b[2m(\x1b[22m\
x1b[2m7 tests\x1b[22m\x1b[2m)\x1b[22m\x1b[90m 8\x1b[2mms\x1b[22m\x1b[39m\r\n \x
1b[32m???\x1b[39m src/utils/journey-export.test.ts \x1b[2m(\x1b[22m\x1b[2m5 tes
ts\x1b[22m\x1b[2m)\x1b[22m\x1b[90m 149\x1b[2mms\x1b[22m\x1b[39m\r\n \x1b[32m???
\x1b[39m src/utils/sea-sightings.integration.test.ts \x1b[2m(\x1b[22m\x1b[2m3 t
ests\x1b[22m\x1b[2m)\x1b[22m\x1b[90m 10\x1b[2mms\x1b[22m\x1b[39m\r\n \x1b[32m??
?\x1b[39m src/utils/sea-sightings.test.ts \x1b[2m(\x1b[22m\x1b[2m7 tests\x1b[22
m\x1b[2m)\x1b[22m\x1b[90m 11\x1b[2mms\x1b[22m\x1b[39m\r\n \x1b[32m???\x1b[39m s
rc/utils/journey-encounter-density.test.ts \x1b[2m(\x1b[22m\x1b[2m7 tests\x1b[2
2m\x1b[2m)\x1b[22m\x1b[90m 9\x1b[2mms\x1b[22m\x1b[39m\r\n \x1b[32m???\x1b[39m s
rc/utils/measure.test.ts \x1b[2m(\x1b[22m\x1b[2m11 tests\x1b[22m\x1b[2m)\x1b[22
m\x1b[90m 9\x1b[2mms\x1b[22m\x1b[39m\r\n \x1b[32m???\x1b[39m src/persistence/ca
mpaign-schema.test.ts \x1b[2m(\x1b[22m\x1b[2m13 tests\x1b[22m\x1b[2m)\x1b[22m\x
1b[90m 15\x1b[2mms\x1b[22m\x1b[39m\r\n \x1b[32m???\x1b[39m src/utils/render-con
fig.test.ts \x1b[2m(\x1b[22m\x1b[2m2 tests\x1b[22m\x1b[2m)\x1b[22m\x1b[90m 9\x1
b[2mms\x1b[22m\x1b[39m\r\n \x1b[32m???\x1b[39m src/utils/worldbuilder-link.test
.ts \x1b[2m(\x1b[22m\x1b[2m5 tests\x1b[22m\x1b[2m)\x1b[22m\x1b[90m 7\x1b[2mms\x
1b[22m\x1b[39m\r\n \x1b[32m???\x1b[39m src/utils/journey-mode-risk.test.ts \x1b
[2m(\x1b[22m\x1b[2m6 tests\x1b[22m\x1b[2m)\x1b[22m\x1b[90m 8\x1b[2mms\x1b[22m\x
1b[39m\r\n \x1b[32m???\x1b[39m src/utils/time-of-day.test.ts \x1b[2m(\x1b[22m\x
1b[2m9 tests\x1b[22m\x1b[2m)\x1b[22m\x1b[90m 15\x1b[2mms\x1b[22m\x1b[39m\r\n \x
1b[32m???\x1b[39m src/utils/layer-presets.test.ts \x1b[2m(\x1b[22m\x1b[2m8 test
s\x1b[22m\x1b[2m)\x1b[22m\x1b[90m 27\x1b[2mms\x1b[22m\x1b[39m\r\n \x1b[32m???\x
1b[39m src/utils/marginalia-overlay.test.ts \x1b[2m(\x1b[22m\x1b[2m7 tests\x1b[
22m\x1b[2m)\x1b[22m\x1b[90m 10\x1b[2mms\x1b[22m\x1b[39m\r\n \x1b[32m???\x1b[39m
src/components/MarginaliaCartouche.test.tsx \x1b[2m(\x1b[22m\x1b[2m3 tests\x1b[
22m\x1b[2m)\x1b[22m\x1b[90m 57\x1b[2mms\x1b[22m\x1b[39m\r\n \x1b[32m???\x1b[39m
src/utils/media-query.test.ts \x1b[2m(\x1b[22m\x1b[2m6 tests\x1b[22m\x1b[2m)\x1
b[22m\x1b[90m 49\x1b[2mms\x1b[22m\x1b[39m\r\n \x1b[32m???\x1b[39m src/component
s/journey-planner/TravelVignette.test.tsx \x1b[2m(\x1b[22m\x1b[2m10 tests\x1b[2
2m\x1b[2m)\x1b[22m\x1b[90m 113\x1b[2mms\x1b[22m\x1b[39m\r\n \x1b[32m???\x1b[39m
src/components/MapKey.test.tsx \x1b[2m(\x1b[22m\x1b[2m7 tests\x1b[22m\x1b[2m)\x
1b[22m\x1b[90m 130\x1b[2mms\x1b[22m\x1b[39m\r\n\r\n\x1b[2m Test Files \x1b[22m 
\x1b[1m\x1b[32m58 passed\x1b[39m\x1b[22m\x1b[90m (58)\x1b[39m\r\n\x1b[2m      T
ests \x1b[22m \x1b[1m\x1b[32m933 passed\x1b[39m\x1b[22m\x1b[90m (933)\x1b[39m\r
\n\x1b[2m   Start at \x1b[22m 12:04:04\r\n\x1b[2m   Duration \x1b[22m 16.30s\x1
b[2m (transform 6.22s, setup 0ms, collect 45.38s, tests 2.24s, environment 25.8
8s, prepare 16.28s)\x1b[22m\r\n\r\n',
        message='Command executed successfully.',
        display=[],
        extras=None
    )
)
StepBegin(n=42)
ThinkPart(
    type='think',
    think="All 933 tests pass (922 existing + 11 new). Now run the acceptance s
cripts:\n\n1. `npm run sim:passage-play` - should print journal reaching choice
+ ending.\n2. `npm run sim:passage -- --limit 60` - should write report with re
quired sections.\n\nAlso need to verify report contains bandits table and sever
e-beat list. Let's run both.",
    encrypted=None
)
ToolCall(
    type='function',
    id='tool_nP8PIkP8ycvJQ2vdwRJV9FcV',
    function=FunctionBody(
        name='Shell',
        arguments='{"command": "cd C:\\\\Users\\\\perry\\\\DevProjects\\\\veydr
ia-cartography\\\\.orchestrate\\\\wt\\\\passage-playtester\\\\web; npm run sim:
passage-play 2>&1 | tail -60", "timeout": 120}'
    ),
    extras=None
)
StatusUpdate(
    context_usage=0.4854469299316406,
    token_usage=TokenUsage(
        input_other=2841,
        output=150,
        input_cache_read=124416,
        input_cache_creation=0
    ),
    message_id='chatcmpl-rcAEeJVmpSVrkzKtu61adSxy'
)
ToolResult(
    tool_call_id='tool_nP8PIkP8ycvJQ2vdwRJV9FcV',
    return_value=ToolReturnValue(
        is_error=False,
        output='> veydria-cartography-web@0.1.0 sim:passage-play\r\n> vite-node
../scripts/sim/passage-playthrough.ts --\r\n\r\nnode.exe : Scanning crossings f
or a playable signature choice...\r\nAt C:\\Program Files\\nodejs\\npm.ps1:29 c
har:3\r\n+   & $NODE_EXE $NPM_CLI_JS $args\r\n+   ~~~~~~~~~~~~~~~~~~~~~~~~~~~~~
\r\n    + CategoryInfo          : NotSpecified: (Scanning crossi...ature choice
...:String) [], RemoteException\r\n    + FullyQualifiedErrorId : NativeCommandE
rror\r\n \r\nSelected: kheshkai ??? irrah (winter, direct) ?? choices=2 ?? outc
ome=arrived\r\n????????????????????????????????????????????????????????????????
???????????????????????????????????????????????????????????????????????????????
??????????????????????????????????????????????\r\n  A PASSAGE: Kheshkai ??? Irr
ah\r\n  winter, on foot, normal pace ?? provisions: 12 rations / 6 water\r\n  1
259.3 km ?? ~26 days ?? signature beats waiting: bandits\r\n???????????????????
???????????????????????????????????????????????????????????????????????????????
???????????????????????????????????????????????????????????????????????????????
????????????\r\n\r\n  Day 1: the road. (rations 17.6 / water 11.9)\r\n  Day 2: 
the road. (rations 16.1 / water 10.8)\r\n  Day 3: Camp on the Highland-Steppe C
orridor (between Kheshkai and Dzong-Kha). Clear and bone-dry; the cold finds ev
ery gap in cloak and glove.\r\n     ?? Uneventful leg. The road is quiet, the w
eather holds, and the only sound is your own footsteps.\r\n     (rations 14.7 /
water 9.7)\r\n  Days 4???9: steady road, no incident. (rations 13.3???6.1 / wat
er 13???8.6)\r\n  Day 10 ??? held: A day held against the road. The stores draw
down and the road does not. (rations 6.1 / water 7.5)\r\n     ??? CHOSE: "Parle
y" [minor]\r\n       You talk. The bandit-chief knows your manifest and your pa
tience both. A day of words buys passage for a tithe of meal.\r\n  Day 11: Camp
on the Highland-Steppe Corridor (between Dzong-Kha and Ngaru Bon). Snow squall 
reduces visibility to a spear-throw.\r\n     ?? A Basin customs raid surrounds 
the caravan at dawn ??? letters of credit are seized for "audit", and the senio
r scribe is meant to ride back to the Tavakh Qarat under guard.\r\n     ??? rat
ions-low\r\n     (rations 1.6 / water 4.4)\r\n  Day 12: Camp on the Highland-St
eppe Corridor (between Dzong-Kha and Ngaru Bon). Wind off the high pass; ice cr
ystals cut exposed skin.\r\n     ??? rations-low\r\n     (rations 0.9 / water 3
.3)\r\n  Day 13: Camp on the Highland-Steppe Corridor (between Dzong-Kha and Ng
aru Bon). Snow squall reduces visibility to a spear-throw.\r\n     ??? rations-
low\r\n     (rations 0.2 / water 2.2)\r\n  Days 14???20: steady road, no incide
nt. (rations 19???13.3 / water 13???8.6)\r\n  Day 21 ??? held: A day held again
st the road. The stores draw down and the road does not. (rations 13.3 / water 
7.5)\r\n     ??? CHOSE: "Parley" [minor]\r\n       You talk. The bandit-chief k
nows your manifest and your patience both. A day of words buys passage for a ti
the of meal.\r\n  Day 22: Camp on the Caravan Thread (between Ngaru Bon and Aet
helian Basin). Snow squall reduces visibility to a spear-throw.\r\n     ?? Narr
ow channels between Ndajdi rice paddies; a tax-collector\'s skiff demands toll 
in kind.\r\n     (rations 10.8 / water 6.4)\r\n  Day 23: the road. (rations 9.4
/ water 5.3)\r\n  Day 24: the road. (rations 7.9 / water 4.2)\r\n  Day 25: the 
road. (rations 6.5 / water 3.1)\r\n  Day 26: the road. (rations 5.1 / water 2)\
r\n  Day 27: Camp on the Within Irrah (between Qarat al-Fidda and Irrah). Sun o
n snow ??? blinding without veiled eyes.\r\n     ?? Plague-quarantine: an Irrah
salt-flats outrider blocks the road with a red banner. No party crosses without
a fortnight\'s wait at the cordon, or a forged seal of clean passage.\r\n     ?
?? water-out\r\n     (rations 1.6 / water -1.1)\r\n  Day 28: Arrive at Irrah. S
now squall reduces visibility to a spear-throw.\r\n     ?? Kheshkai felt-yurt e
ncampment; the headman\'s daughter offers kumis and challenges the strongest to
a wrestling match.\r\n     (rations 19 / water 13)\r\n\r\n  ?????? ARRIVED (day
28) ??????\r\n  The road ends. You come down into Irrah with the dust of the wh
ole crossing on you, and the gate-keeper does not ask your business twice.\r\n\
r\n  Final ledger: 19 rations ?? 13 water ?? outcome: arrived\r\n??????????????
???????????????????????????????????????????????????????????????????????????????
???????????????????????????????????????????????????????????????????????????????
?????????????????\r\n',
        message='Command executed successfully.',
        display=[],
        extras=None
    )
)
StepBegin(n=43)
ThinkPart(
    type='think',
    think='Playthrough works. It prints em-dashes? Actually the output shows "?
?" and "???" because PowerShell encoding. But the source uses em-dashes? Wait, 
the playthrough output includes "??" where box drawing chars should be. That\'s
PowerShell encoding issue, not our code. The spec says no em-dashes in emitted 
strings. Our strings don\'t have em-dashes (we use ASCII). The `??` are likely 
Unicode characters not rendering. That\'s fine.\n\nBut wait, the narrative stri
ngs from the engine might contain em-dashes? The spec says "if any in-world tex
t is emitted, keep it em-dash-free". The engine\'s narrative strings (e.g., "A 
day held against the road...") don\'t have em-dashes. The box drawing character
s like `═` `─` `⚑` `▸` are not em-dashes. Good.\n\nNow run the report.',
    encrypted=None
)
ToolCall(
    type='function',
    id='tool_unjoffAxxuDkGXWgVIlmStZs',
    function=FunctionBody(
        name='Shell',
        arguments='{"command": "cd C:\\\\Users\\\\perry\\\\DevProjects\\\\veydr
ia-cartography\\\\.orchestrate\\\\wt\\\\passage-playtester\\\\web; npm run sim:
passage -- --limit 60 2>&1 | tail -30", "timeout": 120}'
    ),
    extras=None
)
StatusUpdate(
    context_usage=0.4910316467285156,
    token_usage=TokenUsage(
        input_other=1489,
        output=260,
        input_cache_read=127232,
        input_cache_creation=0
    ),
    message_id='chatcmpl-9SaO1yS1J9CMMXTw1pQB8fWE'
)
ToolResult(
    tool_call_id='tool_unjoffAxxuDkGXWgVIlmStZs',
    return_value=ToolReturnValue(
        is_error=False,
        output='\r\n> veydria-cartography-web@0.1.0 sim:passage\r\n> vite-node 
../scripts/sim/sim-passage-report.ts -- 60\r\n\r\nnode.exe : wrote \r\nC:\\User
s\\perry\\DevProjects\\veydria-cartography\\.orchestrate\\wt\\passage-playteste
r\\output\\sim\\passage-report.md\r\nAt C:\\Program Files\\nodejs\\npm.ps1:29 c
har:3\r\n+   & $NODE_EXE $NPM_CLI_JS $args\r\n+   ~~~~~~~~~~~~~~~~~~~~~~~~~~~~~
\r\n    + CategoryInfo          : NotSpecified: (wrote C:\\Users\\...ssage-repo
rt.md:String) [], RemoteException\r\n    + FullyQualifiedErrorId : NativeComman
dError\r\n \r\n',
        message='Command executed successfully.',
        display=[],
        extras=None
    )
)
StepBegin(n=44)
ThinkPart(
    type='think',
    think='The report was written but the cap message wasn\'t logged. Wait, I r
an with --limit 60. The grid size is 30 pairs × 4 seasons × 2 modes × 2 supplie
s = 480. 60 < 480, so it should log "capped: ran 60 of 480 crossings". But it d
idn\'t. Why?\n\nLooking at my code:\n```\nif (limit !== undefined && limit < gr
id.length) {\n  process.stderr.write(`capped: ran ${toRun.length} of ${total} c
rossings\\n`)\n}\n```\nI passed --limit 60, limit should be 60. But maybe parse
Args parsed it as string? No, I convert with Number(limitRaw). Hmm.\n\nWait, th
e args passed by npm script: `vite-node ../scripts/sim/sim-passage-report.ts --
60`. process.argv.slice(2) from vite-node perspective would be... Let me think.
With `npm run sim:passage -- --limit 60`, npm passes `--limit 60` after the `--
`. The script receives argv maybe `[\'--limit\',\'60\']`. But vite-node might i
nterpret `--` differently? Actually the npm script is `"sim:passage": "vite-nod
e ../scripts/sim/sim-passage-report.ts --"`. The trailing `--` in the script me
ans extra args are passed. So `npm run sim:passage -- --limit 60` should run `v
ite-node ../scripts/sim/sim-passage-report.ts -- --limit 60`. Then process.argv
in vite-node might include the `--` or not. Let me check.\n\nActually the outpu
t shows no cap message, so maybe limit was undefined. Let me debug by adding co
nsole output.\n\nOr maybe vite-node consumes `--` and process.argv for the scri
pt starts after it. Let me check what process.argv contains. I can run a quick 
test.',
    encrypted=None
)
ToolCall(
    type='function',
    id='tool_su3ywLZvw9LCcmMiyVq7ZJOj',
    function=FunctionBody(
        name='Shell',
        arguments='{"command": "cd C:\\\\Users\\\\perry\\\\DevProjects\\\\veydr
ia-cartography\\\\.orchestrate\\\\wt\\\\passage-playtester\\\\web; npx vite-nod
e ../scripts/sim/sim-passage-report.ts -- --limit 60 2>&1 | head -10", "timeout
": 120}'
    ),
    extras=None
)
StatusUpdate(
    context_usage=0.4927101135253906,
    token_usage=TokenUsage(
        input_other=649,
        output=457,
        input_cache_read=128512,
        input_cache_creation=0
    ),
    message_id='chatcmpl-hSc6fqhFp5fKyzYc1PNhDeeV'
)
ToolResult(
    tool_call_id='tool_su3ywLZvw9LCcmMiyVq7ZJOj',
    return_value=ToolReturnValue(
        is_error=False,
        output='node.exe : capped: ran 60 of 480 crossings\r\nAt C:\\Program Fi
les\\nodejs\\npx.ps1:29 char:3\r\n+   & $NODE_EXE $NPX_CLI_JS $args\r\n+   ~~~~
~~~~~~~~~~~~~~~~~~~~~~~~~\r\n    + CategoryInfo          : NotSpecified: (cappe
d: ran 60 of 480 crossings:String) [], RemoteException\r\n    + FullyQualifiedE
rrorId : NativeCommandError\r\n \r\nwrote C:\\Users\\perry\\DevProjects\\veydri
a-cartography\\.orchestrate\\wt\\passage-playtester\\output\\sim\\passage-repor
t.md\r\n',
        message='Command executed successfully.',
        display=[],
        extras=None
    )
)
StepBegin(n=45)
ThinkPart(
    type='think',
    think="When running directly with npx vite-node, it works and logs cap. The
npm run version didn't because of how npm passed args? Wait, earlier I ran `npm
run sim:passage -- --limit 60` and didn't see cap. But with `npx vite-node` dir
ectly it works. The npm script has `--` at the end already, so `npm run sim:pas
sage -- --limit 60` passes `-- --limit 60` which might make vite-node see `--li
mit` as the first arg? Actually no, vite-node should ignore the `--`. But maybe
with npm, the extra `--` is consumed by npm, so it passes `--limit 60` after th
e script's trailing `--`, resulting in `-- --limit 60`. Hmm.\n\nActually the ea
rlier output from `npm run sim:passage -- --limit 60` showed no cap. Let me try
again with `npm run sim:passage -- --limit 60` and see. Maybe I misread.",
    encrypted=None
)
ToolCall(
    type='function',
    id='tool_vSuj4kC0q96s1nHPkPANgbfn',
    function=FunctionBody(
        name='Shell',
        arguments='{"command": "cd C:\\\\Users\\\\perry\\\\DevProjects\\\\veydr
ia-cartography\\\\.orchestrate\\\\wt\\\\passage-playtester\\\\web; npm run sim:
passage -- --limit 60 2>&1 | head -10", "timeout": 120}'
    ),
    extras=None
)
StatusUpdate(
    context_usage=0.49504852294921875,
    token_usage=TokenUsage(
        input_other=750,
        output=279,
        input_cache_read=129024,
        input_cache_creation=0
    ),
    message_id='chatcmpl-h8B3EDBVx4X1axuV0lqGKeDo'
)
ToolResult(
    tool_call_id='tool_vSuj4kC0q96s1nHPkPANgbfn',
    return_value=ToolReturnValue(
        is_error=False,
        output='\r\n> veydria-cartography-web@0.1.0 sim:passage\r\n> vite-node 
../scripts/sim/sim-passage-report.ts -- 60\r\n\r\nnode.exe : wrote \r\nC:\\User
s\\perry\\DevProjects\\veydria-cartography\\.orchestrate\\wt\\passage-playteste
r\\output\\sim\\passage-report.md\r\nAt C:\\Program Files\\nodejs\\npm.ps1:29 c
har:3\r\n+   & $NODE_EXE $NPM_CLI_JS $args\r\n+   ~~~~~~~~~~~~~~~~~~~~~~~~~~~~~
\r\n    + CategoryInfo          : NotSpecified: (wrote C:\\Users\\...ssage-repo
rt.md:String) [], RemoteException\r\n',
        message='Command executed successfully.',
        display=[],
        extras=None
    )
)
StepBegin(n=46)
ThinkPart(
    type='think',
    think='Indeed with npm run, it shows `vite-node ../scripts/sim/sim-passage-
report.ts -- 60` (note no `--limit`!). So the user extra args after `--` are ap
pended, but because the script already ends with `--`, npm passes just `60` as 
the extra arg, not `--limit 60`. The `--` before 60 is the script\'s trailing `
--`. So the actual argv to the script is `[\'60\']`? Or maybe `[\'--\', \'60\']
`?\n\nWait, the npm script is `"sim:passage": "vite-node ../scripts/sim/sim-pas
sage-report.ts --"`. When user runs `npm run sim:passage -- --limit 60`, npm ap
pends `--limit 60` after the script command. But because the script already has
`--` at the end, the command becomes `vite-node ../scripts/sim/sim-passage-repo
rt.ts -- --limit 60`. But the output shows `-- 60`, not `-- --limit 60`. So npm
might be interpreting the second `--` as its own separator and dropping it? Or 
the script display is truncated?\n\nActually, the npm run output shows the comm
and it executes: `vite-node ../scripts/sim/sim-passage-report.ts -- 60`. That m
eans it passed `60` as arg. The `--limit` was lost. This is because npm treats 
`--` as a separator: everything after the first `--` is passed as args. But the
script already contains `--` at the end, so npm sees `npm run sim:passage -- --
limit 60` as: script command = `vite-node ../scripts/sim/sim-passage-report.ts 
--`, then separator `--`, then args `--limit 60`. But when joining, it might no
t include the separator itself, so args are `--limit 60`. Hmm but output shows 
`-- 60`.\n\nLet me think: maybe vite-node consumes the first `--` it sees as en
d of its own options, so the remaining args are `60`? No.\n\nActually I think t
he issue is simpler: the npm script should not have the trailing `--`. Other sc
ripts in package.json don\'t have trailing `--`:\n```\n"sim:journey": "vite-nod
e ../scripts/sim/sim-journey.ts --",\n"sim:batch": "vite-node ../scripts/sim/si
m-batch.ts --",\n```\nThey all have trailing `--`. So when user runs `npm run s
im:batch -- --policy all`, the command becomes `vite-node ../scripts/sim/sim-ba
tch.ts -- --policy all`. That presumably works for sim-batch. So why doesn\'t `
--limit` work here?\n\nWait, the output shows `vite-node ../scripts/sim/sim-pas
sage-report.ts -- 60`. The `--limit` is missing from the displayed command. Tha
t suggests npm didn\'t pass `--limit` at all. Maybe because I typed something w
rong? No, I typed `--limit 60`.\n\nHmm, maybe the PowerShell or npm parsed `--l
imit` as an npm option? Actually no, it comes after `--`.\n\nLet me try without
the extra `--`: `npm run sim:passage --limit 60`. But that might pass `--limit`
to npm itself.\n\nOr maybe the issue is that `npm run sim:passage -- --limit 60
` in PowerShell treats `--limit` specially. Let me try quoting.\n\nActually, lo
oking at the output, the executed command is `vite-node ../scripts/sim/sim-pass
age-report.ts -- 60`. That means the args passed to vite-node are `--` and `60`
. So `--limit` got eaten somewhere. This might be a PowerShell/npm interaction.
\n\nBut the spec says the CLI flag is `--limit N`. The script should support it
. Let me check how sim-batch handles it. The user would run `npm run sim:batch 
-- --policy all`. Let me test if that works.\n\nActually maybe the issue is tha
t `--limit` starts with `--` and npm or vite-node interprets it. Let me try `np
m run sim:passage -- "-limit" 60`? No.\n\nAlternatively, maybe I should not hav
e the trailing `--` in the script. But other scripts have it. Hmm.\n\nWait, I t
hink I see: the trailing `--` in the npm script is actually the problem in comb
ination with user args. The `--` tells npm "everything after this is args". But
since the script itself ends with `--`, npm might be confused. However, other s
cripts in this project use the same pattern and work.\n\nLet me test with sim-j
ourney to see if args pass.',
    encrypted=None
)
ToolCall(
    type='function',
    id='tool_DdQZsDSz6EzcYi48TUIbZ0iu',
    function=FunctionBody(
        name='Shell',
        arguments='{"command": "cd C:\\\\Users\\\\perry\\\\DevProjects\\\\veydr
ia-cartography\\\\.orchestrate\\\\wt\\\\passage-playtester\\\\web; npm run sim:
journey -- --help 2>&1 | head -10", "timeout": 60}'
    ),
    extras=None
)
StatusUpdate(
    context_usage=0.4967536926269531,
    token_usage=TokenUsage(
        input_other=685,
        output=998,
        input_cache_read=129536,
        input_cache_creation=0
    ),
    message_id='chatcmpl-HaPsgTpjSZCIxJUJXxn7wkNP'
)
ToolResult(
    tool_call_id='tool_DdQZsDSz6EzcYi48TUIbZ0iu',
    return_value=ToolReturnValue(
        is_error=False,
        output='Run arbitrary package scripts\r\n\r\nUsage:\r\nnpm run-script <
command> [-- <args>]\r\n\r\nOptions:\r\n[-w|--workspace <workspace-name> [-w|--
workspace <workspace-name> ...]]\r\n[-ws|--workspaces] [--include-workspace-roo
t] [--if-present] [--ignore-scripts]\r\n[--foreground-scripts] [--script-shell 
<script-shell>]\r\n\r\n',
        message='Command executed successfully.',
        display=[],
        extras=None
    )
)
StepBegin(n=47)
ThinkPart(
    type='think',
    think="Interesting, `npm run sim:journey -- --help` shows npm help, meaning
`--help` was interpreted by npm, not passed to the script. This suggests the tr
ailing `--` in the script is indeed problematic in this environment. But `npx v
ite-node` direct works.\n\nWait, actually the standard npm syntax is `npm run <
script> -- <args>`. The `--` separates npm args from script args. But here the 
script definition already contains `--` at the end. So when we do `npm run sim:
journey -- --help`, npm concatenates the script command with args after `--`. T
he result is `vite-node ../scripts/sim/sim-journey.ts -- --help`. But npm might
be interpreting `--help` because it's the second `--`? Or because `--help` is a
special npm flag even after `--`?\n\nActually, in many CLI tools, `--help` is s
pecial. Let me try a non-help arg.",
    encrypted=None
)
ToolCall(
    type='function',
    id='tool_4ho5KvM5qNaaQzjK3epGZwJ4',
    function=FunctionBody(
        name='Shell',
        arguments='{"command": "cd C:\\\\Users\\\\perry\\\\DevProjects\\\\veydr
ia-cartography\\\\.orchestrate\\\\wt\\\\passage-playtester\\\\web; npm run sim:
journey -- --from kheshkai 2>&1 | head -10", "timeout": 60}'
    ),
    extras=None
)
StatusUpdate(
    context_usage=0.5009346008300781,
    token_usage=TokenUsage(
        input_other=1269,
        output=266,
        input_cache_read=130048,
        input_cache_creation=0
    ),
    message_id='chatcmpl-7fYMvFMNLlna5wkf6KT40MfR'
)
ToolResult(
    tool_call_id='tool_4ho5KvM5qNaaQzjK3epGZwJ4',
    return_value=ToolReturnValue(
        is_error=False,
        output='\r\n> veydria-cartography-web@0.1.0 sim:journey\r\n> vite-node 
../scripts/sim/sim-journey.ts -- kheshkai\r\n\r\n{"inputs":{"from":"ngaru_bon",
"to":"oravan","mode":"direct","party":{"pace":"normal","mount":"foot","size":"m
edium","forcedMarch":false},"supply":{"rationsPerPerson":12,"waterPerPerson":6,
"encumbrance":"normal","packAnimals":"none"}},"route":{"found":true,"totalKm":1
852.8,"estimatedDays":117.93,"bottlenecks":["Qal??bin path-finders (only legall
y recognized desert escorts for the Basin leg); Smith-Spring buffer zone (neutr
al contact point for the Ngaru-Bon leg)","Oravan naval dominance is absolute in
the Basin but cannot enforce land control without allies"],"seasonalWarnings":[
"Desert crossing: Irrah caravans avoid high summer. Qal??bin escorts required f
or Basin leg.","Maritime passage subject to monsoon windows and naval patrols."
],"pivotIds":[],"nodeIds":["ngaru_bon","aethelian_basin","oravan"],"edgeCount":
2},"days":[{"dayNum":1,"kmCovered":50,"startLabel":"Depart Ngaru Bon","campLabe
l":"Camp at Ngaru Bon","weather":"A clean wind and a cold sky; good travelling.
","notable":["Departure day.","Bottleneck on Caravan Thread: Qal??bin path-find
ers (only legally recognized desert escorts for the Basin leg); Smith-Spring bu
ffer zone (neutral contact point for the Ngaru-Bon leg)","Seasonal note on Cara
van Thread: Desert crossing: Irrah caravans avoid high summer. Qal??bin escorts
required for Basin leg."],"encounters":[],"calendarEvents":[],"rationsLeft":12,
"waterLeft":6,"rationsBurnedToday":1.15,"waterBurnedToday":1.1,"resupplyFired":
"full"},{"dayNum":2,"kmCovered":50,"startLabel":"Resume from Ngaru Bon","campLa
bel":"Camp on the Caravan Thread (between Ngaru Bon and Aethelian Basin)","weat
her":"Cloud-cover keeps the heat off and the spirits low.","notable":["Bottlene
ck on Caravan Thread: Qal??bin path-finders (only legally recognized desert esc
orts for the Basin leg); Smith-Spring buffer zone (neutral contact point for th
e Ngaru-Bon leg)","Seasonal note on Caravan Thread: Desert crossing: Irrah cara
vans avoid high summer. Qal??bin escorts required for Ba[...truncated]\r\n',
        message='Command executed successfully. Output is truncated to fit in t
he message.',
        display=[],
        extras=None
    )
)
StepBegin(n=48)
ThinkPart(
    type='think',
    think="So for sim:journey, `--from kheshkai` became just `kheshkai` (the `-
-from` was eaten). The script's default from is ngaru_bon. So `--from` was not 
passed. This is the same issue.\n\nThis seems to be a general issue with npm sc
ripts that end with `--` in this environment. But the project uses this pattern
for all sim scripts. Maybe the expected usage is `npm run sim:passage --limit 6
0` without the extra `--`? Let me try.",
    encrypted=None
)
ToolCall(
    type='function',
    id='tool_Dvsn5yRya2bTOQWvxVR5kAn4',
    function=FunctionBody(
        name='Shell',
        arguments='{"command": "cd C:\\\\Users\\\\perry\\\\DevProjects\\\\veydr
ia-cartography\\\\.orchestrate\\\\wt\\\\passage-playtester\\\\web; npm run sim:
passage --limit 60 2>&1 | head -10", "timeout": 120}'
    ),
    extras=None
)
StatusUpdate(
    context_usage=0.5042343139648438,
    token_usage=TokenUsage(
        input_other=1110,
        output=184,
        input_cache_read=131072,
        input_cache_creation=0
    ),
    message_id='chatcmpl-V1CrpZ6vLACT4mPFHla84Xep'
)
ToolResult(
    tool_call_id='tool_Dvsn5yRya2bTOQWvxVR5kAn4',
    return_value=ToolReturnValue(
        is_error=False,
        output='\r\n> veydria-cartography-web@0.1.0 sim:passage\r\n> vite-node 
../scripts/sim/sim-passage-report.ts -- 60\r\n\r\nnode.exe : wrote \r\nC:\\User
s\\perry\\DevProjects\\veydria-cartography\\.orchestrate\\wt\\passage-playteste
r\\output\\sim\\passage-report.md\r\nAt C:\\Program Files\\nodejs\\npm.ps1:29 c
har:3\r\n+   & $NODE_EXE $NPM_CLI_JS $args\r\n+   ~~~~~~~~~~~~~~~~~~~~~~~~~~~~~
\r\n    + CategoryInfo          : NotSpecified: (wrote C:\\Users\\...ssage-repo
rt.md:String) [], RemoteException\r\n',
        message='Command executed successfully.',
        display=[],
        extras=None
    )
)
StepBegin(n=49)
ThinkPart(
    type='think',
    think='Still passes just `60`. The `--limit` is being eaten by npm or Power
Shell. This is a pre-existing pattern issue, not specific to my script. But the
acceptance criterion says `npm run sim:passage -- --limit 60` should exit 0 and
write report. It does exit 0 and write report, but doesn\'t log cap. However, w
ith `npx vite-node` it works correctly.\n\nActually, the issue is likely that P
owerShell treats `--` specially. The npm script has `--` at the end, and when u
ser adds another `--`, PowerShell or npm might collapse them. But this is the s
ame for all scripts. The criterion is about the script functionality, and the c
ap IS logged when the arg is passed correctly. The user can run `npm run sim:pa
ssage -- "-limit" 60`? Probably not.\n\nWait, maybe the issue is that `--limit`
is interpreted by npm as an npm option? No, it\'s after `--`.\n\nLet me check w
hat process.argv actually receives. I\'ll add a temporary log or use a debug sc
ript. Actually, I can test by running the script with node directly? But it\'s 
TypeScript. Let me add a console.log to sim-passage-report temporarily.\n\nActu
ally, I realize the issue: in npm scripts, the `--` at the end of the script is
NOT a separator; it\'s part of the command. The separator is the `--` the user 
types. So:\n- Script: `vite-node ../scripts/sim/sim-passage-report.ts --`\n- Us
er: `npm run sim:passage -- --limit 60`\n- Command: `vite-node ../scripts/sim/s
im-passage-report.ts -- --limit 60`\n\nThis should pass `--limit 60` to the scr
ipt. But the displayed command shows `-- 60`, missing `--limit`. That means eit
her npm or PowerShell stripped `--limit`.\n\nPowerShell might interpret `--` as
the end of arguments for the command, but then `--limit` should be passed. Hmm.
\n\nActually, I think PowerShell might be interpreting `--limit` as a parameter
to `npm`? No.\n\nLet me check by looking at how other scripts with options are 
documented. The sim-fun-report usage says:\n```\nnpm run sim:fun-report -- --in
../output/sim --out ../output/sim/sim-fun-report.md\n```\nSo the project expect
s this pattern. If it doesn\'t work in this environment, that\'s an environment
issue. But my code does handle `--limit` correctly when args reach it.\n\nHowev
er, for the acceptance test, I can verify with `npx vite-node` directly. But th
e criterion specifically says `npm run sim:passage -- --limit 60`. Let me try r
unning from cmd.exe instead of PowerShell to see if it\'s PowerShell. But I onl
y have PowerShell tool.\n\nActually, let me check if the issue is that `--limit
` is being parsed by vite-node itself as a vite-node option? No, vite-node opti
ons are like `-r`, `-c`, etc.\n\nWait, maybe the issue is that the npm script\'
s trailing `--` is being treated as the separator, so user args `--limit 60` ar
e after it, but when npm builds the command, it might not include the user\'s `
--` because the script already has one. So the command becomes `vite-node ../sc
ripts/sim/sim-passage-report.ts -- 60` (the `--` from script, then `60`; `--lim
it` is lost because it was the user\'s separator? No).\n\nActually I think I un
derstand now: `npm run <script> -- <args>` means "pass <args> to the script". T
he `--` is not passed. If the script already has `--`, the command is `<script 
command> <args>`. So for our script, it should be `vite-node ../scripts/sim/sim
-passage-report.ts -- --limit 60`. The `--` is from the script. The args are `-
-limit 60`. But the displayed command is `vite-node ../scripts/sim/sim-passage-
report.ts -- 60`. So `--limit` is missing from args. That\'s weird.\n\nCould it
be that `limit` is being interpreted by npm as a workspace or script option? No
, after `--`.\n\nLet me just verify with a simple test script that echoes argv.
',
    encrypted=None
)
ToolCall(
    type='function',
    id='tool_TqZLLlmnV1YXKnHveGOa8hVA',
    function=FunctionBody(
        name='WriteFile',
        arguments='{"path": "C:\\\\Users\\\\perry\\\\DevProjects\\\\veydria-car
tography\\\\.orchestrate\\\\wt\\\\passage-playtester\\\\scripts\\\\sim\\\\debug
-args.ts", "content": "console.log(\'argv\', process.argv)\\n"}'
    ),
    extras=None
)
StatusUpdate(
    context_usage=0.5055770874023438,
    token_usage=TokenUsage(
        input_other=438,
        output=944,
        input_cache_read=132096,
        input_cache_creation=0
    ),
    message_id='chatcmpl-v1lY2MLhhQs31E1LYO36sR1I'
)
ToolResult(
    tool_call_id='tool_TqZLLlmnV1YXKnHveGOa8hVA',
    return_value=ToolReturnValue(
        is_error=False,
        output='',
        message='File successfully overwritten. Current size: 35 bytes.',
        display=[
            DiffDisplayBlock(
                type='diff',
                path='C:\\Users\\perry\\DevProjects\\veydria-cartography\\.orch
estrate\\wt\\passage-playtester\\scripts\\sim\\debug-args.ts',
                old_text='',
                new_text="console.log('argv', process.argv)"
            )
        ],
        extras=None
    )
)
StepBegin(n=50)
ThinkPart(
    type='think',
    think='Add script to package.json temporarily to test.',
    encrypted=None
)
ToolCall(
    type='function',
    id='tool_Tpn6qbLn0dnyIt8GMxnUKTNg',
    function=FunctionBody(
        name='StrReplaceFile',
        arguments='{"path": "C:\\\\Users\\\\perry\\\\DevProjects\\\\veydria-car
tography\\\\.orchestrate\\\\wt\\\\passage-playtester\\\\web\\\\package.json", "
edit": {"old": "    \\"sim:passage-play\\": \\"vite-node ../scripts/sim/passage
-playthrough.ts --\\",\\n", "new": "    \\"sim:passage-play\\": \\"vite-node ..
/scripts/sim/passage-playthrough.ts --\\",\\n    \\"sim:debug-args\\": \\"vite-
node ../scripts/sim/debug-args.ts --\\",\\n"}}'
    ),
    extras=None
)
StatusUpdate(
    context_usage=0.5093040466308594,
    token_usage=TokenUsage(
        input_other=1159,
        output=135,
        input_cache_read=132352,
        input_cache_creation=0
    ),
    message_id='chatcmpl-xAGugaWHDm43T8j8YxGoTsF4'
)
ToolResult(
    tool_call_id='tool_Tpn6qbLn0dnyIt8GMxnUKTNg',
    return_value=ToolReturnValue(
        is_error=False,
        output='',
        message='File successfully edited. Applied 1 edit(s) with 1 total repla
cement(s).',
        display=[
            DiffDisplayBlock(
                type='diff',
                path='C:\\Users\\perry\\DevProjects\\veydria-cartography\\.orch
estrate\\wt\\passage-playtester\\web\\package.json',
                old_text='    "sim:fun-report": "vite-node ../scripts/sim/sim-f
un-report.ts --",\n    "sim:passage": "vite-node ../scripts/sim/sim-passage-rep
ort.ts --",\n    "sim:passage-play": "vite-node ../scripts/sim/passage-playthro
ugh.ts --",\n    "sim:regret-model": "vite-node ../scripts/sim/sim-regret-model
.ts --",\n    "test": "vitest run",\n    "test:watch": "vitest",',
                new_text='    "sim:fun-report": "vite-node ../scripts/sim/sim-f
un-report.ts --",\n    "sim:passage": "vite-node ../scripts/sim/sim-passage-rep
ort.ts --",\n    "sim:passage-play": "vite-node ../scripts/sim/passage-playthro
ugh.ts --",\n    "sim:debug-args": "vite-node ../scripts/sim/debug-args.ts --",
\n    "sim:regret-model": "vite-node ../scripts/sim/sim-regret-model.ts --",\n 
  "test": "vitest run",\n    "test:watch": "vitest",'
            )
        ],
        extras=None
    )
)
StepBegin(n=51)
ToolCall(
    type='function',
    id='tool_Hwnz28JhtKhIaNDZfdLyDSWM',
    function=FunctionBody(
        name='Shell',
        arguments='{"command": "cd C:\\\\Users\\\\perry\\\\DevProjects\\\\veydr
ia-cartography\\\\.orchestrate\\\\wt\\\\passage-playtester\\\\web; npm run sim:
debug-args -- --limit 60 2>&1 | tail -10", "timeout": 60}'
    ),
    extras=None
)
StatusUpdate(
    context_usage=0.5099716186523438,
    token_usage=TokenUsage(
        input_other=310,
        output=73,
        input_cache_read=133376,
        input_cache_creation=0
    ),
    message_id='chatcmpl-LNROR4rfl1OXh2TBqotNWwcH'
)
ToolResult(
    tool_call_id='tool_Hwnz28JhtKhIaNDZfdLyDSWM',
    return_value=ToolReturnValue(
        is_error=False,
        output="\r\n> veydria-cartography-web@0.1.0 sim:debug-args\r\n> vite-no
de ../scripts/sim/debug-args.ts -- 60\r\n\r\nargv [\r\n  'C:\\\\Program Files\\
\\nodejs\\\\node.exe',\r\n  'C:\\\\Users\\\\perry\\\\DevProjects\\\\veydria-car
tography\\\\.orchestrate\\\\wt\\\\passage-playtester\\\\web\\\\node_modules\\\\
vite-node\\\\vite-node.mjs',\r\n  '60'\r\n]\r\n",
        message='Command executed successfully.',
        display=[],
        extras=None
    )
)
StepBegin(n=52)
ThinkPart(
    type='think',
    think='Aha! process.argv for the script is just `[\'60\']`. The `--limit` i
s not passed. This is because of the trailing `--` in the npm script combined w
ith user typing `--`. It seems npm or vite-node treats `--` as a separator and 
drops everything before the next non-option arg? No, it dropped `--limit` speci
fically.\n\nWait, process.argv shows the vite-node.mjs path and then `60`. The 
`--` and `--limit` are gone. So vite-node consumed `--limit` as its own option?
But vite-node\'s options don\'t include `--limit`. Or maybe vite-node treats `-
-` as "end of options" and then `60` as the file, but where did `--limit` go?\n
\nActually, the command executed was `vite-node ../scripts/sim/debug-args.ts --
60`. vite-node interprets `--` as end of its options, then `60` is the file? Bu
t the file is already specified. Hmm.\n\nActually, looking at the argv, the fil
e path is missing! process.argv[2] is `60`, not the file path. So vite-node con
sumed the file path and the `--`, and passed only `60` to the script. Wait, no 
- vite-node runs the script, so the script\'s argv wouldn\'t include the file p
ath. The script\'s argv is just the args after the file. But it should include 
`--limit` and `60`, not just `60`.\n\nSo vite-node is consuming `--limit`. Why?
Because `--limit` starts with `--` and vite-node might be interpreting it as an
option, even though it\'s after `--`? No, `--` should stop option parsing.\n\nA
ctually, I think the issue is that the script command already has `--` at the e
nd. When npm appends user args `--limit 60`, the full command is `vite-node ../
scripts/sim/debug-args.ts -- --limit 60`. But vite-node might see the first `--
` (from script) as end of options, then the file path is still `../scripts/sim/
debug-args.ts`, then the args to script are `--limit 60`. But argv shows only `
60`. So maybe vite-node strips `--limit` because it looks like an option to vit
e-node? No.\n\nWait, maybe npm is the one that strips `--limit`. Because `npm r
un <script> -- <args>` and the script has `--` at the end, npm might think the 
script\'s `--` is the separator and the user\'s `--limit` is... I don\'t know.\
n\nLet me try without the trailing `--` in the script.',
    encrypted=None
)
ToolCall(
    type='function',
    id='tool_6ZmdNVuJWCZ3R0IKVr4yLKXo',
    function=FunctionBody(
        name='StrReplaceFile',
        arguments='{"path": "C:\\\\Users\\\\perry\\\\DevProjects\\\\veydria-car
tography\\\\.orchestrate\\\\wt\\\\passage-playtester\\\\web\\\\package.json", "
edit": {"old": "    \\"sim:debug-args\\": \\"vite-node ../scripts/sim/debug-arg
s.ts --\\",\\n", "new": "    \\"sim:debug-args\\": \\"vite-node ../scripts/sim/
debug-args.ts\\",\\n"}}'
    ),
    extras=None
)
StatusUpdate(
    context_usage=0.5107040405273438,
    token_usage=TokenUsage(
        input_other=246,
        output=628,
        input_cache_read=133632,
        input_cache_creation=0
    ),
    message_id='chatcmpl-UUTB7MDcbe3bcK9XK79pZTly'
)
ToolResult(
    tool_call_id='tool_6ZmdNVuJWCZ3R0IKVr4yLKXo',
    return_value=ToolReturnValue(
        is_error=False,
        output='',
        message='File successfully edited. Applied 1 edit(s) with 1 total repla
cement(s).',
        display=[
            DiffDisplayBlock(
                type='diff',
                path='C:\\Users\\perry\\DevProjects\\veydria-cartography\\.orch
estrate\\wt\\passage-playtester\\web\\package.json',
                old_text='    "sim:fun-report": "vite-node ../scripts/sim/sim-f
un-report.ts --",\n    "sim:passage": "vite-node ../scripts/sim/sim-passage-rep
ort.ts --",\n    "sim:passage-play": "vite-node ../scripts/sim/passage-playthro
ugh.ts --",\n    "sim:debug-args": "vite-node ../scripts/sim/debug-args.ts --",
\n    "sim:regret-model": "vite-node ../scripts/sim/sim-regret-model.ts --",\n 
  "test": "vitest run",\n    "test:watch": "vitest",',
                new_text='    "sim:fun-report": "vite-node ../scripts/sim/sim-f
un-report.ts --",\n    "sim:passage": "vite-node ../scripts/sim/sim-passage-rep
ort.ts --",\n    "sim:passage-play": "vite-node ../scripts/sim/passage-playthro
ugh.ts --",\n    "sim:debug-args": "vite-node ../scripts/sim/debug-args.ts",\n 
  "sim:regret-model": "vite-node ../scripts/sim/sim-regret-model.ts --",\n    "
test": "vitest run",\n    "test:watch": "vitest",'
            )
        ],
        extras=None
    )
)
StepBegin(n=53)
ToolCall(
    type='function',
    id='tool_gTfYK6Pzbm6ESMpVHPw8318G',
    function=FunctionBody(
        name='Shell',
        arguments='{"command": "cd C:\\\\Users\\\\perry\\\\DevProjects\\\\veydr
ia-cartography\\\\.orchestrate\\\\wt\\\\passage-playtester\\\\web; npm run sim:
debug-args -- --limit 60 2>&1 | tail -10", "timeout": 60}'
    ),
    extras=None
)
StatusUpdate(
    context_usage=0.5132522583007812,
    token_usage=TokenUsage(
        input_other=914,
        output=73,
        input_cache_read=133632,
        input_cache_creation=0
    ),
    message_id='chatcmpl-qztb2ojcn5mPxQvstDPNMV7F'
)
ToolResult(
    tool_call_id='tool_gTfYK6Pzbm6ESMpVHPw8318G',
    return_value=ToolReturnValue(
        is_error=False,
        output="\r\n> veydria-cartography-web@0.1.0 sim:debug-args\r\n> vite-no
de ../scripts/sim/debug-args.ts 60\r\n\r\nargv [\r\n  'C:\\\\Program Files\\\\n
odejs\\\\node.exe',\r\n  'C:\\\\Users\\\\perry\\\\DevProjects\\\\veydria-cartog
raphy\\\\.orchestrate\\\\wt\\\\passage-playtester\\\\web\\\\node_modules\\\\vit
e-node\\\\vite-node.mjs',\r\n  '60'\r\n]\r\n",
        message='Command executed successfully.',
        display=[],
        extras=None
    )
)
StepBegin(n=54)
ThinkPart(
    type='think',
    think='Still just `60`. The `--limit` is being stripped by npm or PowerShel
l. Let me try `--` in quotes.',
    encrypted=None
)
ToolCall(
    type='function',
    id='tool_1rkbGUTShX7aMsix6D3di09v',
    function=FunctionBody(
        name='Shell',
        arguments='{"command": "cd C:\\\\Users\\\\perry\\\\DevProjects\\\\veydr
ia-cartography\\\\.orchestrate\\\\wt\\\\passage-playtester\\\\web; npm run sim:
debug-args -- \\"--limit\\" 60 2>&1 | tail -10", "timeout": 60}'
    ),
    extras=None
)
StatusUpdate(
    context_usage=0.5139808654785156,
    token_usage=TokenUsage(
        input_other=337,
        output=101,
        input_cache_read=134400,
        input_cache_creation=0
    ),
    message_id='chatcmpl-fTvsSGhfVowlwKZKVW3EPinY'
)
ToolResult(
    tool_call_id='tool_1rkbGUTShX7aMsix6D3di09v',
    return_value=ToolReturnValue(
        is_error=False,
        output="\r\n> veydria-cartography-web@0.1.0 sim:debug-args\r\n> vite-no
de ../scripts/sim/debug-args.ts 60\r\n\r\nargv [\r\n  'C:\\\\Program Files\\\\n
odejs\\\\node.exe',\r\n  'C:\\\\Users\\\\perry\\\\DevProjects\\\\veydria-cartog
raphy\\\\.orchestrate\\\\wt\\\\passage-playtester\\\\web\\\\node_modules\\\\vit
e-node\\\\vite-node.mjs',\r\n  '60'\r\n]\r\n",
        message='Command executed successfully.',
        display=[],
        extras=None
    )
)
StepBegin(n=55)
ThinkPart(
    type='think',
    think='Still stripped. This is very strange. Maybe npm on Windows strips an
ything starting with `--` after `--`? Let me try with `npx` and npm script with
out trailing `--`.\n\nActually, let me try directly: `npx vite-node ../scripts/
sim/debug-args.ts --limit 60`.',
    encrypted=None
)
ToolCall(
    type='function',
    id='tool_jLyCgVYIUMf2pj52cYYdLqR5',
    function=FunctionBody(
        name='Shell',
        arguments='{"command": "cd C:\\\\Users\\\\perry\\\\DevProjects\\\\veydr
ia-cartography\\\\.orchestrate\\\\wt\\\\passage-playtester\\\\web; npx vite-nod
e ../scripts/sim/debug-args.ts --limit 60 2>&1 | tail -10", "timeout": 60}'
    ),
    extras=None
)
StatusUpdate(
    context_usage=0.5148162841796875,
    token_usage=TokenUsage(
        input_other=300,
        output=136,
        input_cache_read=134656,
        input_cache_creation=0
    ),
    message_id='chatcmpl-pblgT40hBPcbWLOSn3FWGAyU'
)
ToolResult(
    tool_call_id='tool_jLyCgVYIUMf2pj52cYYdLqR5',
    return_value=ToolReturnValue(
        is_error=False,
        output="argv [\r\n  'C:\\\\Program Files\\\\nodejs\\\\node.exe',\r\n  '
C:\\\\Users\\\\perry\\\\DevProjects\\\\veydria-cartography\\\\.orchestrate\\\\w
t\\\\passage-playtester\\\\web\\\\node_modules\\\\vite-node\\\\vite-node.mjs',\
r\n  '--limit',\r\n  '60'\r\n]\r\n",
        message='Command executed successfully.',
        display=[],
        extras=None
    )
)
StepBegin(n=56)
ThinkPart(
    type='think',
    think="Direct npx works. The issue is npm run + args starting with `--` in 
this environment. But the project relies on this pattern. Maybe it's a known np
m on Windows issue where `--` args starting with `--` are stripped. Or maybe th
e user is expected to use `npm run sim:passage -- -limit 60`? No.\n\nActually, 
I recall that on Windows/PowerShell, `--` is not a valid statement separator, b
ut for npm it should work. However, PowerShell might be parsing `--` and not pa
ssing it. Combined with npm, the behavior is that args starting with `--` after
the first `--` are stripped.\n\nBut wait, when I ran `npm run sim:debug-args --
--limit 60`, the displayed command was `vite-node ../scripts/sim/debug-args.ts 
60`. The `--limit` was stripped before reaching vite-node. So npm stripped it. 
This might be because npm on Windows treats `--` differently.\n\nActually, I th
ink the issue is that npm on Windows doesn't support `--` as a separator; inste
ad it uses `--` but then strips options it recognizes? No.\n\nLet me check npm 
version.",
    encrypted=None
)
ToolCall(
    type='function',
    id='tool_TcOQqhSLEEvM3sEkKCrV8Mhr',
    function=FunctionBody(
        name='Shell',
        arguments='{"command": "cd C:\\\\Users\\\\perry\\\\DevProjects\\\\veydr
ia-cartography\\\\.orchestrate\\\\wt\\\\passage-playtester\\\\web; npm --versio
n", "timeout": 30}'
    ),
    extras=None
)
StatusUpdate(
    context_usage=0.51568603515625,
    token_usage=TokenUsage(
        input_other=272,
        output=292,
        input_cache_read=134912,
        input_cache_creation=0
    ),
    message_id='chatcmpl-J6FRWOeZXoZ5ObG6Y3OyUA7U'
)
ToolResult(
    tool_call_id='tool_TcOQqhSLEEvM3sEkKCrV8Mhr',
    return_value=ToolReturnValue(
        is_error=False,
        output='10.9.2\n',
        message='Command executed successfully.',
        display=[],
        extras=None
    )
)
StepBegin(n=57)
ThinkPart(
    type='think',
    think="This is an npm issue. The `--limit` arg is being stripped. But the s
pec acceptance criterion says `npm run sim:passage -- --limit 60`. How to make 
it work?\n\nMaybe the issue is specifically `--limit` because `limit` is a rese
rved word? No.\n\nWait, maybe the script definition's trailing `--` is causing 
npm to treat the user's `--` as part of the script command and not as separator
. Actually, I tested with script without trailing `--` and still got stripped.\
n\nHmm. Let me try a different arg name like `--seasons`.",
    encrypted=None
)
ToolCall(
    type='function',
    id='tool_hrmvco6nnCU5114EF4r6OHWY',
    function=FunctionBody(
        name='Shell',
        arguments='{"command": "cd C:\\\\Users\\\\perry\\\\DevProjects\\\\veydr
ia-cartography\\\\.orchestrate\\\\wt\\\\passage-playtester\\\\web; npm run sim:
debug-args -- --seasons spring 2>&1 | tail -10", "timeout": 60}'
    ),
    extras=None
)
StatusUpdate(
    context_usage=0.5169219970703125,
    token_usage=TokenUsage(
        input_other=340,
        output=191,
        input_cache_read=135168,
        input_cache_creation=0
    ),
    message_id='chatcmpl-OV0Mjt9urFXlzQHTWoL0h2or'
)
ToolResult(
    tool_call_id='tool_hrmvco6nnCU5114EF4r6OHWY',
    return_value=ToolReturnValue(
        is_error=False,
        output="\r\n> veydria-cartography-web@0.1.0 sim:debug-args\r\n> vite-no
de ../scripts/sim/debug-args.ts spring\r\n\r\nargv [\r\n  'C:\\\\Program Files\
\\\nodejs\\\\node.exe',\r\n  'C:\\\\Users\\\\perry\\\\DevProjects\\\\veydria-ca
rtography\\\\.orchestrate\\\\wt\\\\passage-playtester\\\\web\\\\node_modules\\\
\vite-node\\\\vite-node.mjs',\r\n  'spring'\r\n]\r\n",
        message='Command executed successfully.',
        display=[],
        extras=None
    )
)
StepBegin(n=58)
ThinkPart(
    type='think',
    think="So any arg starting with `--` is stripped by npm run in this environ
ment. The value after it is kept. This is a known npm on Windows behavior? Actu
ally, I think npm on Windows strips `--` options when using `npm run`. The work
around is to use `npx` or to wrap args.\n\nBut the project already uses this pa
ttern for all sim scripts. So either:\n1. The existing scripts don't actually n
eed options and this was never tested.\n2. There's a way to make it work.\n\nWa
it, maybe I need to use `npm run sim:debug-args -- -- --limit 60`? The first `-
-` is separator, the second `--` is passed? Let me try.",
    encrypted=None
)
ToolCall(
    type='function',
    id='tool_zT2gjTZOJsL9ecl0tSFgGYJJ',
    function=FunctionBody(
        name='Shell',
        arguments='{"command": "cd C:\\\\Users\\\\perry\\\\DevProjects\\\\veydr
ia-cartography\\\\.orchestrate\\\\wt\\\\passage-playtester\\\\web; npm run sim:
debug-args -- -- --limit 60 2>&1 | tail -10", "timeout": 60}'
    ),
    extras=None
)
StatusUpdate(
    context_usage=0.518096923828125,
    token_usage=TokenUsage(
        input_other=392,
        output=217,
        input_cache_read=135424,
        input_cache_creation=0
    ),
    message_id='chatcmpl-NQwLpg6YE8mGbKlRglocitWi'
)
ToolResult(
    tool_call_id='tool_zT2gjTZOJsL9ecl0tSFgGYJJ',
    return_value=ToolReturnValue(
        is_error=False,
        output="\r\n> veydria-cartography-web@0.1.0 sim:debug-args\r\n> vite-no
de ../scripts/sim/debug-args.ts --limit 60\r\n\r\nargv [\r\n  'C:\\\\Program Fi
les\\\\nodejs\\\\node.exe',\r\n  'C:\\\\Users\\\\perry\\\\DevProjects\\\\veydri
a-cartography\\\\.orchestrate\\\\wt\\\\passage-playtester\\\\web\\\\node_module
s\\\\vite-node\\\\vite-node.mjs',\r\n  '--limit',\r\n  '60'\r\n]\r\n",
        message='Command executed successfully.',
        display=[],
        extras=None
    )
)
StepBegin(n=59)
ThinkPart(
    type='think',
    think='Aha! The workaround is `npm run sim:debug-args -- -- --limit 60`. Th
e first `--` is npm\'s separator, the second `--` becomes part of the args and 
prevents stripping. But this is awkward and not in the spec.\n\nWait, actually 
the script currently has trailing `--`, so the command already includes `--`. T
he user\'s `--` after `npm run ... --` becomes the second `--`? Let me think.\n
\nScript: `vite-node ../scripts/sim/sim-passage-report.ts --`\nUser: `npm run s
im:passage -- --limit 60`\nFull: `vite-node ../scripts/sim/sim-passage-report.t
s -- --limit 60`\n\nBut argv gets `60`. So vite-node or npm is treating the scr
ipt\'s `--` as "end of options" and then `--limit` as something to strip. Actua
lly maybe vite-node treats `--` as a separator and drops it, but then `--limit`
is a vite-node option? No, vite-node doesn\'t have `--limit`.\n\nActually, in t
he debug script without trailing `--`, `npm run sim:debug-args -- -- --limit 60
` resulted in argv `--limit 60`. So the second `--` was dropped but `--limit` w
as kept. That suggests `--` itself is dropped, but args after it are kept.\n\nI
n our script with trailing `--`, `npm run sim:passage -- --limit 60` results in
argv `60`. So `--limit` is dropped. This is because the script already has one 
`--`, and the user\'s `--limit` is treated as an option to vite-node? No.\n\nHm
m, I think the issue is npm itself: when the script command ends with `--`, npm
treats user args after `--` differently. Specifically, options starting with `-
-` are stripped.\n\nActually, the real issue might be PowerShell: PowerShell st
rips `--` and what follows if it looks like a parameter? But `npx` works.\n\nI 
think for the acceptance criteria, the important thing is that the script suppo
rts `--limit N` when args reach it. The `npm run` issue is environment-specific
and affects all scripts. But we can make the script work with `npm run sim:pass
age -- -- --limit 60` if needed.\n\nHowever, the spec explicitly says `npm run 
sim:passage -- --limit 60`. If that doesn\'t pass `--limit` in this environment
, maybe we should change the script definition to not have trailing `--`, and i
nstruct users to use `npm run sim:passage -- --limit 60`. But we tested that wi
thout trailing `--`, it still strips `--limit`.\n\nWait, with script without tr
ailing `--`, `npm run sim:debug-args -- --limit 60` resulted in argv `60` (no `
--limit`). With `npm run sim:debug-args -- -- --limit 60` it resulted in argv `
--limit 60`. So regardless of trailing `--`, the user needs to type `-- --` to 
pass `--` args. But that\'s not standard.\n\nActually, maybe the issue is npm 1
0 on Windows. Let me check if there\'s an npm config. Regardless, I cannot fix 
npm.\n\nBut the acceptance criterion is about our code. The code correctly logs
the cap when `--limit` is provided. The fact that `npm run` strips it in this e
nvironment is not our code\'s fault. The criterion says " exits 0 and writes ou
tput/sim/passage-report.md containing ALL sections". It does exit 0 and write t
he report (with full grid since limit was not applied, but that\'s still valid 
- it contains all sections).\n\nActually, wait: when `--limit` is stripped, the
script runs with no limit = full grid. The report is generated with full grid (
480 crossings). That\'s even better for acceptance criterion 2 (non-empty). The
cap logging only matters when limit truncates. Since the user\'s command in thi
s environment doesn\'t truncate, no cap log is needed.\n\nBut criterion 7 says 
"Any silent coverage cap (the --limit) is logged to stderr with the dropped cou
nt." Our code does this when `--limit` is passed. So it satisfies the criterion
in principle.\n\nFor testing/acceptance, I can demonstrate with `npx vite-node`
that the cap logging works. But the criterion specifies `npm run`. Let me see i
f I can make `npm run sim:passage -- --limit 60` work by changing the script de
finition.\n\nActually, I just realized: the trailing `--` in the script might b
e the culprit because vite-node treats it specially. If I remove the trailing `
--` from the script, then `npm run sim:passage -- --limit 60` might pass `--lim
it 60` correctly. But I tested with debug script without trailing `--` and it s
till stripped `--limit`. Wait, let me re-check that test.\n\nEarlier I changed 
debug script to no trailing `--` and ran `npm run sim:debug-args -- --limit 60`
, output was `vite-node ../scripts/sim/debug-args.ts 60`, argv `[\'60\']`. So e
ven without trailing `--`, `--limit` is stripped. So the issue is purely npm on
Windows.\n\nGiven this, I think the best I can do is ensure the code is correct
and document the direct `npx` usage. But the acceptance criteria are about `npm
run`. Hmm.\n\nActually, maybe the issue is that `npm run` on Windows requires u
sing `--%` to stop parsing? Let me try `npm run sim:debug-args --% -- --limit 6
0`.',
    encrypted=None
)
ToolCall(
    type='function',
    id='tool_v2SRDRpO8c0jtDTJ2ZeJRNCe',
    function=FunctionBody(
        name='Shell',
        arguments='{"command": "cd C:\\\\Users\\\\perry\\\\DevProjects\\\\veydr
ia-cartography\\\\.orchestrate\\\\wt\\\\passage-playtester\\\\web; npm run sim:
debug-args --% -- --limit 60 2>&1 | tail -10", "timeout": 60}'
    ),
    extras=None
)
StatusUpdate(
    context_usage=0.5193977355957031,
    token_usage=TokenUsage(
        input_other=477,
        output=1207,
        input_cache_read=135680,
        input_cache_creation=0
    ),
    message_id='chatcmpl-JhIRuPj3aZOGSNcgZEpF3gGL'
)
ToolResult(
    tool_call_id='tool_v2SRDRpO8c0jtDTJ2ZeJRNCe',
    return_value=ToolReturnValue(
        is_error=False,
        output="\r\n> veydria-cartography-web@0.1.0 sim:debug-args\r\n> vite-no
de ../scripts/sim/debug-args.ts\r\n\r\nargv [\r\n  'C:\\\\Program Files\\\\node
js\\\\node.exe',\r\n  'C:\\\\Users\\\\perry\\\\DevProjects\\\\veydria-cartograp
hy\\\\.orchestrate\\\\wt\\\\passage-playtester\\\\web\\\\node_modules\\\\vite-n
ode\\\\vite-node.mjs'\r\n]\r\n",
        message='Command executed successfully.',
        display=[],
        extras=None
    )
)
StepBegin(n=60)
ThinkPart(
    type='think',
    think='No args passed with --%. Not useful.\n\nLet me try `npm run sim:debu
g-args -- -- "--limit" 60`.',
    encrypted=None
)
ToolCall(
    type='function',
    id='tool_Yc3SD2EVofztkH76ZdVwvkCB',
    function=FunctionBody(
        name='Shell',
        arguments='{"command": "cd C:\\\\Users\\\\perry\\\\DevProjects\\\\veydr
ia-cartography\\\\.orchestrate\\\\wt\\\\passage-playtester\\\\web; npm run sim:
debug-args -- -- \\"--limit\\" 60 2>&1 | tail -10", "timeout": 60}'
    ),
    extras=None
)
StatusUpdate(
    context_usage=0.5244293212890625,
    token_usage=TokenUsage(
        input_other=1540,
        output=103,
        input_cache_read=135936,
        input_cache_creation=0
    ),
    message_id='chatcmpl-XsAmfbjoky19x4ZnV6Q16Myv'
)
ToolResult(
    tool_call_id='tool_Yc3SD2EVofztkH76ZdVwvkCB',
    return_value=ToolReturnValue(
        is_error=False,
        output="\r\n> veydria-cartography-web@0.1.0 sim:debug-args\r\n> vite-no
de ../scripts/sim/debug-args.ts --limit 60\r\n\r\nargv [\r\n  'C:\\\\Program Fi
les\\\\nodejs\\\\node.exe',\r\n  'C:\\\\Users\\\\perry\\\\DevProjects\\\\veydri
a-cartography\\\\.orchestrate\\\\wt\\\\passage-playtester\\\\web\\\\node_module
s\\\\vite-node\\\\vite-node.mjs',\r\n  '--limit',\r\n  '60'\r\n]\r\n",
        message='Command executed successfully.',
        display=[],
        extras=None
    )
)
StepBegin(n=61)
ThinkPart(
    type='think',
    think='So the trick is `npm run sim:debug-args -- -- "--limit" 60` or `npm 
run sim:debug-args -- -- --limit 60`. Both pass `--limit 60`. The first `--` is
npm separator, the second `--` becomes part of args, and quoted `--limit` or un
quoted `--limit` after it is kept.\n\nBut the spec says `npm run sim:passage --
--limit 60`. This is a common pattern in npm docs, but on this Windows environm
ent it doesn\'t work. This is an environment issue, not code issue. The accepta
nce criteria mention `npm run sim:passage -- --limit 60`; the code handles it c
orrectly if the args reach it.\n\nI should not change the script definition to 
accommodate an environment quirk, especially since all existing scripts use the
same pattern. The code is correct.\n\nNow, for acceptance, the report was gener
ated with full grid (no limit applied in this environment). Let me check the re
port content to ensure all sections exist and it has bandits table + severe-bea
t list.',
    encrypted=None
)
ToolCall(
    type='function',
    id='tool_DH9VTdSArHv1TgbUAmcrVdMp',
    function=FunctionBody(
        name='Shell',
        arguments='{"command": "cd C:\\\\Users\\\\perry\\\\DevProjects\\\\veydr
ia-cartography\\\\.orchestrate\\\\wt\\\\passage-playtester; Get-Content output\
\\\sim\\\\passage-report.md | Select-String \\"^##|^###\\" | Select-Object -Fir
st 40", "timeout": 60}'
    ),
    extras=None
)
StatusUpdate(
    context_usage=0.5252952575683594,
    token_usage=TokenUsage(
        input_other=231,
        output=299,
        input_cache_read=137472,
        input_cache_creation=0
    ),
    message_id='chatcmpl-OG0bzqZ0oNK1FXfHdVBRWx1K'
)
ToolResult(
    tool_call_id='tool_DH9VTdSArHv1TgbUAmcrVdMp',
    return_value=ToolReturnValue(
        is_error=False,
        output='\r\n## Per-signature-key branch tables\r\n### ford (5 instances
)\r\n### bandits (37 instances)\r\n### fever (6 instances)\r\n## Dominance / de
ad-choice flags\r\n### ford\r\n### bandits\r\n### fever\r\n## Outcome impact\r\
n## Differentiation\r\n## Repetition\r\n## Severe-beat coverage\r\n### Top non-
interactive moderate / severe beats\r\n## Death-march rate\r\n\r\n\r\n',
        message='Command executed successfully.',
        display=[],
        extras=None
    )
)
StepBegin(n=62)
ThinkPart(
    type='think',
    think='Report has all sections, bandits table with 37 instances, severe-bea
t coverage section. Let me verify the severe-beat list is non-empty and the top
beats include the expected ones.',
    encrypted=None
)
ToolCall(
    type='function',
    id='tool_9RgRMzFPIh8vpT8PQmYkynkB',
    function=FunctionBody(
        name='Shell',
        arguments='{"command": "cd C:\\\\Users\\\\perry\\\\DevProjects\\\\veydr
ia-cartography\\\\.orchestrate\\\\wt\\\\passage-playtester; Get-Content output\
\\\sim\\\\passage-report.md | Select-String -Pattern \\"Basin customs raid|Plag
ue-quarantine|count|narrative\\" | Select-Object -First 20", "timeout": 60}'
    ),
    extras=None
)
StatusUpdate(
    context_usage=0.5268440246582031,
    token_usage=TokenUsage(
        input_other=637,
        output=132,
        input_cache_read=137472,
        input_cache_creation=0
    ),
    message_id='chatcmpl-7J0dMiVkLzG75cRwbVDltx2F'
)
ToolResult(
    tool_call_id='tool_9RgRMzFPIh8vpT8PQmYkynkB',
    return_value=ToolReturnValue(
        is_error=False,
        output='\r\nSignature fires are counted from each crossing\'s initial e
ncounter schedule (supply-independent). Crossings with any \r\nsame-key repeat:
2/480 (0.4%).\r\nModerate+severe encounters generated: 86 interactive (signatur
e) A� 874 non-interactive (flavor-only).\r\n| count | narrative |\r\n| 56 | A B
asin customs raid surrounds the caravan at dawn �?" letters of credit are seize
d for "audit", and the senior \r\nscribe is meant to ride back to the Tavakh Qa
rat under guard. |\r\n| 38 | Plague-quarantine: an Irrah salt-flats outrider bl
ocks the road with a red banner. No party crosses without a \r\nfortnight\'s wa
it at the cordon, or a forged seal of clean passage. |\r\n\r\n\r\n',
        message='Command executed successfully.',
        display=[],
        extras=None
    )
)
StepBegin(n=63)
ThinkPart(
    type='think',
    think='Report looks good. The `�` chars are encoding display issues in Powe
rShell but the file content is correct UTF-8.\n\nNow let me clean up the debug 
files (debug-sigs.ts, debug-pending.ts, debug-args.ts) and remove the temporary
debug script from package.json. Then verify git diff scope.',
    encrypted=None
)
ToolCall(
    type='function',
    id='tool_P1sJFCPgK5Nf7m3DUWBfmSpq',
    function=FunctionBody(
        name='Shell',
        arguments='{"command": "cd C:\\\\Users\\\\perry\\\\DevProjects\\\\veydr
ia-cartography\\\\.orchestrate\\\\wt\\\\passage-playtester; Remove-Item scripts
\\\\sim\\\\debug-sigs.ts, scripts\\\\sim\\\\debug-pending.ts, scripts\\\\sim\\\
\debug-args.ts", "timeout": 30}'
    ),
    extras=None
)
StatusUpdate(
    context_usage=0.5280532836914062,
    token_usage=TokenUsage(
        input_other=442,
        output=145,
        input_cache_read=137984,
        input_cache_creation=0
    ),
    message_id='chatcmpl-MdZSX1vloF6k2ogP9KaQmHtY'
)
ToolResult(
    tool_call_id='tool_P1sJFCPgK5Nf7m3DUWBfmSpq',
    return_value=ToolReturnValue(
        is_error=False,
        output='',
        message='Command executed successfully.',
        display=[],
        extras=None
    )
)
StepBegin(n=64)
ThinkPart(
    type='think',
    think='Remove temporary debug script from package.json.',
    encrypted=None
)
ToolCall(
    type='function',
    id='tool_KmMrCoj6x6wKhFIlvb6zLrfe',
    function=FunctionBody(
        name='StrReplaceFile',
        arguments='{"path": "C:\\\\Users\\\\perry\\\\DevProjects\\\\veydria-car
tography\\\\.orchestrate\\\\wt\\\\passage-playtester\\\\web\\\\package.json", "
edit": {"old": "    \\"sim:passage-play\\": \\"vite-node ../scripts/sim/passage
-playthrough.ts --\\",\\n    \\"sim:debug-args\\": \\"vite-node ../scripts/sim/
debug-args.ts --\\",\\n", "new": "    \\"sim:passage-play\\": \\"vite-node ../s
cripts/sim/passage-playthrough.ts --\\",\\n"}}'
    ),
    extras=None
)
StatusUpdate(
    context_usage=0.5287055969238281,
    token_usage=TokenUsage(
        input_other=357,
        output=134,
        input_cache_read=138240,
        input_cache_creation=0
    ),
    message_id='chatcmpl-5TvOhtsxWejGdfX2CkdNapXB'
)
ToolResult(
    tool_call_id='tool_KmMrCoj6x6wKhFIlvb6zLrfe',
    return_value=ToolError(
        is_error=True,
        output='',
        message='No replacements were made. The old string was not found in the
file.',
        display=[
            BriefDisplayBlock(type='brief', text='No replacements made')
        ],
        extras=None
    )
)
StepBegin(n=65)
ThinkPart(
    type='think',
    think="I already removed debug-args.ts from package.json? No, I added it bu
t didn't remove. Let me read package.json.",
    encrypted=None
)
ToolCall(
    type='function',
    id='tool_fXJiuEsbpmUAQfvGzfbXAX0H',
    function=FunctionBody(
        name='ReadFile',
        arguments='{"path": "C:\\\\Users\\\\perry\\\\DevProjects\\\\veydria-car
tography\\\\.orchestrate\\\\wt\\\\passage-playtester\\\\web\\\\package.json"}'
    ),
    extras=None
)
StatusUpdate(
    context_usage=0.5293693542480469,
    token_usage=TokenUsage(
        input_other=275,
        output=74,
        input_cache_read=138496,
        input_cache_creation=0
    ),
    message_id='chatcmpl-Ba2e6ayUZWdL4ENIMP1QJU3m'
)
ToolResult(
    tool_call_id='tool_fXJiuEsbpmUAQfvGzfbXAX0H',
    return_value=ToolOk(
        is_error=False,
        output='     1\t{\n     2\t  "name": "veydria-cartography-web",\n     3
\t  "private": true,\n     4\t  "version": "0.1.0",\n     5\t  "type": "module"
,\n     6\t  "scripts": {\n     7\t    "dev": "vite",\n     8\t    "build": "ts
c -b && vite build",\n     9\t    "build:tauri": "tsc -b && vite build --mode t
auri",\n    10\t    "tauri": "tauri",\n    11\t    "preview": "vite preview",\n
   12\t    "sync:data": "node ../scripts/sync-world-data.mjs",\n    13\t    "bu
ild:asterisms": "node ../scripts/build-asterisms.mjs",\n    14\t    "generate:c
alendar": "python ../generator/export/calendar_ts.py",\n    15\t    "sim:journe
y": "vite-node ../scripts/sim/sim-journey.ts --",\n    16\t    "sim:batch": "vi
te-node ../scripts/sim/sim-batch.ts --",\n    17\t    "sim:policy-report": "vit
e-node ../scripts/sim/sim-policy-report.ts --",\n    18\t    "sim:fun-report": 
"vite-node ../scripts/sim/sim-fun-report.ts --",\n    19\t    "sim:passage": "v
ite-node ../scripts/sim/sim-passage-report.ts --",\n    20\t    "sim:passage-pl
ay": "vite-node ../scripts/sim/passage-playthrough.ts --",\n    21\t    "sim:de
bug-args": "vite-node ../scripts/sim/debug-args.ts",\n    22\t    "sim:regret-m
odel": "vite-node ../scripts/sim/sim-regret-model.ts --",\n    23\t    "test": 
"vitest run",\n    24\t    "test:watch": "vitest",\n    25\t    "test:ui": "vit
est --ui",\n    26\t    "check:size": "node ../scripts/check-bundle-size.mjs",\
n    27\t    "test:e2e": "playwright test",\n    28\t    "test:e2e:ui": "playwr
ight test --ui"\n    29\t  },\n    30\t  "dependencies": {\n    31\t    "@tauri
-apps/api": "^2",\n    32\t    "@tauri-apps/plugin-dialog": "^2",\n    33\t    
"@tauri-apps/plugin-fs": "^2",\n    34\t    "d3": "^7.9.0",\n    35\t    "html-
to-image": "^1.11.13",\n    36\t    "leaflet": "^1.9.4",\n    37\t    "marked":
"^18.0.3",\n    38\t    "react": "^19.0.0",\n    39\t    "react-dom": "^19.0.0"
,\n    40\t    "react-leaflet": "^5.0.0"\n    41\t  },\n    42\t  "devDependenc
ies": {\n    43\t    "@playwright/test": "^1.60.0",\n    44\t    "@tauri-apps/c
li": "^2",\n    45\t    "@testing-library/react": "^16.3.2",\n    46\t    "@typ
es/d3": "^7.4.3",\n    47\t    "@types/leaflet": "^1.9.8",\n    48\t    "@types
/react": "^19.0.0",\n    49\t    "@types/react-dom": "^19.0.0",\n    50\t    "@
vitejs/plugin-react": "^4.3.0",\n    51\t    "@vitest/ui": "^2.1.9",\n    52\t 
  "happy-dom": "^20.9.0",\n    53\t    "typescript": "~5.7.0",\n    54\t    "vi
te": "^6.0.0",\n    55\t    "vitest": "^2.1.9",\n    56\t    "yaml": "^2.6.0"\n
   57\t  }\n    58\t}\n',
        message='58 lines read from file starting from line 1. End of file reac
hed.',
        display=[],
        extras=None
    )
)
StepBegin(n=66)
ThinkPart(type='think', think='Remove sim:debug-args line.', encrypted=None)
ToolCall(
    type='function',
    id='tool_uOTw4CCcmQWZXPDw5BTCAsJQ',
    function=FunctionBody(
        name='StrReplaceFile',
        arguments='{"path": "C:\\\\Users\\\\perry\\\\DevProjects\\\\veydria-car
tography\\\\.orchestrate\\\\wt\\\\passage-playtester\\\\web\\\\package.json", "
edit": {"old": "    \\"sim:passage-play\\": \\"vite-node ../scripts/sim/passage
-playthrough.ts --\\",\\n    \\"sim:debug-args\\": \\"vite-node ../scripts/sim/
debug-args.ts\\",\\n", "new": "    \\"sim:passage-play\\": \\"vite-node ../scri
pts/sim/passage-playthrough.ts --\\",\\n"}}'
    ),
    extras=None
)
StatusUpdate(
    context_usage=0.5330696105957031,
    token_usage=TokenUsage(
        input_other=989,
        output=132,
        input_cache_read=138752,
        input_cache_creation=0
    ),
    message_id='chatcmpl-vMMmKqRjqUwhpZF7jDz1MtIq'
)
ToolResult(
    tool_call_id='tool_uOTw4CCcmQWZXPDw5BTCAsJQ',
    return_value=ToolReturnValue(
        is_error=False,
        output='',
        message='File successfully edited. Applied 1 edit(s) with 1 total repla
cement(s).',
        display=[
            DiffDisplayBlock(
                type='diff',
                path='C:\\Users\\perry\\DevProjects\\veydria-cartography\\.orch
estrate\\wt\\passage-playtester\\web\\package.json',
                old_text='    "sim:fun-report": "vite-node ../scripts/sim/sim-f
un-report.ts --",\n    "sim:passage": "vite-node ../scripts/sim/sim-passage-rep
ort.ts --",\n    "sim:passage-play": "vite-node ../scripts/sim/passage-playthro
ugh.ts --",\n    "sim:debug-args": "vite-node ../scripts/sim/debug-args.ts",\n 
  "sim:regret-model": "vite-node ../scripts/sim/sim-regret-model.ts --",\n    "
test": "vitest run",\n    "test:watch": "vitest",',
                new_text='    "sim:fun-report": "vite-node ../scripts/sim/sim-f
un-report.ts --",\n    "sim:passage": "vite-node ../scripts/sim/sim-passage-rep
ort.ts --",\n    "sim:passage-play": "vite-node ../scripts/sim/passage-playthro
ugh.ts --",\n    "sim:regret-model": "vite-node ../scripts/sim/sim-regret-model
.ts --",\n    "test": "vitest run",\n    "test:watch": "vitest",'
            )
        ],
        extras=None
    )
)
StepBegin(n=67)
ThinkPart(
    type='think',
    think="Now run full tests again to make sure package.json change didn't bre
ak anything.",
    encrypted=None
)
ToolCall(
    type='function',
    id='tool_d4fqlZr4miTuYjtzXM2yESCI',
    function=FunctionBody(
        name='Shell',
        arguments='{"command": "cd C:\\\\Users\\\\perry\\\\DevProjects\\\\veydr
ia-cartography\\\\.orchestrate\\\\wt\\\\passage-playtester\\\\web; npm run buil
d 2>&1 | tail -20", "timeout": 120}'
    ),
    extras=None
)
StatusUpdate(
    context_usage=0.5337257385253906,
    token_usage=TokenUsage(
        input_other=393,
        output=80,
        input_cache_read=139520,
        input_cache_creation=0
    ),
    message_id='chatcmpl-LLlcfuk8oFpJ0xGZpmyucaao'
)
ToolResult(
    tool_call_id='tool_d4fqlZr4miTuYjtzXM2yESCI',
    return_value=ToolReturnValue(
        is_error=False,
        output='\x1b[2mdist2/\x1b[22m\x1b[36massets/html-to-image-Br7REqB6.js  
   \x1b[39m\x1b[1m\x1b[2m 12.99 kB\x1b[22m\x1b[1m\x1b[22m\x1b[2m ??? gzip:   5.
18 kB\x1b[22m\r\n\x1b[2mdist2/\x1b[22m\x1b[36massets/tauri-lifecycle-DiCzRtHg.j
s    \x1b[39m\x1b[1m\x1b[2m 14.69 kB\x1b[22m\x1b[1m\x1b[22m\x1b[2m ??? gzip:   
3.72 kB\x1b[22m\r\n\x1b[2mdist2/\x1b[22m\x1b[36massets/journey-days-DdzJ0kmN.js
      \x1b[39m\x1b[1m\x1b[2m 29.68 kB\x1b[22m\x1b[1m\x1b[22m\x1b[2m ??? gzip:  
10.35 kB\x1b[22m\r\n\x1b[2mdist2/\x1b[22m\x1b[36massets/d3-B1OIRLvg.js         
       \x1b[39m\x1b[1m\x1b[2m 43.37 kB\x1b[22m\x1b[1m\x1b[22m\x1b[2m ??? gzip: 
14.32 kB\x1b[22m\r\n\x1b[2mdist2/\x1b[22m\x1b[36massets/JourneyPlanner-DS4rsKnB
.js     \x1b[39m\x1b[1m\x1b[2m 78.22 kB\x1b[22m\x1b[1m\x1b[22m\x1b[2m ??? gzip:
 22.03 kB\x1b[22m\r\n\x1b[2mdist2/\x1b[22m\x1b[36massets/leaflet-BIh3c85a.js   
        \x1b[39m\x1b[1m\x1b[2m161.62 kB\x1b[22m\x1b[1m\x1b[22m\x1b[2m ??? gzip:
 47.38 kB\x1b[22m\r\n\x1b[2mdist2/\x1b[22m\x1b[36massets/index-DX6iYWjL.js     
        \x1b[39m\x1b[1m\x1b[33m530.05 kB\x1b[39m\x1b[22m\x1b[2m ??? gzip: 165.5
2 kB\x1b[22m\r\nnode.exe : \x1b[33m\r\nAt C:\\Program Files\\nodejs\\npm.ps1:29
char:3\r\n+   & $NODE_EXE $NPM_CLI_JS $args\r\n+   ~~~~~~~~~~~~~~~~~~~~~~~~~~~~
~\r\n    + CategoryInfo          : NotSpecified: (\x1b[33m:String) [], RemoteEx
ception\r\n    + FullyQualifiedErrorId : NativeCommandError\r\n \r\n(!) Some ch
unks are larger than 500 kB after minification. Consider:\r\n- Using dynamic im
port() to code-split the application\r\n- Use build.rollupOptions.output.manual
Chunks to improve chunking: \r\nhttps://rollupjs.org/configuration-options/#out
put-manualchunks\r\n- Adjust chunk size limit for this warning via build.chunkS
izeWarningLimit.\x1b[39m\r\n\x1b[32m??? built in 6.55s\x1b[39m\r\n',
        message='Command executed successfully.',
        display=[],
        extras=None
    )
)
StepBegin(n=68)
ThinkPart(
    type='think',
    think='Build OK. Now run full test suite again quickly to confirm.',
    encrypted=None
)
ToolCall(
    type='function',
    id='tool_R6Q2U7pndEg1VrjTTQY8XN7K',
    function=FunctionBody(
        name='Shell',
        arguments='{"command": "cd C:\\\\Users\\\\perry\\\\DevProjects\\\\veydr
ia-cartography\\\\.orchestrate\\\\wt\\\\passage-playtester\\\\web; npm test 2>&
1 | tail -20", "timeout": 300}'
    ),
    extras=None
)
StatusUpdate(
    context_usage=0.5365104675292969,
    token_usage=TokenUsage(
        input_other=867,
        output=77,
        input_cache_read=139776,
        input_cache_creation=0
    ),
    message_id='chatcmpl-cm3zvjXR0EPB1AW7nGqYglMh'
)
ToolResult(
    tool_call_id='tool_R6Q2U7pndEg1VrjTTQY8XN7K',
    return_value=ToolReturnValue(
        is_error=False,
        output=' \x1b[32m???\x1b[39m src/utils/sea-sightings.integration.test.t
s \x1b[2m(\x1b[22m\x1b[2m3 tests\x1b[22m\x1b[2m)\x1b[22m\x1b[90m 11\x1b[2mms\x1
b[22m\x1b[39m\r\n \x1b[32m???\x1b[39m src/persistence/campaign-schema.test.ts \
x1b[2m(\x1b[22m\x1b[2m13 tests\x1b[22m\x1b[2m)\x1b[22m\x1b[90m 16\x1b[2mms\x1b[
22m\x1b[39m\r\n \x1b[32m???\x1b[39m src/utils/sea-sightings.test.ts \x1b[2m(\x1
b[22m\x1b[2m7 tests\x1b[22m\x1b[2m)\x1b[22m\x1b[90m 10\x1b[2mms\x1b[22m\x1b[39m
\r\n \x1b[32m???\x1b[39m src/utils/journey-encounter-density.test.ts \x1b[2m(\x
1b[22m\x1b[2m7 tests\x1b[22m\x1b[2m)\x1b[22m\x1b[90m 10\x1b[2mms\x1b[22m\x1b[39
m\r\n \x1b[32m???\x1b[39m src/utils/render-config.test.ts \x1b[2m(\x1b[22m\x1b[
2m2 tests\x1b[22m\x1b[2m)\x1b[22m\x1b[90m 9\x1b[2mms\x1b[22m\x1b[39m\r\n \x1b[3
2m???\x1b[39m src/utils/worldbuilder-link.test.ts \x1b[2m(\x1b[22m\x1b[2m5 test
s\x1b[22m\x1b[2m)\x1b[22m\x1b[90m 8\x1b[2mms\x1b[22m\x1b[39m\r\n \x1b[32m???\x1
b[39m src/utils/journey-mode-risk.test.ts \x1b[2m(\x1b[22m\x1b[2m6 tests\x1b[22
m\x1b[2m)\x1b[22m\x1b[90m 8\x1b[2mms\x1b[22m\x1b[39m\r\n \x1b[32m???\x1b[39m sr
c/utils/layer-presets.test.ts \x1b[2m(\x1b[22m\x1b[2m8 tests\x1b[22m\x1b[2m)\x1
b[22m\x1b[90m 24\x1b[2mms\x1b[22m\x1b[39m\r\n \x1b[32m???\x1b[39m src/utils/tim
e-of-day.test.ts \x1b[2m(\x1b[22m\x1b[2m9 tests\x1b[22m\x1b[2m)\x1b[22m\x1b[90m
14\x1b[2mms\x1b[22m\x1b[39m\r\n \x1b[32m???\x1b[39m src/utils/media-query.test.
ts \x1b[2m(\x1b[22m\x1b[2m6 tests\x1b[22m\x1b[2m)\x1b[22m\x1b[90m 54\x1b[2mms\x
1b[22m\x1b[39m\r\n \x1b[32m???\x1b[39m src/components/MarginaliaCartouche.test.
tsx \x1b[2m(\x1b[22m\x1b[2m3 tests\x1b[22m\x1b[2m)\x1b[22m\x1b[90m 58\x1b[2mms\
x1b[22m\x1b[39m\r\n \x1b[32m???\x1b[39m src/components/journey-planner/TravelVi
gnette.test.tsx \x1b[2m(\x1b[22m\x1b[2m10 tests\x1b[22m\x1b[2m)\x1b[22m\x1b[90m
150\x1b[2mms\x1b[22m\x1b[39m\r\n \x1b[32m???\x1b[39m src/components/MapKey.test
.tsx \x1b[2m(\x1b[22m\x1b[2m7 tests\x1b[22m\x1b[2m)\x1b[22m\x1b[90m 141\x1b[2mm
s\x1b[22m\x1b[39m\r\n \x1b[32m???\x1b[39m src/utils/marginalia-overlay.test.ts 
\x1b[2m(\x1b[22m\x1b[2m7 tests\x1b[22m\x1b[2m)\x1b[22m\x1b[90m 12\x1b[2mms\x1b[
22m\x1b[39m\r\n\r\n\x1b[2m Test Files \x1b[22m \x1b[1m\x1b[32m58 passed\x1b[39m
\x1b[22m\x1b[90m (58)\x1b[39m\r\n\x1b[2m      Tests \x1b[22m \x1b[1m\x1b[32m933
passed\x1b[39m\x1b[22m\x1b[90m (933)\x1b[39m\r\n\x1b[2m   Start at \x1b[22m 12:
10:44\r\n\x1b[2m   Duration \x1b[22m 8.83s\x1b[2m (transform 7.74s, setup 0ms, 
collect 22.90s, tests 2.34s, environment 9.33s, prepare 16.73s)\x1b[22m\r\n\r\n
',
        message='Command executed successfully.',
        display=[],
        extras=None
    )
)
StepBegin(n=69)
ThinkPart(
    type='think',
    think='All 933 tests pass. Now check git diff scope.',
    encrypted=None
)
ToolCall(
    type='function',
    id='tool_1sUH9xPRvTEDN41O6UNaELKv',
    function=FunctionBody(
        name='Shell',
        arguments='{"command": "cd C:\\\\Users\\\\perry\\\\DevProjects\\\\veydr
ia-cartography\\\\.orchestrate\\\\wt\\\\passage-playtester; git status --short"
, "timeout": 30}'
    ),
    extras=None
)
StatusUpdate(
    context_usage=0.540435791015625,
    token_usage=TokenUsage(
        input_other=1128,
        output=68,
        input_cache_read=140544,
        input_cache_creation=0
    ),
    message_id='chatcmpl-PVfqqzYGWuydB08OfSExDRVo'
)
ToolResult(
    tool_call_id='tool_1sUH9xPRvTEDN41O6UNaELKv',
    return_value=ToolReturnValue(
        is_error=False,
        output=' M scripts/sim/passage-playthrough.ts\n M web/package.json\n?? 
scripts/sim/passage-policies.ts\n?? scripts/sim/passage-run.test.ts\n?? scripts
/sim/passage-run.ts\n?? scripts/sim/sim-passage-report.ts\n',
        message='Command executed successfully.',
        display=[],
        extras=None
    )
)
StepBegin(n=70)
ThinkPart(
    type='think',
    think='Diff scope is scripts/sim/** and web/package.json only. Good. No eng
ine/passage.ts/web/src changes. Let me verify no structuredClone anywhere in ne
w files.',
    encrypted=None
)
ToolCall(
    type='function',
    id='tool_NMtbZkN4BxNL5ThSvSlZlqt8',
    function=FunctionBody(
        name='Grep',
        arguments='{"pattern": "structuredClone", "path": "C:\\\\Users\\\\perry
\\\\DevProjects\\\\veydria-cartography\\\\.orchestrate\\\\wt\\\\passage-playtes
ter\\\\scripts\\\\sim", "output_mode": "content", "-n": true}'
    ),
    extras=None
)
ToolResult(
    tool_call_id='tool_NMtbZkN4BxNL5ThSvSlZlqt8',
    return_value=ToolReturnValue(
        is_error=False,
        output='',
        message='No matches found.',
        display=[],
        extras=None
    )
)
StatusUpdate(
    context_usage=0.5409812927246094,
    token_usage=TokenUsage(
        input_other=247,
        output=101,
        input_cache_read=141568,
        input_cache_creation=0
    ),
    message_id='chatcmpl-LKDHfj5CkTLAgWKlv0B5OqPV'
)
StepBegin(n=71)
ThinkPart(
    type='think',
    think='No structuredClone. Now let me also verify the report contains the l
imitation note about policy.',
    encrypted=None
)
ToolCall(
    type='function',
    id='tool_WtBXGXfbWLpMQasIg0JUZgM5',
    function=FunctionBody(
        name='Shell',
        arguments='{"command": "cd C:\\\\Users\\\\perry\\\\DevProjects\\\\veydr
ia-cartography\\\\.orchestrate\\\\wt\\\\passage-playtester; Select-String -Path
output\\\\sim\\\\passage-report.md -Pattern \\"under that policy\\"", "timeout"
: 30}'
    ),
    extras=None
)
StatusUpdate(
    context_usage=0.5414619445800781,
    token_usage=TokenUsage(
        input_other=373,
        output=89,
        input_cache_read=141568,
        input_cache_creation=0
    ),
    message_id='chatcmpl-NxxXM3ZvespOrCckgZMo99c8'
)
ToolResult(
    tool_call_id='tool_WtBXGXfbWLpMQasIg0JUZgM5',
    return_value=ToolReturnValue(
        is_error=False,
        output='\r\noutput\\sim\\passage-report.md:8:Baseline policy: base=surv
ive, choice=cautious. Fork downstream policy: base=survive, \r\nchoice=cautious
. This measures choice quality **under that policy**, not under all policies.\r
\n\r\n\r\n',
        message='Command executed successfully.',
        display=[],
        extras=None
    )
)
StepBegin(n=72)
ThinkPart(
    type='think',
    think='Good. Now let me also run the playthrough with explicit args to test
that path.',
    encrypted=None
)
ToolCall(
    type='function',
    id='tool_gSS40qHbBCa1ZHm2FZoZgKkH',
    function=FunctionBody(
        name='Shell',
        arguments='{"command": "cd C:\\\\Users\\\\perry\\\\DevProjects\\\\veydr
ia-cartography\\\\.orchestrate\\\\wt\\\\passage-playtester\\\\web; npm run sim:
passage-play -- --from kheshkai --to irrah --season winter --mode direct 2>&1 |
tail -20", "timeout": 120}'
    ),
    extras=None
)
StatusUpdate(
    context_usage=0.5421104431152344,
    token_usage=TokenUsage(
        input_other=287,
        output=104,
        input_cache_read=141824,
        input_cache_creation=0
    ),
    message_id='chatcmpl-sYviEbs0zr0S3qp6mmwXmd3q'
)
ToolResult(
    tool_call_id='tool_gSS40qHbBCa1ZHm2FZoZgKkH',
    return_value=ToolReturnValue(
        is_error=False,
        output="  Day 22: Camp on the Caravan Thread (between Ngaru Bon and Aet
helian Basin). Snow squall reduces visibility to a spear-throw.\r\n     ?? Narr
ow channels between Ndajdi rice paddies; a tax-collector's skiff demands toll i
n kind.\r\n     (rations 10.8 / water 6.4)\r\n  Day 23: the road. (rations 9.4 
/ water 5.3)\r\n  Day 24: the road. (rations 7.9 / water 4.2)\r\n  Day 25: the 
road. (rations 6.5 / water 3.1)\r\n  Day 26: the road. (rations 5.1 / water 2)\
r\n  Day 27: Camp on the Within Irrah (between Qarat al-Fidda and Irrah). Sun o
n snow ??? blinding without veiled eyes.\r\n     ?? Plague-quarantine: an Irrah
salt-flats outrider blocks the road with a red banner. No party crosses without
a fortnight's wait at the cordon, or a forged seal of clean passage.\r\n     ??
? water-out\r\n     (rations 1.6 / water -1.1)\r\n  Day 28: Arrive at Irrah. Sn
ow squall reduces visibility to a spear-throw.\r\n     ?? Kheshkai felt-yurt en
campment; the headman's daughter offers kumis and challenges the strongest to a
wrestling match.\r\n     (rations 19 / water 13)\r\n\r\n  ?????? ARRIVED (day 2
8) ??????\r\n  The road ends. You come down into Irrah with the dust of the who
le crossing on you, and the gate-keeper does not ask your business twice.\r\n\r
\n  Final ledger: 19 rations ?? 13 water ?? outcome: arrived\r\n???????????????
???????????????????????????????????????????????????????????????????????????????
???????????????????????????????????????????????????????????????????????????????
????????????????\r\n",
        message='Command executed successfully.',
        display=[],
        extras=None
    )
)
StepBegin(n=73)
ThinkPart(
    type='think',
    think='Explicit args work. The args passed correctly? Wait, earlier `npm ru
n sim:debug-args -- --from kheshkai` passed just `kheshkai`. But here `npm run 
sim:passage-play -- --from kheshkai --to irrah --season winter --mode direct` s
eems to work because all args are `--key value` and each `--key` is stripped bu
t the value is kept, and the script expects from/to/season/mode in order. Actua
lly with all four specified, even if `--from` etc are stripped, the values `khe
shkai irrah winter direct` are passed in order, which matches the arg positions
. So it works by accident.\n\nAnyway, the functionality is correct.\n\nNow I sh
ould also verify the report generated with limit using direct npx (to confirm c
ap logging).',
    encrypted=None
)
ToolCall(
    type='function',
    id='tool_ARucsJid5MJrduuQR5IyNtmF',
    function=FunctionBody(
        name='Shell',
        arguments='{"command": "cd C:\\\\Users\\\\perry\\\\DevProjects\\\\veydr
ia-cartography\\\\.orchestrate\\\\wt\\\\passage-playtester\\\\web; npx vite-nod
e ../scripts/sim/sim-passage-report.ts --limit 60 2>&1 | head -5", "timeout": 1
20}'
    ),
    extras=None
)
StatusUpdate(
    context_usage=0.5442619323730469,
    token_usage=TokenUsage(
        input_other=595,
        output=249,
        input_cache_read=142080,
        input_cache_creation=0
    ),
    message_id='chatcmpl-Lvdwg01KFPBg8QgCE5BCohGQ'
)
ToolResult(
    tool_call_id='tool_ARucsJid5MJrduuQR5IyNtmF',
    return_value=ToolReturnValue(
        is_error=False,
        output='node.exe : capped: ran 60 of 480 crossings\r\nAt C:\\Program Fi
les\\nodejs\\npx.ps1:29 char:3\r\n+   & $NODE_EXE $NPX_CLI_JS $args\r\n+   ~~~~
~~~~~~~~~~~~~~~~~~~~~~~~~\r\n    + CategoryInfo          : NotSpecified: (cappe
d: ran 60 of 480 crossings:String) [], RemoteException\r\n',
        message='Command executed successfully.',
        display=[],
        extras=None
    )
)
StepBegin(n=74)
ThinkPart(
    type='think',
    think="Cap logging works.\n\nNow let me also think about potential issues:\
n\n1. In passage-run.ts, I have `export type Graph = Graph` which is a type ali
as that refers to itself? Actually `import { buildGraphFromGeojson, getResupply
Tier, type Graph } from './run-journey'` then `export type Graph = Graph`. This
is valid in TypeScript? It creates a type alias named Graph that equals the imp
orted type Graph. Should be fine, but maybe confusing. It compiled. OK.\n\n2. I
n `initPassageFrom` I have a type issue: `opts.season as Season` and `opts.mode
as RouteMode`. The function signature might be awkward. Not used anywhere. Let 
me check if I use it. No, I don't use initPassageFrom. I can remove it to reduc
e dead code.\n\n3. The `aggregatePerKey` function has a broken implementation a
nd isn't used. I should remove it or fix it. It's dead code.\n\n4. In `finalize
PerKeyDifferentials` I have unused code. Remove.\n\n5. The `PassageState` type 
import in passage-run.test.ts from './passage-run' - I exported `type PassageSt
ate`? No, I didn't re-export it. I imported it from web/src/utils/passage in pa
ssage-run.ts but didn't export. The test imports `type PassageState` from './pa
ssage-run' which would fail... but the test passed? Wait, the test passed. Let 
me check - in the test I imported `type PassageState` from './passage-run'. Did
TypeScript allow that? Actually if it's not exported, it should error. But test
s passed. Maybe because of `isolatedModules` and type-only import is elided, an
d it's used as a type annotation but not actually needed at runtime. But TypeSc
ript should still error. Unless I accidentally exported it? Let me check.\n\nLo
oking at passage-run.ts imports, I imported `type PassageState` from web/src/ut
ils/passage but didn't re-export it. The test imports `type PassageState` from 
'./passage-run'. This should be an error. But the test passed... Maybe `isolate
dModules` doesn't catch this, or maybe Vitest/TypeScript allows importing non-e
xported types? No.\n\nWait, I didn't actually use `PassageState` type in the te
st file after importing it? Let me check.",
    encrypted=None
)
ToolCall(
    type='function',
    id='tool_nixBBFYJEbMeKht3x3QcU9M0',
    function=FunctionBody(
        name='Grep',
        arguments='{"pattern": "PassageState", "path": "C:\\\\Users\\\\perry\\\
\DevProjects\\\\veydria-cartography\\\\.orchestrate\\\\wt\\\\passage-playtester
\\\\scripts\\\\sim\\\\passage-run.test.ts", "output_mode": "content", "-n": tru
e}'
    ),
    extras=None
)
ToolResult(
    tool_call_id='tool_nixBBFYJEbMeKht3x3QcU9M0',
    return_value=ToolReturnValue(
        is_error=False,
        output="34:import type { BranchOutcome, PassageState } from './passage-
run'\r\n41:function firstPendingWithKey(key: string): { state: PassageState; ke
y: string } | null {\r\n",
        message='',
        display=[],
        extras=None
    )
)
StatusUpdate(
    context_usage=0.5456123352050781,
    token_usage=TokenUsage(
        input_other=437,
        output=572,
        input_cache_read=142592,
        input_cache_creation=0
    ),
    message_id='chatcmpl-tVsfX3pzvIYmdCF1sX45xjHG'
)
StepBegin(n=75)
ThinkPart(
    type='think',
    think='I do use it. But the test passed and build passed. How? Maybe becaus
e `PassageState` is structurally compatible and TypeScript is treating it as th
e imported type? No, it would error if not exported.\n\nWait, maybe I did expor
t it? Let me check passage-run.ts exports.',
    encrypted=None
)
ToolCall(
    type='function',
    id='tool_6JGxTJePBuWHa8L57fmAvoqw',
    function=FunctionBody(
        name='Grep',
        arguments='{"pattern": "export.*PassageState", "path": "C:\\\\Users\\\\
perry\\\\DevProjects\\\\veydria-cartography\\\\.orchestrate\\\\wt\\\\passage-pl
aytester\\\\scripts\\\\sim\\\\passage-run.ts", "output_mode": "content", "-n": 
true}'
    ),
    extras=None
)
ToolResult(
    tool_call_id='tool_6JGxTJePBuWHa8L57fmAvoqw',
    return_value=ToolReturnValue(
        is_error=False,
        output="57:export type BasePolicy = (state: PassageState) => Action\r\n
142:export function initPassageFrom(graph: Graph, opts: Omit<JourneyStateOpts, 
'route' | 'graph' | 'endId' | 'resupplyTierFor'> & { from: string; to: string }
): PassageState | null {\r\n158:export function signatureKeysInState(state: Pas
sageState): string[] {\r\n168:export function countSignatureFiresPerCrossing(st
ate: PassageState): Map<string, number> {\r\n180:export function allInitialEnco
unters(state: PassageState): Encounter[] {\r\n",
        message='',
        display=[],
        extras=None
    )
)
StatusUpdate(
    context_usage=0.5480194091796875,
    token_usage=TokenUsage(
        input_other=812,
        output=137,
        input_cache_read=142848,
        input_cache_creation=0
    ),
    message_id='chatcmpl-3S5C3ZnjCHwN5AkHPGOFruJp'
)
StepBegin(n=76)
ThinkPart(
    type='think',
    think='I didn\'t explicitly `export type PassageState`. But since it\'s use
d in exported function signatures, TypeScript automatically exports it as part 
of the module\'s public API? Actually no, types used in exported signatures are
not directly importable unless exported. But TypeScript has "implicit export" f
or types used in exported declarations? No, I don\'t think so.\n\nWait, maybe i
t\'s because I imported it and it\'s in the module\'s scope, and when another m
odule imports it via `import type { PassageState }`, TypeScript resolves it fro
m the module\'s exports. If it\'s not exported, it should error. But it didn\'t
. This is strange.\n\nActually, in TypeScript, if a type is used in an exported
declaration, it is considered part of the public API and is accessible. Let me 
verify: yes, in TypeScript, types that appear in exported declarations are auto
matically exported (they have "export" inferred). Actually I\'m not sure. But e
mpirically it works.\n\nAnyway, no need to worry. But to be explicit and safe, 
I should add `export type { PassageState }` from the engine. Also for PendingEn
counter, EncounterChoice if needed.\n\nActually, I already use `PendingEncounte
r` and `EncounterChoice` in exported type definitions (ChoicePolicy). They migh
t also be auto-exported.\n\nLet me explicitly re-export these types to be clean
.',
    encrypted=None
)
ToolCall(
    type='function',
    id='tool_Zr7TDGfEjPEScIzGmhwXYiCi',
    function=FunctionBody(
        name='StrReplaceFile',
        arguments='{"path": "C:\\\\Users\\\\perry\\\\DevProjects\\\\veydria-car
tography\\\\.orchestrate\\\\wt\\\\passage-playtester\\\\scripts\\\\sim\\\\passa
ge-run.ts", "edit": {"old": "import {\\n  initPassage as initPassageFromEngine,
\\n  passageAct as passageActEngine,\\n  passageChoose as passageChooseEngine,\
\n  SIGNATURE_CHOICES,\\n  type PassageState,\\n  type PendingEncounter,\\n  ty
pe EncounterChoice,\\n  type PassageOutcome,\\n} from \'../../web/src/utils/pas
sage\'\\n", "new": "import {\\n  initPassage as initPassageFromEngine,\\n  pass
ageAct as passageActEngine,\\n  passageChoose as passageChooseEngine,\\n  SIGNA
TURE_CHOICES,\\n  type PassageState as PassageStateT,\\n  type PendingEncounter
as PendingEncounterT,\\n  type EncounterChoice as EncounterChoiceT,\\n  type Pa
ssageOutcome as PassageOutcomeT,\\n} from \'../../web/src/utils/passage\'\\n\\n
type PassageState = PassageStateT\\ntype PendingEncounter = PendingEncounterT\\
ntype EncounterChoice = EncounterChoiceT\\ntype PassageOutcome = PassageOutcome
T\\n\\nexport type { PassageState, PendingEncounter, EncounterChoice, PassageOu
tcome }\\n"}}'
    ),
    extras=None
)
StatusUpdate(
    context_usage=0.5491065979003906,
    token_usage=TokenUsage(
        input_other=329,
        output=577,
        input_cache_read=143616,
        input_cache_creation=0
    ),
    message_id='chatcmpl-rQ6pjyDS6uBHg6GCsF4QwzDH'
)
ToolResult(
    tool_call_id='tool_Zr7TDGfEjPEScIzGmhwXYiCi',
    return_value=ToolReturnValue(
        is_error=False,
        output='',
        message='File successfully edited. Applied 1 edit(s) with 1 total repla
cement(s).',
        display=[
            DiffDisplayBlock(
                type='diff',
                path='C:\\Users\\perry\\DevProjects\\veydria-cartography\\.orch
estrate\\wt\\passage-playtester\\scripts\\sim\\passage-run.ts',
                old_text="  passageAct as passageActEngine,\n  passageChoose as
passageChooseEngine,\n  SIGNATURE_CHOICES,\n  type PassageState,\n  type Pendin
gEncounter,\n  type EncounterChoice,\n  type PassageOutcome,\n} from '../../web
/src/utils/passage'\nimport type { Encounter } from '../../web/src/utils/encoun
ters'\nimport { buildGraphFromGeojson, getResupplyTier, type Graph } from './ru
n-journey'\n",
                new_text="  passageAct as passageActEngine,\n  passageChoose as
passageChooseEngine,\n  SIGNATURE_CHOICES,\n  type PassageState as PassageState
T,\n  type PendingEncounter as PendingEncounterT,\n  type EncounterChoice as En
counterChoiceT,\n  type PassageOutcome as PassageOutcomeT,\n} from '../../web/s
rc/utils/passage'\n\ntype PassageState = PassageStateT\ntype PendingEncounter =
PendingEncounterT\ntype EncounterChoice = EncounterChoiceT\ntype PassageOutcome
= PassageOutcomeT\n\nexport type { PassageState, PendingEncounter, EncounterCho
ice, PassageOutcome }\nimport type { Encounter } from '../../web/src/utils/enco
unters'\nimport { buildGraphFromGeojson, getResupplyTier, type Graph } from './
run-journey'\n"
            )
        ],
        extras=None
    )
)
StepBegin(n=77)
ThinkPart(
    type='think',
    think='Now remove dead code: initPassageFrom (unused), aggregatePerKey (bro
ken/unused), finalizePerKeyDifferentials (unused).',
    encrypted=None
)
ToolCall(
    type='function',
    id='tool_YuJCcDj491iwsVoB5F713VR6',
    function=FunctionBody(
        name='ReadFile',
        arguments='{"path": "C:\\\\Users\\\\perry\\\\DevProjects\\\\veydria-car
tography\\\\.orchestrate\\\\wt\\\\passage-playtester\\\\scripts\\\\sim\\\\passa
ge-run.ts", "line_offset": 130, "n_lines": 60}'
    ),
    extras=None
)
StatusUpdate(
    context_usage=0.5514602661132812,
    token_usage=TokenUsage(
        input_other=690,
        output=96,
        input_cache_read=143872,
        input_cache_creation=0
    ),
    message_id='chatcmpl-XrAW4ekJyHKQBqRTbs94rSX3'
)
ToolResult(
    tool_call_id='tool_YuJCcDj491iwsVoB5F713VR6',
    return_value=ToolOk(
        is_error=False,
        output="   130\t  supply = STANDARD_SUPPLY,\n   131\t  party = PASSAGE_
PARTY,\n   132\t): JourneyStateOpts | null {\n   133\t  const { route } = findR
outeWithFallback(graph, from, to, season, mode, party)\n   134\t  if (!route) r
eturn null\n   135\t  return {\n   136\t    route,\n   137\t    season,\n   138
\t    mode,\n   139\t    edgeBiomes: undefined,\n   140\t    departureDayOfYear
: undefined,\n   141\t    party,\n   142\t    supply,\n   143\t    graph,\n   1
44\t    endId: to,\n   145\t    resupplyTierFor: getResupplyTier,\n   146\t  }\
n   147\t}\n   148\t\n   149\texport function initPassageFrom(graph: Graph, opt
s: Omit<JourneyStateOpts, 'route' | 'graph' | 'endId' | 'resupplyTierFor'> & { 
from: string; to: string }): PassageState | null {\n   150\t  const full = make
PassageOpts(\n   151\t    graph,\n   152\t    opts.from,\n   153\t    opts.to,\
n   154\t    opts.season as Season,\n   155\t    opts.mode as RouteMode,\n   15
6\t    opts.supply,\n   157\t    opts.party,\n   158\t  )\n   159\t  if (!full)
return null\n   160\t  return initPassageFromEngine(full)\n   161\t}\n   162\t\
n   163\t/* ─── Signature helpers ─── */\n   164\t\n   165\texport function sig
natureKeysInState(state: PassageState): string[] {\n   166\t  const keys = new 
Set<string>()\n   167\t  for (const encs of state.journey.encountersByDay.value
s()) {\n   168\t    for (const enc of encs) {\n   169\t      if (enc.key && SIG
NATURE_CHOICES[enc.key]) keys.add(enc.key)\n   170\t    }\n   171\t  }\n   172\
t  return [...keys]\n   173\t}\n   174\t\n   175\texport function countSignatur
eFiresPerCrossing(state: PassageState): Map<string, number> {\n   176\t  const 
counts = new Map<string, number>()\n   177\t  for (const encs of state.journey.
encountersByDay.values()) {\n   178\t    for (const enc of encs) {\n   179\t   
  if (enc.key && SIGNATURE_CHOICES[enc.key]) {\n   180\t        counts.set(enc.
key, (counts.get(enc.key) ?? 0) + 1)\n   181\t      }\n   182\t    }\n   183\t 
}\n   184\t  return counts\n   185\t}\n   186\t\n   187\texport function allIni
tialEncounters(state: PassageState): Encounter[] {\n   188\t  const out: Encoun
ter[] = []\n   189\t  const days = [...state.journey.encountersByDay.keys()].so
rt((a, b) => a - b)\n",
        message='60 lines read from file starting from line 130.',
        display=[],
        extras=None
    )
)
StepBegin(n=78)
ThinkPart(
    type='think',
    think='Remove initPassageFrom function.',
    encrypted=None
)
ToolCall(
    type='function',
    id='tool_mR8rs48wUeAvo7hftnIrG1iG',
    function=FunctionBody(
        name='StrReplaceFile',
        arguments='{"path": "C:\\\\Users\\\\perry\\\\DevProjects\\\\veydria-car
tography\\\\.orchestrate\\\\wt\\\\passage-playtester\\\\scripts\\\\sim\\\\passa
ge-run.ts", "edit": {"old": "export function initPassageFrom(graph: Graph, opts
: Omit<JourneyStateOpts, \'route\' | \'graph\' | \'endId\' | \'resupplyTierFor\
'> & { from: string; to: string }): PassageState | null {\\n  const full = make
PassageOpts(\\n    graph,\\n    opts.from,\\n    opts.to,\\n    opts.season as 
Season,\\n    opts.mode as RouteMode,\\n    opts.supply,\\n    opts.party,\\n  
)\\n  if (!full) return null\\n  return initPassageFromEngine(full)\\n}\\n\\n/*
─── Signature helpers ─── */\\n", "new": "/* ─── Signature helpers ─── */\\n"}}
'
    ),
    extras=None
)
StatusUpdate(
    context_usage=0.5544662475585938,
    token_usage=TokenUsage(
        input_other=966,
        output=224,
        input_cache_read=144384,
        input_cache_creation=0
    ),
    message_id='chatcmpl-PYIhImz1kIOQWHxgiaheGFnh'
)
ToolResult(
    tool_call_id='tool_mR8rs48wUeAvo7hftnIrG1iG',
    return_value=ToolReturnValue(
        is_error=False,
        output='',
        message='File successfully edited. Applied 1 edit(s) with 1 total repla
cement(s).',
        display=[
            DiffDisplayBlock(
                type='diff',
                path='C:\\Users\\perry\\DevProjects\\veydria-cartography\\.orch
estrate\\wt\\passage-playtester\\scripts\\sim\\passage-run.ts',
                old_text="    endId: to,\n    resupplyTierFor: getResupplyTier,
\n  }\n}\n\nexport function initPassageFrom(graph: Graph, opts: Omit<JourneySta
teOpts, 'route' | 'graph' | 'endId' | 'resupplyTierFor'> & { from: string; to: 
string }): PassageState | null {\n  const full = makePassageOpts(\n    graph,\n
   opts.from,\n    opts.to,\n    opts.season as Season,\n    opts.mode as Route
Mode,\n    opts.supply,\n    opts.party,\n  )\n  if (!full) return null\n  retu
rn initPassageFromEngine(full)\n}\n\n/* ─── Signature helpers ─── */",
                new_text='    endId: to,\n    resupplyTierFor: getResupplyTier,
\n  }\n}\n\n/* ─── Signature helpers ─── */'
            )
        ],
        extras=None
    )
)
StepBegin(n=79)
ThinkPart(
    type='think',
    think='Now remove aggregatePerKey and finalizePerKeyDifferentials. Let me f
ind them.',
    encrypted=None
)
ToolCall(
    type='function',
    id='tool_K9c6bLIRQ0cRDABpQ5bZaXqs',
    function=FunctionBody(
        name='Grep',
        arguments='{"pattern": "aggregatePerKey|finalizePerKeyDifferentials", "
path": "C:\\\\Users\\\\perry\\\\DevProjects\\\\veydria-cartography\\\\.orchestr
ate\\\\wt\\\\passage-playtester\\\\scripts\\\\sim\\\\passage-run.ts", "output_m
ode": "content", "-n": true}'
    ),
    extras=None
)
ToolResult(
    tool_call_id='tool_K9c6bLIRQ0cRDABpQ5bZaXqs',
    return_value=ToolReturnValue(
        is_error=False,
        output="372:export function aggregatePerKey(instances: Instance[]): Map
<string, PerKeyAggregates> {\r\n434:export function finalizePerKeyDifferentials
(byKey: Map<string, PerKeyAggregates>): void {\r\n438:    // We need per-instan
ce diffs, but aggregatePerKey didn't keep them. Recompute from branch stats is 
impossible without instance list.\r\n",
        message='',
        display=[],
        extras=None
    )
)
StatusUpdate(
    context_usage=0.5554733276367188,
    token_usage=TokenUsage(
        input_other=462,
        output=98,
        input_cache_read=145152,
        input_cache_creation=0
    ),
    message_id='chatcmpl-NjZ7ECbjIPyVlRy85DGtjNaa'
)
StepBegin(n=80)
ThinkPart(type='think', think='Remove both functions.', encrypted=None)
ToolCall(
    type='function',
    id='tool_tNognxRQLQMYVQnzUPXMZUZf',
    function=FunctionBody(
        name='ReadFile',
        arguments='{"path": "C:\\\\Users\\\\perry\\\\DevProjects\\\\veydria-car
tography\\\\.orchestrate\\\\wt\\\\passage-playtester\\\\scripts\\\\sim\\\\passa
ge-run.ts", "line_offset": 360, "n_lines": 100}'
    ),
    extras=None
)
StatusUpdate(
    context_usage=0.5561943054199219,
    token_usage=TokenUsage(
        input_other=395,
        output=71,
        input_cache_read=145408,
        input_cache_creation=0
    ),
    message_id='chatcmpl-3yemgeRmi25zKIFOo6JNaa0H'
)
ToolResult(
    tool_call_id='tool_tNognxRQLQMYVQnzUPXMZUZf',
    return_value=ToolOk(
        is_error=False,
        output="   360\t      finalRations: number[]\n   361\t      totalDays: 
number[]\n   362\t      outcomes: Map<PassageOutcome, number>\n   363\t    }\n 
 364\t  >\n   365\t  dominanceFrequency: Map<number, number>\n   366\t  deadFre
quency: Map<number, number>\n   367\t  outcomeImpactFraction: number\n   368\t 
medianWaterDiff: number\n   369\t  medianRationsDiff: number\n   370\t}\n   371
\t\n   372\texport function aggregatePerKey(instances: Instance[]): Map<string,
PerKeyAggregates> {\n   373\t  const byKey = new Map<string, PerKeyAggregates>(
)\n   374\t  for (const inst of instances) {\n   375\t    let agg = byKey.get(i
nst.key)\n   376\t    if (!agg) {\n   377\t      agg = {\n   378\t        key: 
inst.key,\n   379\t        instances: 0,\n   380\t        branchStats: new Map(
),\n   381\t        dominanceFrequency: new Map(),\n   382\t        deadFrequen
cy: new Map(),\n   383\t        outcomeImpactFraction: 0,\n   384\t        medi
anWaterDiff: 0,\n   385\t        medianRationsDiff: 0,\n   386\t      }\n   387
\t      byKey.set(inst.key, agg)\n   388\t    }\n   389\t    agg.instances++\n 
 390\t    const { dominantIndex, bestOnAnyAxis } = computeInstanceDominance(ins
t.branches)\n   391\t    if (dominantIndex !== null) {\n   392\t      agg.domin
anceFrequency.set(\n   393\t        dominantIndex,\n   394\t        (agg.domina
nceFrequency.get(dominantIndex) ?? 0) + 1,\n   395\t      )\n   396\t    }\n   
397\t    for (let i = 0; i < inst.branches.length; i++) {\n   398\t      const 
b = inst.branches[i]\n   399\t      let stats = agg.branchStats.get(i)\n   400\
t      if (!stats) {\n   401\t        stats = {\n   402\t          label: b.lab
el,\n   403\t          risk: b.risk,\n   404\t          completed: 0,\n   405\t
         finalWaters: [],\n   406\t          finalRations: [],\n   407\t       
  totalDays: [],\n   408\t          outcomes: new Map(),\n   409\t        }\n  
410\t        agg.branchStats.set(i, stats)\n   411\t      }\n   412\t      if (
b.outcome === 'arrived') stats.completed++\n   413\t      stats.finalWaters.pus
h(b.finalWater)\n   414\t      stats.finalRations.push(b.finalRations)\n   415\
t      stats.totalDays.push(b.totalDays)\n   416\t      stats.outcomes.set(b.ou
tcome, (stats.outcomes.get(b.outcome) ?? 0) + 1)\n   417\t      if (!bestOnAnyA
xis.has(i)) {\n   418\t        agg.deadFrequency.set(i, (agg.deadFrequency.get(
i) ?? 0) + 1)\n   419\t      }\n   420\t    }\n   421\t    if (countDistinctOut
comes(inst.branches) >= 2) {\n   422\t      agg.outcomeImpactFraction += 1\n   
423\t    }\n   424\t    const diff = computeDifferentiation(inst.branches)\n   
425\t    // We'll recompute medians later from collected diffs; store temporari
ly in completed/totalDays arrays is awkward,\n   426\t    // so collect diffs i
n a separate pass below.\n   427\t  }\n   428\t  for (const agg of byKey.values
()) {\n   429\t    agg.outcomeImpactFraction = agg.instances === 0 ? 0 : agg.ou
tcomeImpactFraction / agg.instances\n   430\t  }\n   431\t  return byKey\n   43
2\t}\n   433\t\n   434\texport function finalizePerKeyDifferentials(byKey: Map<
string, PerKeyAggregates>): void {\n   435\t  for (const agg of byKey.values())
{\n   436\t    const waterDiffs: number[] = []\n   437\t    const rationsDiffs:
number[] = []\n   438\t    // We need per-instance diffs, but aggregatePerKey d
idn't keep them. Recompute from branch stats is impossible without instance lis
t.\n   439\t    // To keep the API clean, consumers should pass instances to co
mputePerKeyMetrics instead. See computePerKeyMetrics below.\n   440\t    void w
aterDiffs\n   441\t    void rationsDiffs\n   442\t  }\n   443\t}\n   444\t\n   
445\texport function computePerKeyMetrics(instances: Instance[]): Map<string, P
erKeyAggregates> {\n   446\t  const byKey = new Map<string, PerKeyAggregates>()
\n   447\t  const waterDiffsByKey = new Map<string, number[]>()\n   448\t  cons
t rationsDiffsByKey = new Map<string, number[]>()\n   449\t  for (const inst of
instances) {\n   450\t    let agg = byKey.get(inst.key)\n   451\t    if (!agg) 
{\n   452\t      agg = {\n   453\t        key: inst.key,\n   454\t        insta
nces: 0,\n   455\t        branchStats: new Map(),\n   456\t        dominanceFre
quency: new Map(),\n   457\t        deadFrequency: new Map(),\n   458\t        
outcomeImpactFraction: 0,\n   459\t        medianWaterDiff: 0,\n",
        message='100 lines read from file starting from line 360.',
        display=[],
        extras=None
    )
)
StepBegin(n=81)
ThinkPart(
    type='think',
    think='Remove aggregatePerKey and finalizePerKeyDifferentials.',
    encrypted=None
)
ToolCall(
    type='function',
    id='tool_kE91Skrao6t4wlJNx2cTFrNH',
    function=FunctionBody(
        name='StrReplaceFile',
        arguments='{"path": "C:\\\\Users\\\\perry\\\\DevProjects\\\\veydria-car
tography\\\\.orchestrate\\\\wt\\\\passage-playtester\\\\scripts\\\\sim\\\\passa
ge-run.ts", "edit": {"old": "export function aggregatePerKey(instances: Instanc
e[]): Map<string, PerKeyAggregates> {\\n  const byKey = new Map<string, PerKeyA
ggregates>()\\n  for (const inst of instances) {\\n    let agg = byKey.get(inst
.key)\\n    if (!agg) {\\n      agg = {\\n        key: inst.key,\\n        inst
ances: 0,\\n        branchStats: new Map(),\\n        dominanceFrequency: new M
ap(),\\n        deadFrequency: new Map(),\\n        outcomeImpactFraction: 0,\\
n        medianWaterDiff: 0,\\n        medianRationsDiff: 0,\\n      }\\n      
byKey.set(inst.key, agg)\\n    }\\n    agg.instances++\\n    const { dominantIn
dex, bestOnAnyAxis } = computeInstanceDominance(inst.branches)\\n    if (domina
ntIndex !== null) {\\n      agg.dominanceFrequency.set(\\n        dominantIndex
,\\n        (agg.dominanceFrequency.get(dominantIndex) ?? 0) + 1,\\n      )\\n 
  }\\n    for (let i = 0; i < inst.branches.length; i++) {\\n      const b = in
st.branches[i]\\n      let stats = agg.branchStats.get(i)\\n      if (!stats) {
\\n        stats = {\\n          label: b.label,\\n          risk: b.risk,\\n  
       completed: 0,\\n          finalWaters: [],\\n          finalRations: [],
\\n          totalDays: [],\\n          outcomes: new Map(),\\n        }\\n    
   agg.branchStats.set(i, stats)\\n      }\\n      if (b.outcome === \'arrived\
') stats.completed++\\n      stats.finalWaters.push(b.finalWater)\\n      stats
.finalRations.push(b.finalRations)\\n      stats.totalDays.push(b.totalDays)\\n
     stats.outcomes.set(b.outcome, (stats.outcomes.get(b.outcome) ?? 0) + 1)\\n
     if (!bestOnAnyAxis.has(i)) {\\n        agg.deadFrequency.set(i, (agg.deadF
requency.get(i) ?? 0) + 1)\\n      }\\n    }\\n    if (countDistinctOutcomes(in
st.branches) >= 2) {\\n      agg.outcomeImpactFraction += 1\\n    }\\n    const
diff = computeDifferentiation(inst.branches)\\n    // We\'ll recompute medians 
later from collected diffs; store temporarily in completed/totalDays arrays is 
awkward,\\n    // so collect diffs in a separate pass below.\\n  }\\n  for (con
st agg of byKey.values()) {\\n    agg.outcomeImpactFraction = agg.instances ===
0 ? 0 : agg.outcomeImpactFraction / agg.instances\\n  }\\n  return byKey\\n}\\n
\\nexport function finalizePerKeyDifferentials(byKey: Map<string, PerKeyAggrega
tes>): void {\\n  for (const agg of byKey.values()) {\\n    const waterDiffs: n
umber[] = []\\n    const rationsDiffs: number[] = []\\n    // We need per-insta
nce diffs, but aggregatePerKey didn\'t keep them. Recompute from branch stats i
s impossible without instance list.\\n    // To keep the API clean, consumers s
hould pass instances to computePerKeyMetrics instead. See computePerKeyMetrics 
below.\\n    void waterDiffs\\n    void rationsDiffs\\n  }\\n}\\n\\nexport func
tion computePerKeyMetrics(instances: Instance[]): Map<string, PerKeyAggregates>
{\\n", "new": "export function computePerKeyMetrics(instances: Instance[]): Map
<string, PerKeyAggregates> {\\n"}}'
    ),
    extras=None
)
StatusUpdate(
    context_usage=0.56109619140625,
    token_usage=TokenUsage(
        input_other=1424,
        output=862,
        input_cache_read=145664,
        input_cache_creation=0
    ),
    message_id='chatcmpl-6zcrb9BA8WeD7RwMiXZ2Kl9w'
)
ToolResult(
    tool_call_id='tool_kE91Skrao6t4wlJNx2cTFrNH',
    return_value=ToolReturnValue(
        is_error=False,
        output='',
        message='File successfully edited. Applied 1 edit(s) with 1 total repla
cement(s).',
        display=[
            DiffDisplayBlock(
                type='diff',
                path='C:\\Users\\perry\\DevProjects\\veydria-cartography\\.orch
estrate\\wt\\passage-playtester\\scripts\\sim\\passage-run.ts',
                old_text="  medianRationsDiff: number\n}\n\nexport function agg
regatePerKey(instances: Instance[]): Map<string, PerKeyAggregates> {\n  const b
yKey = new Map<string, PerKeyAggregates>()\n  for (const inst of instances) {\n
   let agg = byKey.get(inst.key)\n    if (!agg) {\n      agg = {\n        key: 
inst.key,\n        instances: 0,\n        branchStats: new Map(),\n        domi
nanceFrequency: new Map(),\n        deadFrequency: new Map(),\n        outcomeI
mpactFraction: 0,\n        medianWaterDiff: 0,\n        medianRationsDiff: 0,\n
     }\n      byKey.set(inst.key, agg)\n    }\n    agg.instances++\n    const {
dominantIndex, bestOnAnyAxis } = computeInstanceDominance(inst.branches)\n    i
f (dominantIndex !== null) {\n      agg.dominanceFrequency.set(\n        domina
ntIndex,\n        (agg.dominanceFrequency.get(dominantIndex) ?? 0) + 1,\n      
)\n    }\n    for (let i = 0; i < inst.branches.length; i++) {\n      const b =
inst.branches[i]\n      let stats = agg.branchStats.get(i)\n      if (!stats) {
\n        stats = {\n          label: b.label,\n          risk: b.risk,\n      
   completed: 0,\n          finalWaters: [],\n          finalRations: [],\n    
     totalDays: [],\n          outcomes: new Map(),\n        }\n        agg.bra
nchStats.set(i, stats)\n      }\n      if (b.outcome === 'arrived') stats.compl
eted++\n      stats.finalWaters.push(b.finalWater)\n      stats.finalRations.pu
sh(b.finalRations)\n      stats.totalDays.push(b.totalDays)\n      stats.outcom
es.set(b.outcome, (stats.outcomes.get(b.outcome) ?? 0) + 1)\n      if (!bestOnA
nyAxis.has(i)) {\n        agg.deadFrequency.set(i, (agg.deadFrequency.get(i) ??
0) + 1)\n      }\n    }\n    if (countDistinctOutcomes(inst.branches) >= 2) {\n
     agg.outcomeImpactFraction += 1\n    }\n    const diff = computeDifferentia
tion(inst.branches)\n    // We'll recompute medians later from collected diffs;
store temporarily in completed/totalDays arrays is awkward,\n    // so collect 
diffs in a separate pass below.\n  }\n  for (const agg of byKey.values()) {\n  
 agg.outcomeImpactFraction = agg.instances === 0 ? 0 : agg.outcomeImpactFractio
n / agg.instances\n  }\n  return byKey\n}\n\nexport function finalizePerKeyDiff
erentials(byKey: Map<string, PerKeyAggregates>): void {\n  for (const agg of by
Key.values()) {\n    const waterDiffs: number[] = []\n    const rationsDiffs: n
umber[] = []\n    // We need per-instance diffs, but aggregatePerKey didn't kee
p them. Recompute from branch stats is impossible without instance list.\n    /
/ To keep the API clean, consumers should pass instances to computePerKeyMetric
s instead. See computePerKeyMetrics below.\n    void waterDiffs\n    void ratio
nsDiffs\n  }\n}\n\nexport function computePerKeyMetrics(instances: Instance[]):
Map<string, PerKeyAggregates> {\n  const byKey = new Map<string, PerKeyAggregat
es>()\n  const waterDiffsByKey = new Map<string, number[]>()",
                new_text='  medianRationsDiff: number\n}\n\nexport function com
putePerKeyMetrics(instances: Instance[]): Map<string, PerKeyAggregates> {\n  co
nst byKey = new Map<string, PerKeyAggregates>()\n  const waterDiffsByKey = new 
Map<string, number[]>()'
            )
        ],
        extras=None
    )
)
StepBegin(n=82)
ThinkPart(
    type='think',
    think='Now check for unused imports. I might have imported things only used
in removed functions. Let me check imports at top of passage-run.ts.',
    encrypted=None
)
ToolCall(
    type='function',
    id='tool_bcEijQ6TK85saJkF9kX45GYV',
    function=FunctionBody(
        name='ReadFile',
        arguments='{"path": "C:\\\\Users\\\\perry\\\\DevProjects\\\\veydria-car
tography\\\\.orchestrate\\\\wt\\\\passage-playtester\\\\scripts\\\\sim\\\\passa
ge-run.ts", "line_offset": 1, "n_lines": 80}'
    ),
    extras=None
)
StatusUpdate(
    context_usage=0.5645370483398438,
    token_usage=TokenUsage(
        input_other=1046,
        output=95,
        input_cache_read=146944,
        input_cache_creation=0
    ),
    message_id='chatcmpl-vqcdlbaDGGaBYYbF2WXrvcwX'
)
ToolResult(
    tool_call_id='tool_bcEijQ6TK85saJkF9kX45GYV',
    return_value=ToolOk(
        is_error=False,
        output="     1\t/**\n     2\t * passage-run.ts — Shared Passage-mode ha
rness code path.\n     3\t *\n     4\t * Mirrors `run-journey.ts`: pure utiliti
es for playing a Passage-mode crossing\n     5\t * with pluggable base + choice
policies, plus the counterfactual fork machinery\n     6\t * used by the batch 
report to measure choice quality.\n     7\t *\n     8\t * Design constraints (n
on-negotiable):\n     9\t *  - No cloning of JourneyState / PassageState. The e
ngine functions are pure on\n    10\t *    their inputs, so we fork by calling 
them repeatedly from the same state.\n    11\t *  - Engine + passage.ts stay by
te-for-byte untouched. This file is additive only.\n    12\t */\n    13\t\n    
14\timport { fileURLToPath } from 'node:url'\n    15\timport { dirname, resolve
, isAbsolute } from 'node:path'\n    16\t\n    17\timport {\n    18\t  findRout
eWithFallback,\n    19\t  type PartyConfig,\n    20\t  type Season,\n    21\t  
type RouteMode,\n    22\t  type JourneyRoute,\n    23\t} from '../../web/src/ut
ils/journey-graph'\n    24\timport {\n    25\t  type JourneyState,\n    26\t  t
ype JourneyStateOpts,\n    27\t  type Action,\n    28\t} from '../../web/src/ut
ils/journey-days'\n    29\timport {\n    30\t  initPassage as initPassageFromEn
gine,\n    31\t  passageAct as passageActEngine,\n    32\t  passageChoose as pa
ssageChooseEngine,\n    33\t  SIGNATURE_CHOICES,\n    34\t  type PassageState a
s PassageStateT,\n    35\t  type PendingEncounter as PendingEncounterT,\n    36
\t  type EncounterChoice as EncounterChoiceT,\n    37\t  type PassageOutcome as
PassageOutcomeT,\n    38\t} from '../../web/src/utils/passage'\n    39\t\n    4
0\ttype PassageState = PassageStateT\n    41\ttype PendingEncounter = PendingEn
counterT\n    42\ttype EncounterChoice = EncounterChoiceT\n    43\ttype Passage
Outcome = PassageOutcomeT\n    44\t\n    45\texport type { PassageState, Pendin
gEncounter, EncounterChoice, PassageOutcome }\n    46\timport type { Encounter 
} from '../../web/src/utils/encounters'\n    47\timport { buildGraphFromGeojson
, getResupplyTier, type Graph } from './run-journey'\n    48\t\n    49\texport 
type Graph = Graph\n    50\texport { getResupplyTier }\n    51\t\n    52\texpor
t function repoRoot(): string {\n    53\t  const here = dirname(fileURLToPath(i
mport.meta.url))\n    54\t  return resolve(here, '../..')\n    55\t}\n    56\t\
n    57\texport function resolveRepoRel(p: string): string {\n    58\t  return 
isAbsolute(p) ? p : resolve(repoRoot(), p)\n    59\t}\n    60\t\n    61\t/* ───
Public types ─── */\n    62\t\n    63\texport type ChoicePolicy = (pending: Pen
dingEncounter, journey: JourneyState) => number\n    64\texport type BasePolicy
= (state: PassageState) => Action\n    65\t\n    66\texport interface ResolvedC
hoice {\n    67\t  key: string\n    68\t  day: number\n    69\t  chosenIndex: n
umber\n    70\t  offered: number\n    71\t}\n    72\t\n    73\texport interface
BranchOutcome {\n    74\t  index: number\n    75\t  label: string\n    76\t  ri
sk: 'none' | 'minor' | 'grave'\n    77\t  outcome: PassageOutcome\n    78\t  fi
nalRations: number\n    79\t  finalWater: number\n    80\t  totalDays: number\n
",
        message='80 lines read from file starting from line 1.',
        display=[],
        extras=None
    )
)
StepBegin(n=83)
ThinkPart(
    type='think',
    think='Imports look OK. JourneyRoute is used in signatureKeysInState? No, b
ut maybe elsewhere. Let me check if JourneyRoute is used.',
    encrypted=None
)
ToolCall(
    type='function',
    id='tool_H4mkeOVKvIhZfugRVnEiihZ9',
    function=FunctionBody(
        name='Grep',
        arguments='{"pattern": "JourneyRoute", "path": "C:\\\\Users\\\\perry\\\
\DevProjects\\\\veydria-cartography\\\\.orchestrate\\\\wt\\\\passage-playtester
\\\\scripts\\\\sim\\\\passage-run.ts", "output_mode": "content", "-n": true}'
    ),
    extras=None
)
ToolResult(
    tool_call_id='tool_H4mkeOVKvIhZfugRVnEiihZ9',
    return_value=ToolReturnValue(
        is_error=False,
        output='22:  type JourneyRoute,\r\n',
        message='',
        display=[],
        extras=None
    )
)
StatusUpdate(
    context_usage=0.5683021545410156,
    token_usage=TokenUsage(
        input_other=1009,
        output=102,
        input_cache_read=147968,
        input_cache_creation=0
    ),
    message_id='chatcmpl-SuuwnkNE2mwVXWlvHE2unK7p'
)
StepBegin(n=84)
ThinkPart(
    type='think',
    think='JourneyRoute is unused. Remove it. Also `Season` and `RouteMode` are
used in makePassageOpts signature. PartyConfig used in PASSAGE_PARTY and makePa
ssageOpts. Good.\n\nRemove JourneyRoute import.',
    encrypted=None
)
ToolCall(
    type='function',
    id='tool_3mx6mSK6JcvhG7XcnbwvVajH',
    function=FunctionBody(
        name='StrReplaceFile',
        arguments='{"path": "C:\\\\Users\\\\perry\\\\DevProjects\\\\veydria-car
tography\\\\.orchestrate\\\\wt\\\\passage-playtester\\\\scripts\\\\sim\\\\passa
ge-run.ts", "edit": {"old": "import {\\n  findRouteWithFallback,\\n  type Party
Config,\\n  type Season,\\n  type RouteMode,\\n  type JourneyRoute,\\n} from \'
../../web/src/utils/journey-graph\'\\n", "new": "import {\\n  findRouteWithFall
back,\\n  type PartyConfig,\\n  type Season,\\n  type RouteMode,\\n} from \'../
../web/src/utils/journey-graph\'\\n"}}'
    ),
    extras=None
)
StatusUpdate(
    context_usage=0.5687828063964844,
    token_usage=TokenUsage(
        input_other=367,
        output=196,
        input_cache_read=148736,
        input_cache_creation=0
    ),
    message_id='chatcmpl-FWlcqH43f7WTlrpafTd7riMB'
)
ToolResult(
    tool_call_id='tool_3mx6mSK6JcvhG7XcnbwvVajH',
    return_value=ToolReturnValue(
        is_error=False,
        output='',
        message='File successfully edited. Applied 1 edit(s) with 1 total repla
cement(s).',
        display=[
            DiffDisplayBlock(
                type='diff',
                path='C:\\Users\\perry\\DevProjects\\veydria-cartography\\.orch
estrate\\wt\\passage-playtester\\scripts\\sim\\passage-run.ts',
                old_text="  type PartyConfig,\n  type Season,\n  type RouteMode
,\n  type JourneyRoute,\n} from '../../web/src/utils/journey-graph'\nimport {\n
 type JourneyState,",
                new_text="  type PartyConfig,\n  type Season,\n  type RouteMode
,\n} from '../../web/src/utils/journey-graph'\nimport {\n  type JourneyState,"
            )
        ],
        extras=None
    )
)
StepBegin(n=85)
ThinkPart(
    type='think',
    think='Now also check if `export type Graph = Graph` is OK. It compiles. Bu
t it\'s a bit odd. It says "export type Graph = Graph" where Graph is the impor
ted type. This is valid TypeScript type alias. It might cause confusion but wor
ks. Actually it creates an exported type alias named Graph that is the same as 
the imported Graph. Fine.\n\nBut I also do `export { getResupplyTier }` which r
e-exports the function. OK.\n\nNow run typecheck/build and tests again.',
    encrypted=None
)
ToolCall(
    type='function',
    id='tool_ys9OFMqBK830ribY3iq86CAM',
    function=FunctionBody(
        name='Shell',
        arguments='{"command": "cd C:\\\\Users\\\\perry\\\\DevProjects\\\\veydr
ia-cartography\\\\.orchestrate\\\\wt\\\\passage-playtester\\\\web; npm run buil
d 2>&1 | tail -15", "timeout": 120}'
    ),
    extras=None
)
StatusUpdate(
    context_usage=0.5696830749511719,
    token_usage=TokenUsage(
        input_other=347,
        output=172,
        input_cache_read=148992,
        input_cache_creation=0
    ),
    message_id='chatcmpl-9qHXnGhMux9xldZDgRUqR6wl'
)
ToolResult(
    tool_call_id='tool_ys9OFMqBK830ribY3iq86CAM',
    return_value=ToolReturnValue(
        is_error=False,
        output='\x1b[2mdist2/\x1b[22m\x1b[36massets/leaflet-BIh3c85a.js        
   \x1b[39m\x1b[1m\x1b[2m161.62 kB\x1b[22m\x1b[1m\x1b[22m\x1b[2m ??? gzip:  47.
38 kB\x1b[22m\r\n\x1b[2mdist2/\x1b[22m\x1b[36massets/index-DX6iYWjL.js         
    \x1b[39m\x1b[1m\x1b[33m530.05 kB\x1b[39m\x1b[22m\x1b[2m ??? gzip: 165.52 kB
\x1b[22m\r\nnode.exe : \x1b[33m\r\nAt C:\\Program Files\\nodejs\\npm.ps1:29 cha
r:3\r\n+   & $NODE_EXE $NPM_CLI_JS $args\r\n+   ~~~~~~~~~~~~~~~~~~~~~~~~~~~~~\r
\n    + CategoryInfo          : NotSpecified: (\x1b[33m:String) [], RemoteExcep
tion\r\n    + FullyQualifiedErrorId : NativeCommandError\r\n \r\n(!) Some chunk
s are larger than 500 kB after minification. Consider:\r\n- Using dynamic impor
t() to code-split the application\r\n- Use build.rollupOptions.output.manualChu
nks to improve chunking: \r\nhttps://rollupjs.org/configuration-options/#output
-manualchunks\r\n- Adjust chunk size limit for this warning via build.chunkSize
WarningLimit.\x1b[39m\r\n\x1b[32m??? built in 6.91s\x1b[39m\r\n',
        message='Command executed successfully.',
        display=[],
        extras=None
    )
)
StepBegin(n=86)
ThinkPart(type='think', think='Build OK. Run tests.', encrypted=None)
ToolCall(
    type='function',
    id='tool_caTiodrFFB1s6oJTb8vSFe96',
    function=FunctionBody(
        name='Shell',
        arguments='{"command": "cd C:\\\\Users\\\\perry\\\\DevProjects\\\\veydr
ia-cartography\\\\.orchestrate\\\\wt\\\\passage-playtester\\\\web; npm test 2>&
1 | tail -10", "timeout": 300}'
    ),
    extras=None
)
StatusUpdate(
    context_usage=0.571563720703125,
    token_usage=TokenUsage(
        input_other=584,
        output=70,
        input_cache_read=149248,
        input_cache_creation=0
    ),
    message_id='chatcmpl-aF8jibhvzb4DtTjCyEEkmZrM'
)
ToolResult(
    tool_call_id='tool_caTiodrFFB1s6oJTb8vSFe96',
    return_value=ToolReturnValue(
        is_error=False,
        output=' \x1b[32m???\x1b[39m src/components/journey-planner/TravelVigne
tte.test.tsx \x1b[2m(\x1b[22m\x1b[2m10 tests\x1b[22m\x1b[2m)\x1b[22m\x1b[90m 12
2\x1b[2mms\x1b[22m\x1b[39m\r\n \x1b[32m???\x1b[39m src/components/MarginaliaCar
touche.test.tsx \x1b[2m(\x1b[22m\x1b[2m3 tests\x1b[22m\x1b[2m)\x1b[22m\x1b[90m 
56\x1b[2mms\x1b[22m\x1b[39m\r\n \x1b[32m???\x1b[39m src/components/MapKey.test.
tsx \x1b[2m(\x1b[22m\x1b[2m7 tests\x1b[22m\x1b[2m)\x1b[22m\x1b[90m 125\x1b[2mms
\x1b[22m\x1b[39m\r\n \x1b[32m???\x1b[39m src/utils/marginalia-overlay.test.ts \
x1b[2m(\x1b[22m\x1b[2m7 tests\x1b[22m\x1b[2m)\x1b[22m\x1b[90m 13\x1b[2mms\x1b[2
2m\x1b[39m\r\n\r\n\x1b[2m Test Files \x1b[22m \x1b[1m\x1b[32m58 passed\x1b[39m\
x1b[22m\x1b[90m (58)\x1b[39m\r\n\x1b[2m      Tests \x1b[22m \x1b[1m\x1b[32m933 
passed\x1b[39m\x1b[22m\x1b[90m (933)\x1b[39m\r\n\x1b[2m   Start at \x1b[22m 12:
13:56\r\n\x1b[2m   Duration \x1b[22m 9.07s\x1b[2m (transform 7.53s, setup 0ms, 
collect 23.48s, tests 2.42s, environment 8.93s, prepare 18.48s)\x1b[22m\r\n\r\n
',
        message='Command executed successfully.',
        display=[],
        extras=None
    )
)
StepBegin(n=87)
ThinkPart(
    type='think',
    think='All tests pass. Let me also re-run the report and playthrough one mo
re time to make sure everything still works after cleanup.',
    encrypted=None
)
ToolCall(
    type='function',
    id='tool_i9rNe1KEK7BXdCvs5QFV2Pgz',
    function=FunctionBody(
        name='Shell',
        arguments='{"command": "cd C:\\\\Users\\\\perry\\\\DevProjects\\\\veydr
ia-cartography\\\\.orchestrate\\\\wt\\\\passage-playtester\\\\web; npx vite-nod
e ../scripts/sim/sim-passage-report.ts --limit 60 2>&1 | head -3", "timeout": 1
20}'
    ),
    extras=None
)
StatusUpdate(
    context_usage=0.5733604431152344,
    token_usage=TokenUsage(
        input_other=543,
        output=104,
        input_cache_read=149760,
        input_cache_creation=0
    ),
    message_id='chatcmpl-vsqO3seo2wwRFZJ2d3njFZdB'
)
ToolResult(
    tool_call_id='tool_i9rNe1KEK7BXdCvs5QFV2Pgz',
    return_value=ToolReturnValue(
        is_error=False,
        output='node.exe : capped: ran 60 of 480 crossings\r\nAt C:\\Program Fi
les\\nodejs\\npx.ps1:29 char:3\r\n+   & $NODE_EXE $NPX_CLI_JS $args\r\n',
        message='Command executed successfully.',
        display=[],
        extras=None
    )
)
StepBegin(n=88)
ThinkPart(type='think', think='Report still works with cap.', encrypted=None)
ToolCall(
    type='function',
    id='tool_MHPSvFrzqNdcj457ZVDmzg4x',
    function=FunctionBody(
        name='Shell',
        arguments='{"command": "cd C:\\\\Users\\\\perry\\\\DevProjects\\\\veydr
ia-cartography\\\\.orchestrate\\\\wt\\\\passage-playtester\\\\web; npm run sim:
passage-play 2>&1 | head -10", "timeout": 120}'
    ),
    extras=None
)
StatusUpdate(
    context_usage=0.5740280151367188,
    token_usage=TokenUsage(
        input_other=206,
        output=75,
        input_cache_read=150272,
        input_cache_creation=0
    ),
    message_id='chatcmpl-zy8VpvSkwj1I3JdJFMq0glyo'
)
ToolResult(
    tool_call_id='tool_MHPSvFrzqNdcj457ZVDmzg4x',
    return_value=ToolReturnValue(
        is_error=False,
        output='\r\n> veydria-cartography-web@0.1.0 sim:passage-play\r\n> vite-
node ../scripts/sim/passage-playthrough.ts --\r\n\r\nnode.exe : Scanning crossi
ngs for a playable signature choice...\r\nAt C:\\Program Files\\nodejs\\npm.ps1
:29 char:3\r\n+   & $NODE_EXE $NPM_CLI_JS $args\r\n+   ~~~~~~~~~~~~~~~~~~~~~~~~
~~~~~\r\n    + CategoryInfo          : NotSpecified: (Scanning crossi...ature c
hoice...:String) [], RemoteException\r\n    + FullyQualifiedErrorId : NativeCom
mandError\r\n',
        message='Command executed successfully.',
        display=[],
        extras=None
    )
)
StepBegin(n=89)
ThinkPart(
    type='think',
    think='Playthrough starts. Good.\n\nNow check git diff one final time and m
ake sure only the expected files are modified.',
    encrypted=None
)
ToolCall(
    type='function',
    id='tool_s35Tt3ndJ9bik2c8Mrgkplvm',
    function=FunctionBody(
        name='Shell',
        arguments='{"command": "cd C:\\\\Users\\\\perry\\\\DevProjects\\\\veydr
ia-cartography\\\\.orchestrate\\\\wt\\\\passage-playtester; git status --short"
, "timeout": 30}'
    ),
    extras=None
)
StatusUpdate(
    context_usage=0.5748710632324219,
    token_usage=TokenUsage(
        input_other=427,
        output=79,
        input_cache_read=150272,
        input_cache_creation=0
    ),
    message_id='chatcmpl-gfUxMJZKZJT5eS7nFShLLaki'
)
ToolResult(
    tool_call_id='tool_s35Tt3ndJ9bik2c8Mrgkplvm',
    return_value=ToolReturnValue(
        is_error=False,
        output=' M scripts/sim/passage-playthrough.ts\n M web/package.json\n?? 
scripts/sim/passage-policies.ts\n?? scripts/sim/passage-run.test.ts\n?? scripts
/sim/passage-run.ts\n?? scripts/sim/sim-passage-report.ts\n',
        message='Command executed successfully.',
        display=[],
        extras=None
    )
)
StepBegin(n=90)
ThinkPart(
    type='think',
    think="Diff scope is correct: only scripts/sim/** and web/package.json.\n\n
Let me also verify the output/sim directory contents. The report file is genera
ted but output/ is probably gitignored. That's fine.\n\nNow, one more thing: I 
should verify that the known-finding regression test in the test file uses the 
exact crossings specified. It does:\n- Kheshkai → Irrah, winter, direct\n- Khes
hkai → Qollari, spring, direct, standard supply\n\nGood.\n\nAlso, the determini
sm test covers three keys (ford, bandits, fever) auto-picked. Good.\n\nNow let 
me think about whether there are any subtle bugs:\n\n1. In `walkWithForks`, aft
er forking and recording instance, I resolve with baseline choice. But `forkIns
tance` calls `passageChoose(state, i)` for each branch from the same pending st
ate. Since passageChoose is pure, state is unchanged. Good. Then I call `passag
eChooseEngine(state, baselineChosen)` to continue. Good.\n\n2. In `playPassage`
, the safety cap is snapshot before the loop. Good.\n\n3. In `forkInstance`, `B
ranchOutcome.totalDays` uses `final.journey.dayNum + final.extraDays`. Good.\n\
n4. In the report, death-march denominator is route-found crossings in group. G
ood.\n\n5. In severe-beat coverage, I count `enc.severity !== 'moderate' && !==
'severe'` - should be `===`? Wait, I wrote:\n```\nif (enc.severity !== 'moderat
e' && enc.severity !== 'severe') continue\n```\nThis skips mild, keeping modera
te+severe. Good.\n\n6. In `sectionPerKeyTables`, I use `Object.keys(SIGNATURE_C
HOICES)` for key order. Good.\n\n7. Dominance uses arrived(1/0), finalWater, fi
nalRations. Ignores totalDays. Good.\n\n8. Dead choice: best-on-no-axis in >=80
% of instances. My `deadFrequency` counts instances where branch is NOT in best
OnAnyAxis. Then deadFrequency / instances >= 0.8 means best-on-no-axis in >=80%
. Good.\n\n9. Markdown safety: `cellMd` replaces `|` and newlines. Used in tabl
e cells. Good.\n\n10. Repetition: fires counted from initial encountersByDay, s
upply-independent. Good.\n\n11. Limit logging: logs to stderr when limit trunca
tes. Good.\n\nOne potential issue: in the report, the `top 10 non-interactive m
oderate+severe beats` - I group by narrative and sort by count desc, narrative 
asc. Good. But I should also maybe include severity? The spec says group by nar
rative. Good.\n\nAnother issue: the report output path uses `resolveRepoRel` wh
ich resolves relative to repo root. Good.\n\nI think we're good. Let me also ch
eck the final content of the test file to make sure it's clean.",
    encrypted=None
)
ToolCall(
    type='function',
    id='tool_hPL8LaQ6ZzXZNlXfR7ADFWzE',
    function=FunctionBody(
        name='ReadFile',
        arguments='{"path": "C:\\\\Users\\\\perry\\\\DevProjects\\\\veydria-car
tography\\\\.orchestrate\\\\wt\\\\passage-playtester\\\\scripts\\\\sim\\\\passa
ge-run.test.ts"}'
    ),
    extras=None
)
StatusUpdate(
    context_usage=0.5754585266113281,
    token_usage=TokenUsage(
        input_other=325,
        output=659,
        input_cache_read=150528,
        input_cache_creation=0
    ),
    message_id='chatcmpl-vB0Hdx2FpBN8uwDJvN1fFpEX'
)
ToolResult(
    tool_call_id='tool_hPL8LaQ6ZzXZNlXfR7ADFWzE',
    return_value=ToolOk(
        is_error=False,
        output="     1\t/**\n     2\t * passage-run.test.ts — Choice-layer harn
ess correctness + known-finding regression.\n     3\t */\n     4\t\n     5\timp
ort { describe, it, expect } from 'vitest'\n     6\t\n     7\timport { SIGNATUR
E_CHOICES } from '../../web/src/utils/passage'\n     8\timport {\n     9\t  CIV
S,\n    10\t  SEASONS,\n    11\t  STANDARD_SUPPLY,\n    12\t  CARAVAN_SUPPLY,\n
   13\t  PASSAGE_PARTY,\n    14\t  makePassageOpts,\n    15\t  initPassage,\n  
 16\t  passageAct,\n    17\t  playPassage,\n    18\t  forkInstance,\n    19\t  
walkWithForks,\n    20\t  countSignatureFiresPerCrossing,\n    21\t  allInitial
Encounters,\n    22\t  computeInstanceDominance,\n    23\t  computeDifferentiat
ion,\n    24\t  countDistinctOutcomes,\n    25\t  median,\n    26\t  loadGraph,
\n    27\t} from './passage-run'\n    28\timport {\n    29\t  survive,\n    30\
t  cautious,\n    31\t  DOWNSTREAM_BASE,\n    32\t  DOWNSTREAM_CHOICE,\n    33\
t} from './passage-policies'\n    34\timport type { BranchOutcome, PassageState
} from './passage-run'\n    35\timport type { Season, RouteMode } from '../../w
eb/src/utils/journey-graph'\n    36\t\n    37\tconst graph = loadGraph()\n    3
8\t\n    39\t/* ─── Helpers ─── */\n    40\t\n    41\tfunction firstPendingWith
Key(key: string): { state: PassageState; key: string } | null {\n    42\t  cons
t modes: RouteMode[] = ['direct', 'cheapest', 'fastest', 'safest']\n    43\t  f
or (const from of CIVS) {\n    44\t    for (const to of CIVS) {\n    45\t      
if (from === to) continue\n    46\t      for (const season of SEASONS) {\n    4
7\t        for (const mode of modes) {\n    48\t          const opts = makePass
ageOpts(graph, from, to, season, mode, CARAVAN_SUPPLY, PASSAGE_PARTY)\n    49\t
         if (!opts) continue\n    50\t          let state = initPassage(opts)\n
   51\t          const cap = (state.journey.totalDays + 1) * 3\n    52\t       
  let safety = cap\n    53\t          while (state.outcome === 'in-progress' &&
safety-- > 0) {\n    54\t            if (state.pending) {\n    55\t            
 if (state.pending.encounter.key === key) {\n    56\t                return { s
tate, key }\n    57\t              }\n    58\t              // Resolve the non-
matching choice and keep stepping so we can catch later ones.\n    59\t        
     state = playPassage(state, survive, cautious).state\n    60\t             
continue\n    61\t            }\n    62\t            const before = state\n    
63\t            state = passageAct(state, survive(state))\n    64\t            
if (state === before) break\n    65\t          }\n    66\t        }\n    67\t  
   }\n    68\t    }\n    69\t  }\n    70\t  return null\n    71\t}\n    72\t\n 
  73\t/* ─── Determinism of fork ─── */\n    74\t\n    75\tdescribe('fork deter
minism', () => {\n    76\t  for (const key of Object.keys(SIGNATURE_CHOICES)) {
\n    77\t    it(`forkInstance is deterministic and non-mutating for ${key}`, (
) => {\n    78\t      const found = firstPendingWithKey(key)\n    79\t      exp
ect(found).not.toBeNull()\n    80\t      const pending = found!.state\n    81\t
     const before = {\n    82\t        rationsLeft: pending.journey.rationsLeft
,\n    83\t        waterLeft: pending.journey.waterLeft,\n    84\t        dayNu
m: pending.journey.dayNum,\n    85\t      }\n    86\t      const run1 = forkIns
tance(pending, DOWNSTREAM_BASE, DOWNSTREAM_CHOICE)\n    87\t      const run2 = 
forkInstance(pending, DOWNSTREAM_BASE, DOWNSTREAM_CHOICE)\n    88\t      expect
(run1).toEqual(run2)\n    89\t      expect(pending.journey.rationsLeft).toBe(be
fore.rationsLeft)\n    90\t      expect(pending.journey.waterLeft).toBe(before.
waterLeft)\n    91\t      expect(pending.journey.dayNum).toBe(before.dayNum)\n 
  92\t    })\n    93\t  }\n    94\t})\n    95\t\n    96\t/* ─── Metric helpers 
─── */\n    97\t\n    98\tdescribe('metric helpers on synthetic branches', () =
> {\n    99\t  const branches: BranchOutcome[] = [\n   100\t    { index: 0, lab
el: 'A', risk: 'none', outcome: 'arrived', finalRations: 8, finalWater: 5, tota
lDays: 12 },\n   101\t    { index: 1, label: 'B', risk: 'minor', outcome: 'arri
ved', finalRations: 6, finalWater: 5, totalDays: 11 },\n   102\t    { index: 2,
label: 'C', risk: 'grave', outcome: 'perished', finalRations: 2, finalWater: 1,
totalDays: 9 },\n   103\t  ]\n   104\t\n   105\t  it('dominance picks branch th
at is ≥ others on arrived/water/rations', () => {\n   106\t    const dom = comp
uteInstanceDominance(branches)\n   107\t    // Branch A dominates: arrived tie,
best rations, best water (vs B and C).\n   108\t    expect(dom.dominantIndex).t
oBe(0)\n   109\t  })\n   110\t\n   111\t  it('dead branches are those best-on-n
o-axis', () => {\n   112\t    const dom = computeInstanceDominance(branches)\n 
 113\t    // Branch A best rations and tied best water; B tied best water; C no
t best on any counted axis.\n   114\t    expect(dom.bestOnAnyAxis.has(0)).toBe(
true)\n   115\t    expect(dom.bestOnAnyAxis.has(1)).toBe(true)\n   116\t    exp
ect(dom.bestOnAnyAxis.has(2)).toBe(false)\n   117\t  })\n   118\t\n   119\t  it
('differentiation computes max-min ranges', () => {\n   120\t    const diff = c
omputeDifferentiation(branches)\n   121\t    expect(diff.waterRange).toBe(5 - 1
)\n   122\t    expect(diff.rationsRange).toBe(8 - 2)\n   123\t  })\n   124\t\n 
 125\t  it('impact counts distinct outcomes', () => {\n   126\t    expect(count
DistinctOutcomes(branches)).toBe(2)\n   127\t  })\n   128\t\n   129\t  it('medi
an handles odd and even counts', () => {\n   130\t    expect(median([1, 2, 3]))
.toBe(2)\n   131\t    expect(median([1, 2, 3, 4])).toBe(2.5)\n   132\t    expec
t(median([])).toBe(0)\n   133\t  })\n   134\t})\n   135\t\n   136\t/* ─── Known
-finding regression ─── */\n   137\t\n   138\tdescribe('known-finding regressio
n', () => {\n   139\t  it('Kheshkai → Irrah, winter, direct buckets bandits ≥2×
and lists customs raid + plague quarantine as non-interactive severe beats', ()
=> {\n   140\t    const opts = makePassageOpts(graph, 'kheshkai', 'irrah', 'win
ter', 'direct', STANDARD_SUPPLY, PASSAGE_PARTY)\n   141\t    expect(opts).not.t
oBeNull()\n   142\t    const state0 = initPassage(opts!)\n   143\t    const fir
es = countSignatureFiresPerCrossing(state0)\n   144\t    expect((fires.get('ban
dits') ?? 0)).toBeGreaterThanOrEqual(2)\n   145\t\n   146\t    const signatureK
eys = new Set(Object.keys(SIGNATURE_CHOICES))\n   147\t    const nonInteractive
Severe = allInitialEncounters(state0).filter(\n   148\t      e => (e.severity =
== 'moderate' || e.severity === 'severe') && !(e.key && signatureKeys.has(e.key
)),\n   149\t    )\n   150\t    const narratives = nonInteractiveSevere.map(e =
> e.narrative)\n   151\t    expect(narratives.some(n => n.includes('Basin custo
ms raid'))).toBe(true)\n   152\t    expect(narratives.some(n => n.includes('Pla
gue-quarantine'))).toBe(true)\n   153\t  })\n   154\t\n   155\t  it('Kheshkai →
Qollari, spring, direct, standard supply dies/aborts with zero signature choice
s', () => {\n   156\t    const opts = makePassageOpts(graph, 'kheshkai', 'qolla
ri', 'spring', 'direct', STANDARD_SUPPLY, PASSAGE_PARTY)\n   157\t    expect(op
ts).not.toBeNull()\n   158\t    const state0 = initPassage(opts!)\n   159\t    
const { state, choices } = playPassage(state0, survive, cautious)\n   160\t    
expect(['perished', 'aborted']).toContain(state.outcome)\n   161\t    expect(ch
oices.length).toBe(0)\n   162\t  })\n   163\t})\n   164\t\n   165\t/* ─── walkW
ithForks smoke ─── */\n   166\t\n   167\tdescribe('walkWithForks', () => {\n   
168\t  it('records an instance for each signature choice presented by the basel
ine', () => {\n   169\t    const opts = makePassageOpts(graph, 'kheshkai', 'irr
ah', 'winter', 'direct', CARAVAN_SUPPLY, PASSAGE_PARTY)\n   170\t    expect(opt
s).not.toBeNull()\n   171\t    const state0 = initPassage(opts!)\n   172\t    c
onst { finalState, instances } = walkWithForks(\n   173\t      state0,\n   174\
t      survive,\n   175\t      cautious,\n   176\t      DOWNSTREAM_BASE,\n   17
7\t      DOWNSTREAM_CHOICE,\n   178\t    )\n   179\t    expect(finalState.outco
me).not.toBe('in-progress')\n   180\t    expect(instances.length).toBeGreaterTh
an(0)\n   181\t    for (const inst of instances) {\n   182\t      expect(inst.b
ranches.length).toBeGreaterThan(1)\n   183\t      expect(inst.baselineChosen).t
oBeGreaterThanOrEqual(0)\n   184\t      expect(inst.baselineChosen).toBeLessTha
n(inst.offered)\n   185\t    }\n   186\t  })\n   187\t})\n",
        message='187 lines read from file starting from line 1. End of file rea
ched.',
        display=[],
        extras=None
    )
)
StepBegin(n=91)
ThinkPart(
    type='think',
    think='Test file looks clean.\n\nOne more concern: the variable `nonInterac
tiveSevere` in the test - I named it that, but the spec says "non-interactive s
evere beats". Actually I used `nonInteractiveSevere` as variable name but it in
cludes moderate+severe. The test assertion is correct. Fine.\n\nNow let me also
verify the final passage-run.ts is clean.',
    encrypted=None
)
ToolCall(
    type='function',
    id='tool_idNR7emeS9je9A3zQn4hQYWY',
    function=FunctionBody(
        name='ReadFile',
        arguments='{"path": "C:\\\\Users\\\\perry\\\\DevProjects\\\\veydria-car
tography\\\\.orchestrate\\\\wt\\\\passage-playtester\\\\scripts\\\\sim\\\\passa
ge-run.ts", "line_offset": 1, "n_lines": 120}'
    ),
    extras=None
)
StatusUpdate(
    context_usage=0.5873908996582031,
    token_usage=TokenUsage(
        input_other=3197,
        output=146,
        input_cache_read=150784,
        input_cache_creation=0
    ),
    message_id='chatcmpl-FYvjf1rN9iJQEPeLK5dTfDDs'
)
ToolResult(
    tool_call_id='tool_idNR7emeS9je9A3zQn4hQYWY',
    return_value=ToolOk(
        is_error=False,
        output="     1\t/**\n     2\t * passage-run.ts — Shared Passage-mode ha
rness code path.\n     3\t *\n     4\t * Mirrors `run-journey.ts`: pure utiliti
es for playing a Passage-mode crossing\n     5\t * with pluggable base + choice
policies, plus the counterfactual fork machinery\n     6\t * used by the batch 
report to measure choice quality.\n     7\t *\n     8\t * Design constraints (n
on-negotiable):\n     9\t *  - No cloning of JourneyState / PassageState. The e
ngine functions are pure on\n    10\t *    their inputs, so we fork by calling 
them repeatedly from the same state.\n    11\t *  - Engine + passage.ts stay by
te-for-byte untouched. This file is additive only.\n    12\t */\n    13\t\n    
14\timport { fileURLToPath } from 'node:url'\n    15\timport { dirname, resolve
, isAbsolute } from 'node:path'\n    16\t\n    17\timport {\n    18\t  findRout
eWithFallback,\n    19\t  type PartyConfig,\n    20\t  type Season,\n    21\t  
type RouteMode,\n    22\t} from '../../web/src/utils/journey-graph'\n    23\tim
port {\n    24\t  type JourneyState,\n    25\t  type JourneyStateOpts,\n    26\
t  type Action,\n    27\t} from '../../web/src/utils/journey-days'\n    28\timp
ort {\n    29\t  initPassage as initPassageFromEngine,\n    30\t  passageAct as
passageActEngine,\n    31\t  passageChoose as passageChooseEngine,\n    32\t  S
IGNATURE_CHOICES,\n    33\t  type PassageState as PassageStateT,\n    34\t  typ
e PendingEncounter as PendingEncounterT,\n    35\t  type EncounterChoice as Enc
ounterChoiceT,\n    36\t  type PassageOutcome as PassageOutcomeT,\n    37\t} fr
om '../../web/src/utils/passage'\n    38\t\n    39\ttype PassageState = Passage
StateT\n    40\ttype PendingEncounter = PendingEncounterT\n    41\ttype Encount
erChoice = EncounterChoiceT\n    42\ttype PassageOutcome = PassageOutcomeT\n   
43\t\n    44\texport type { PassageState, PendingEncounter, EncounterChoice, Pa
ssageOutcome }\n    45\timport type { Encounter } from '../../web/src/utils/enc
ounters'\n    46\timport { buildGraphFromGeojson, getResupplyTier, type Graph }
from './run-journey'\n    47\t\n    48\texport type Graph = Graph\n    49\texpo
rt { getResupplyTier }\n    50\t\n    51\texport function repoRoot(): string {\
n    52\t  const here = dirname(fileURLToPath(import.meta.url))\n    53\t  retu
rn resolve(here, '../..')\n    54\t}\n    55\t\n    56\texport function resolve
RepoRel(p: string): string {\n    57\t  return isAbsolute(p) ? p : resolve(repo
Root(), p)\n    58\t}\n    59\t\n    60\t/* ─── Public types ─── */\n    61\t\n
   62\texport type ChoicePolicy = (pending: PendingEncounter, journey: JourneyS
tate) => number\n    63\texport type BasePolicy = (state: PassageState) => Acti
on\n    64\t\n    65\texport interface ResolvedChoice {\n    66\t  key: string\
n    67\t  day: number\n    68\t  chosenIndex: number\n    69\t  offered: numbe
r\n    70\t}\n    71\t\n    72\texport interface BranchOutcome {\n    73\t  ind
ex: number\n    74\t  label: string\n    75\t  risk: 'none' | 'minor' | 'grave'
\n    76\t  outcome: PassageOutcome\n    77\t  finalRations: number\n    78\t  
finalWater: number\n    79\t  totalDays: number\n    80\t}\n    81\t\n    82\te
xport interface Instance {\n    83\t  key: string\n    84\t  day: number\n    8
5\t  offered: number\n    86\t  branches: BranchOutcome[]\n    87\t  baselineCh
osen: number\n    88\t}\n    89\t\n    90\t/* ─── Supply / party presets ─── */
\n    91\t\n    92\texport const PASSAGE_PARTY: PartyConfig = {\n    93\t  pace
: 'normal',\n    94\t  mount: 'foot',\n    95\t  size: 'medium',\n    96\t  for
cedMarch: false,\n    97\t}\n    98\t\n    99\texport const STANDARD_SUPPLY = {
\n   100\t  rationsPerPerson: 12,\n   101\t  waterPerPerson: 6,\n   102\t  encu
mbrance: 'normal' as const,\n   103\t  packAnimals: 'none' as const,\n   104\t}
\n   105\t\n   106\texport const CARAVAN_SUPPLY = {\n   107\t  rationsPerPerson
: 12,\n   108\t  waterPerPerson: 6,\n   109\t  encumbrance: 'normal' as const,\
n   110\t  packAnimals: 'caravan' as const,\n   111\t}\n   112\t\n   113\texpor
t const SUPPLY_PRESETS: Record<string, typeof STANDARD_SUPPLY> = {\n   114\t  s
tandard: STANDARD_SUPPLY,\n   115\t  caravan: CARAVAN_SUPPLY,\n   116\t}\n   11
7\t\n   118\texport const CIVS = ['ngaru_bon', 'irrah', 'kheshkai', 'qollari', 
'ndjadi', 'oravan']\n   119\texport const SEASONS: Season[] = ['spring', 'summe
r', 'autumn', 'winter']\n   120\t\n",
        message='120 lines read from file starting from line 1.',
        display=[],
        extras=None
    )
)
StepBegin(n=92)
ThinkPart(
    type='think',
    think="The import `import type { Encounter }` is on line 45 after the `expo
rt type` block. That's a bit stylistically odd but valid. Let me move it to the
top imports for cleanliness.",
    encrypted=None
)
ToolCall(
    type='function',
    id='tool_yoAUNW2qzVzWeJ0Qa4uoyys4',
    function=FunctionBody(
        name='StrReplaceFile',
        arguments='{"path": "C:\\\\Users\\\\perry\\\\DevProjects\\\\veydria-car
tography\\\\.orchestrate\\\\wt\\\\passage-playtester\\\\scripts\\\\sim\\\\passa
ge-run.ts", "edit": {"old": "export type { PassageState, PendingEncounter, Enco
unterChoice, PassageOutcome }\\nimport type { Encounter } from \'../../web/src/
utils/encounters\'\\nimport { buildGraphFromGeojson, getResupplyTier, type Grap
h } from \'./run-journey\'\\n", "new": "export type { PassageState, PendingEnco
unter, EncounterChoice, PassageOutcome }\\nimport type { Encounter } from \'../
../web/src/utils/encounters\'\\nimport { buildGraphFromGeojson, getResupplyTier
, type Graph } from \'./run-journey\'\\n"}}'
    ),
    extras=None
)
StatusUpdate(
    context_usage=0.5928611755371094,
    token_usage=TokenUsage(
        input_other=1559,
        output=223,
        input_cache_read=153856,
        input_cache_creation=0
    ),
    message_id='chatcmpl-MhYHINO8GzmGeiYuz1W9pHbM'
)
ToolResult(
    tool_call_id='tool_yoAUNW2qzVzWeJ0Qa4uoyys4',
    return_value=ToolError(
        is_error=True,
        output='',
        message='No replacements were made. The old string was not found in the
file.',
        display=[
            BriefDisplayBlock(type='brief', text='No replacements made')
        ],
        extras=None
    )
)
StepBegin(n=93)
ThinkPart(
    type='think',
    think="Actually the string is there. Maybe the issue is line endings? Let m
e not worry about it; it's valid. The import after exports is allowed.\n\nActua
lly, I want to move `import type { Encounter }` to the top. Let me do it with a
different approach.",
    encrypted=None
)
ToolCall(
    type='function',
    id='tool_uDpVrBMAbSE6M9PZ3fnmo5gh',
    function=FunctionBody(
        name='StrReplaceFile',
        arguments='{"path": "C:\\\\Users\\\\perry\\\\DevProjects\\\\veydria-car
tography\\\\.orchestrate\\\\wt\\\\passage-playtester\\\\scripts\\\\sim\\\\passa
ge-run.ts", "edit": [{"old": "import {\\n  type JourneyState,\\n  type JourneyS
tateOpts,\\n  type Action,\\n} from \'../../web/src/utils/journey-days\'\\n", "
new": "import {\\n  type JourneyState,\\n  type JourneyStateOpts,\\n  type Acti
on,\\n} from \'../../web/src/utils/journey-days\'\\nimport type { Encounter } f
rom \'../../web/src/utils/encounters\'\\n"}, {"old": "export type { PassageStat
e, PendingEncounter, EncounterChoice, PassageOutcome }\\nimport type { Encounte
r } from \'../../web/src/utils/encounters\'\\nimport { buildGraphFromGeojson, g
etResupplyTier, type Graph } from \'./run-journey\'\\n", "new": "export type { 
PassageState, PendingEncounter, EncounterChoice, PassageOutcome }\\nimport { bu
ildGraphFromGeojson, getResupplyTier, type Graph } from \'./run-journey\'\\n"}]
}'
    ),
    extras=None
)
StatusUpdate(
    context_usage=0.5938644409179688,
    token_usage=TokenUsage(
        input_other=286,
        output=312,
        input_cache_read=155392,
        input_cache_creation=0
    ),
    message_id='chatcmpl-UmITsYhio2iikHhlXzUedGrg'
)
ToolResult(
    tool_call_id='tool_uDpVrBMAbSE6M9PZ3fnmo5gh',
    return_value=ToolReturnValue(
        is_error=False,
        output='',
        message='File successfully edited. Applied 2 edit(s) with 2 total repla
cement(s).',
        display=[
            DiffDisplayBlock(
                type='diff',
                path='C:\\Users\\perry\\DevProjects\\veydria-cartography\\.orch
estrate\\wt\\passage-playtester\\scripts\\sim\\passage-run.ts',
                old_text="  type JourneyStateOpts,\n  type Action,\n} from '../
../web/src/utils/journey-days'\nimport {\n  initPassage as initPassageFromEngin
e,\n  passageAct as passageActEngine,",
                new_text="  type JourneyStateOpts,\n  type Action,\n} from '../
../web/src/utils/journey-days'\nimport type { Encounter } from '../../web/src/u
tils/encounters'\nimport {\n  initPassage as initPassageFromEngine,\n  passageA
ct as passageActEngine,"
            ),
            DiffDisplayBlock(
                type='diff',
                path='C:\\Users\\perry\\DevProjects\\veydria-cartography\\.orch
estrate\\wt\\passage-playtester\\scripts\\sim\\passage-run.ts',
                old_text="type PassageOutcome = PassageOutcomeT\n\nexport type 
{ PassageState, PendingEncounter, EncounterChoice, PassageOutcome }\nimport typ
e { Encounter } from '../../web/src/utils/encounters'\nimport { buildGraphFromG
eojson, getResupplyTier, type Graph } from './run-journey'\n\nexport type Graph
= Graph",
                new_text="type PassageOutcome = PassageOutcomeT\n\nexport type 
{ PassageState, PendingEncounter, EncounterChoice, PassageOutcome }\nimport { b
uildGraphFromGeojson, getResupplyTier, type Graph } from './run-journey'\n\nexp
ort type Graph = Graph"
            )
        ],
        extras=None
    )
)
StepBegin(n=94)
ThinkPart(
    type='think',
    think='Now run typecheck/tests one more time to confirm.',
    encrypted=None
)
ToolCall(
    type='function',
    id='tool_oo0l9elXFLDN0MtU3w6vlpMM',
    function=FunctionBody(
        name='Shell',
        arguments='{"command": "cd C:\\\\Users\\\\perry\\\\DevProjects\\\\veydr
ia-cartography\\\\.orchestrate\\\\wt\\\\passage-playtester\\\\web; npm run buil
d 2>&1 | tail -5", "timeout": 120}'
    ),
    extras=None
)
StatusUpdate(
    context_usage=0.5952072143554688,
    token_usage=TokenUsage(
        input_other=382,
        output=76,
        input_cache_read=155648,
        input_cache_creation=0
    ),
    message_id='chatcmpl-Z9z1uwUWpAfEPMGMBkYCSOVv'
)
ToolResult(
    tool_call_id='tool_oo0l9elXFLDN0MtU3w6vlpMM',
    return_value=ToolReturnValue(
        is_error=False,
        output='- Using dynamic import() to code-split the application\r\n- Use
build.rollupOptions.output.manualChunks to improve chunking: \r\nhttps://rollup
js.org/configuration-options/#output-manualchunks\r\n- Adjust chunk size limit 
for this warning via build.chunkSizeWarningLimit.\x1b[39m\r\n\x1b[32m??? built 
in 7.44s\x1b[39m\r\n',
        message='Command executed successfully.',
        display=[],
        extras=None
    )
)
StepBegin(n=95)
ThinkPart(type='think', think='Build OK. Run tests.', encrypted=None)
ToolCall(
    type='function',
    id='tool_zvxUyCKQ0pzNedKFaWTtHQUU',
    function=FunctionBody(
        name='Shell',
        arguments='{"command": "cd C:\\\\Users\\\\perry\\\\DevProjects\\\\veydr
ia-cartography\\\\.orchestrate\\\\wt\\\\passage-playtester\\\\web; npm test 2>&
1 | tail -6", "timeout": 300}'
    ),
    extras=None
)
StatusUpdate(
    context_usage=0.5958709716796875,
    token_usage=TokenUsage(
        input_other=300,
        output=70,
        input_cache_read=155904,
        input_cache_creation=0
    ),
    message_id='chatcmpl-6jkz4tJf7E43Trn1sBwwgxqZ'
)
ToolResult(
    tool_call_id='tool_zvxUyCKQ0pzNedKFaWTtHQUU',
    return_value=ToolReturnValue(
        is_error=False,
        output='\r\n\x1b[2m Test Files \x1b[22m \x1b[1m\x1b[32m58 passed\x1b[39
m\x1b[22m\x1b[90m (58)\x1b[39m\r\n\x1b[2m      Tests \x1b[22m \x1b[1m\x1b[32m93
3 passed\x1b[39m\x1b[22m\x1b[90m (933)\x1b[39m\r\n\x1b[2m   Start at \x1b[22m 1
2:15:58\r\n\x1b[2m   Duration \x1b[22m 11.86s\x1b[2m (transform 16.12s, setup 0
ms, collect 39.10s, tests 2.57s, environment 10.49s, prepare 20.65s)\x1b[22m\r\
n\r\n',
        message='Command executed successfully.',
        display=[],
        extras=None
    )
)
StepBegin(n=96)
ThinkPart(
    type='think',
    think='All 933 tests pass.\n\nLet me update the todo list to mark everythin
g done.',
    encrypted=None
)
ToolCall(
    type='function',
    id='tool_6U5wBWhV8ynZX5yHCllNoSXP',
    function=FunctionBody(
        name='SetTodoList',
        arguments='{"todos": [{"title": "Implement passage-run.ts core runner +
fork logic", "status": "done"}, {"title": "Implement passage-policies.ts regist
ry", "status": "done"}, {"title": "Implement sim-passage-report.ts batch evalua
tor", "status": "done"}, {"title": "Generalize passage-playthrough.ts", "status
": "done"}, {"title": "Implement passage-run.test.ts tests", "status": "done"},
{"title": "Add package.json scripts", "status": "done"}, {"title": "Run tests +
report CLI acceptance", "status": "done"}]}'
    ),
    extras=None
)
ToolResult(
    tool_call_id='tool_6U5wBWhV8ynZX5yHCllNoSXP',
    return_value=ToolReturnValue(
        is_error=False,
        output='',
        message='Todo list updated',
        display=[
            TodoDisplayBlock(
                type='todo',
                items=[
                    TodoDisplayItem(
                        title='Implement passage-run.ts core runner + fork logi
c',
                        status='done'
                    ),
                    TodoDisplayItem(
                        title='Implement passage-policies.ts registry',
                        status='done'
                    ),
                    TodoDisplayItem(
                        title='Implement sim-passage-report.ts batch evaluator'
,
                        status='done'
                    ),
                    TodoDisplayItem(
                        title='Generalize passage-playthrough.ts',
                        status='done'
                    ),
                    TodoDisplayItem(
                        title='Implement passage-run.test.ts tests',
                        status='done'
                    ),
                    TodoDisplayItem(
                        title='Add package.json scripts',
                        status='done'
                    ),
                    TodoDisplayItem(
                        title='Run tests + report CLI acceptance',
                        status='done'
                    )
                ]
            )
        ],
        extras=None
    )
)
StatusUpdate(
    context_usage=0.5967979431152344,
    token_usage=TokenUsage(
        input_other=287,
        output=157,
        input_cache_read=156160,
        input_cache_creation=0
    ),
    message_id='chatcmpl-R5mS3Ia8WQhgO7GhBVCu237o'
)
StepBegin(n=97)
ThinkPart(
    type='think',
    think='Now provide a summary to the user.',
    encrypted=None
)
TextPart(
    type='text',
    text='Implemented the Passage Playtester harness per spec. All acceptance c
riteria are met:\n\n**Deliverables added**\n- `scripts/sim/passage-run.ts` — sh
ared runner, counterfactual fork, metric helpers\n- `scripts/sim/passage-polici
es.ts` — choice policies (`first`, `cautious`, `aggressive`, `spendy`) + base p
olicies (`survive`, `headlong`)\n- `scripts/sim/sim-passage-report.ts` — batch 
evaluator writing `output/sim/passage-report.md`\n- `scripts/sim/passage-playth
rough.ts` — generalized journal emitter (`--from/--to/--season/--mode` or auto-
scan)\n- `scripts/sim/passage-run.test.ts` — determinism, metric, and pinned-re
gression tests\n- `web/package.json` — added `sim:passage` and `sim:passage-pla
y`\n\n**Verification**\n- `npm run build` clean (`tsc -b` + vite build)\n- Full
test suite: **933 passed** (58 files), no new failures\n- `npm run sim:passage-
play` exits 0 and prints a journal with signature choices + ending\n- `npx vite
-node ../scripts/sim/sim-passage-report.ts --limit 60` writes the report and lo
gs `capped: ran 60 of 480 crossings` to stderr\n- Report contains all required 
sections including `bandits` per-key table and non-empty severe-beat list\n- `g
it status` shows changes only in `scripts/sim/**` and `web/package.json`\n- No 
`structuredClone` of journey/passage state anywhere\n\n**Known environmental no
te**\nOn this Windows/PowerShell environment, `npm run <script> -- --limit 60` 
strips the `--limit` flag (affects all npm scripts in the project). The script 
itself correctly handles `--limit` when args reach it, as verified via direct `
npx vite-node`.'
)
StatusUpdate(
    context_usage=0.5974998474121094,
    token_usage=TokenUsage(
        input_other=215,
        output=408,
        input_cache_read=156416,
        input_cache_creation=0
    ),
    message_id='chatcmpl-j3rsOl0bc5yDNXZiunahuLKd'
)
TurnEnd()
